dw_true,dw_pred,dw_pred_round,hit,conf,a_dist,b_dist
1.0,28.0,28.0,False,1.373416744172573,7.526971005058165,14.131361887445431
1.0,3.0,3.0,False,3.5784764885902405,12.135236528666816,8.118020214144925
1.0,32.0,32.0,False,3.255496561527252,2.6446855914156235,8.682359231015857
1.0,5.0,5.0,False,2.2263239920139313,35.35309308021202,18.10322578305981
1.0,-22.0,-22.0,False,2.072601318359375,23.667598123980643,13.961274401800262
1.0,-17.0,-17.0,False,1.2168758511543274,14.714737460626209,23.91676402542909
1.0,10.0,10.0,False,2.6126922369003296,21.002573582216442,8.682359231015857
1.0,3.0,3.0,False,2.6510050296783447,29.307705306098992,13.414233020549556
1.0,18.0,18.0,False,1.5454643964767456,29.916554380824223,29.97094400308464
1.0,15.0,15.0,False,2.990741938352585,28.436787422390914,36.52262250511153
1.0,-39.0,-39.0,False,3.817733407020569,34.56883758329678,22.989386141273712
1.0,53.0,53.0,False,2.9355084896087646,34.24588349935816,26.97766156999899
1.0,-1.0,-1.0,False,1.0645508170127869,18.483624634139908,15.264616699654326
1.0,14.0,14.0,False,1.8196210861206055,32.34478887833755,11.405957194711362
1.0,-7.0,-7.0,False,3.3663032054901123,17.650246063548824,23.64526692746963
1.0,-22.0,-22.0,False,2.885269522666931,23.667598123980643,8.118020214144925
1.0,-25.0,-25.0,False,3.3949506878852844,25.177079840078388,19.098458915972458
1.0,27.0,27.0,False,1.7819624245166779,37.221840935900396,23.602505505640686
1.0,9.0,9.0,False,2.426958382129669,31.899505171331125,24.873326921028504
1.0,5.0,5.0,False,2.5020418763160706,22.568317117820673,29.987204620445805
1.0,2.0,2.0,False,3.0043410062789917,18.483624634139908,23.91676402542909
1.0,14.0,14.0,False,2.072601318359375,21.173642198069864,13.961274401800262
1.0,78.0,78.0,False,2.4927969574928284,29.39335240835931,33.40389238393791
1.0,34.0,34.0,False,3.7930516451597214,28.241703536871686,10.031491285613026
1.0,-43.0,-43.0,False,1.4795578718185425,30.039700306643198,21.187276203245137
1.0,28.0,28.0,False,2.7055443078279495,16.583171453915885,34.26128457720357
1.0,-18.0,-18.0,False,1.2168758511543274,14.714737460626209,31.170176493708304
1.0,-34.0,-34.0,False,1.9826471507549286,36.24784692092191,15.911331534205623
1.0,0.0,0.0,False,3.3996951580047607,21.97527050420336,36.52262250511153
1.0,-28.0,-28.0,False,1.4564008712768555,5.803615548102388,18.376355698586874
1.0,4.0,4.0,False,1.8226872682571411,24.526909511007148,34.47989820797226
1.0,3.0,3.0,False,2.1182114481925964,30.798240859711377,36.32615507301751
1.0,43.0,43.0,False,2.990741938352585,28.436787422390914,22.709857527883514
1.0,-26.0,-26.0,False,1.9826471507549286,3.0582732011945124,15.911331534205623
1.0,-19.0,-19.0,False,4.825845181941986,24.659907583417766,14.652525633962169
1.0,17.0,17.0,False,4.245487987995148,14.36007804934402,18.10322578305981
1.0,-33.0,-33.0,False,0.5817304030060768,26.19546307600997,5.505913503109466
1.0,1.0,1.0,True,2.072601318359375,0.4773513019170415,13.961274401800262
1.0,13.0,13.0,False,3.166866660118103,15.920123032904378,17.000455429484102
1.0,43.0,43.0,False,4.116369307041168,34.55536317175504,8.224611462167273
1.0,65.0,65.0,False,5.273885488510132,31.633113739998713,22.709857527883514
1.0,-14.0,-14.0,False,4.344176352024078,16.023411431330878,30.479435538624625
1.0,-1.0,-1.0,False,2.602371633052826,12.40666232636991,36.163770363386504
1.0,50.0,50.0,False,3.0043410062789917,18.483624634139908,22.709857527883514
1.0,24.0,24.0,False,2.4345803260803223,29.244988232181587,13.54448294282497
1.0,-3.0,-3.0,False,2.426958382129669,12.15804232448886,24.873326921028504
1.0,-28.0,-28.0,False,2.4881948828697205,22.71795375850635,33.50127260438447
1.0,19.0,19.0,False,2.903534412384033,31.899505171331125,31.57989724993524
1.0,-22.0,-22.0,False,0.7500472813844681,28.436787422390914,25.450874205678122
1.0,-29.0,-29.0,False,2.812972366809845,17.650246063548824,32.824995353797185
1.0,-42.0,-42.0,False,1.7537974417209625,19.44587090603528,35.165772364907724
1.0,-22.0,-22.0,False,1.0645508170127869,27.54619948521214,15.264616699654326
1.0,-3.0,-3.0,False,2.7522983103990555,11.429177847168493,34.28624739686573
1.0,38.0,38.0,False,2.2988290190696716,21.00143445883193,35.26936879565809
1.0,7.0,7.0,False,3.833266019821167,7.388071147185773,31.049782496380065
1.0,10.0,10.0,False,3.333182454109192,13.525976126767516,5.750422254897386
1.0,-21.0,-21.0,False,4.739355236291885,11.891524893635781,28.94104067931571
1.0,29.0,29.0,False,3.2149378061294556,16.583171453915885,20.93801241575043
1.0,-7.0,-7.0,False,1.8226872682571411,24.526909511007148,33.50127260438447
1.0,15.0,15.0,False,1.4411078095436096,12.135236528666816,22.33853809952272
1.0,16.0,16.0,False,2.5348986983299255,12.675361276026148,14.635311078361559
1.0,-5.0,-5.0,False,1.2722892761230469,33.506666801150054,10.730128396395694
1.0,33.0,33.0,False,3.2149378061294556,16.583171453915885,37.241384649215455
1.0,-5.0,-5.0,False,2.0592445135116577,2.45332559142066,8.682359231015857
1.0,-5.0,-5.0,False,1.6362577676773071,0.49670564656405236,32.824995353797185
1.0,-2.0,-2.0,False,2.5348986983299255,12.675361276026148,17.000455429484102
1.0,-11.0,-11.0,False,4.565477699041367,24.659907583417766,37.098349770503
1.0,35.0,35.0,False,2.527928948402405,8.537009282901003,27.67453498484116
1.0,-33.0,-33.0,False,0.7500472813844681,25.650153268575533,25.450874205678122
1.0,-10.0,-10.0,False,2.8713624477386475,19.18281075400767,28.94104067931571
1.0,-32.0,-32.0,False,3.4167032837867737,22.373497598171607,35.16980039425485
1.0,-47.0,-47.0,False,1.2168758511543274,14.714737460626209,33.0454780589978
1.0,14.0,14.0,False,2.1543253362178802,21.002573582216442,25.84004098091773
1.0,39.0,39.0,False,2.4927969574928284,29.39335240835931,7.17204626872025
1.0,-17.0,-17.0,False,2.5372931361198425,31.43442911730654,5.346697791778709
1.0,33.0,33.0,False,2.9355084896087646,24.659907583417766,26.97766156999899
1.0,5.0,5.0,False,3.035504251718521,27.08145943443368,23.91676402542909
1.0,15.0,15.0,False,2.2263239920139313,35.35309308021202,14.652525633962169
1.0,-1.0,-1.0,False,2.1182114481925964,30.798240859711377,33.50127260438447
1.0,-17.0,-17.0,False,3.2625007033348083,31.43442911730654,35.16980039425485
1.0,-17.0,-17.0,False,1.2168758511543274,14.714737460626209,10.730128396395694
1.0,-7.0,-7.0,False,1.9826471507549286,29.307705306098992,15.911331534205623
1.0,4.0,4.0,False,4.488430619239807,12.934394979818636,18.376355698586874
1.0,53.0,53.0,False,3.7396259009838104,36.54883862749425,22.709857527883514
1.0,0.0,0.0,False,2.4927969574928284,29.39335240835931,33.0454780589978
1.0,-22.0,-22.0,False,2.149437725543976,14.812908440604316,35.165772364907724
1.0,-19.0,-19.0,False,1.4771925806999207,31.580237814821373,16.29558027762352
1.0,-14.0,-14.0,False,3.4167032837867737,12.135236528666816,35.16980039425485
1.0,3.0,3.0,False,0.5817304030060768,26.19546307600997,34.26128457720357
1.0,13.0,13.0,False,1.8196210861206055,19.18281075400767,11.405957194711362
1.0,-14.0,-14.0,False,2.7522983103990555,11.429177847168493,23.64526692746963
1.0,41.0,41.0,False,2.623429536819458,21.173642198069864,35.55189750318062
1.0,21.0,21.0,False,1.8226872682571411,24.526909511007148,23.318494174426103
1.0,25.0,25.0,False,2.415898859500885,34.55536317175504,34.556566498235505
1.0,1.0,1.0,True,3.4167032837867737,12.15804232448886,35.16980039425485
1.0,24.0,24.0,False,3.205954074859619,12.316378529593369,23.64526692746963
1.0,31.0,31.0,False,5.575974225997925,36.03010451389287,21.474927077430486
1.0,-5.0,-5.0,False,2.6108570396900177,15.293317589611762,29.332039118161315
1.0,-4.0,-4.0,False,4.438660979270935,28.759272945827746,16.628624198372904
1.0,37.0,37.0,False,2.827241003513336,36.03010451389287,34.28624739686573
1.0,-6.0,-6.0,False,2.990741938352585,28.436787422390914,21.404151802535562
1.0,-19.0,-19.0,False,2.6088640689849854,22.373497598171607,9.319085372119496
1.0,41.0,41.0,False,3.571506291627884,36.03010451389287,30.486289272690502
1.0,18.0,18.0,False,1.7918872237205505,11.340228624478085,25.110228869976233
1.0,-57.0,-57.0,False,4.344176352024078,32.86703992429209,30.479435538624625
1.0,20.0,20.0,False,1.5454643964767456,29.307705306098992,29.97094400308464
1.0,16.0,16.0,False,1.4771925806999207,22.622106293308587,16.29558027762352
1.0,40.0,40.0,False,2.827241003513336,12.15804232448886,34.28624739686573
1.0,-22.0,-22.0,False,1.8196210861206055,21.97527050420336,11.405957194711362
1.0,33.0,33.0,False,2.1189152598381042,12.40666232636991,23.318494174426103
1.0,27.0,27.0,False,3.1564407348632812,33.18302724982251,9.492393259086786
1.0,16.0,16.0,False,3.101964056491852,34.49868932252244,32.06095576146131
1.0,12.0,12.0,False,3.4302435517311096,37.221840935900396,10.730128396395694
1.0,12.0,12.0,False,3.333182454109192,13.525976126767516,10.031491285613026
1.0,18.0,18.0,False,1.9029890298843384,14.812908440604316,25.779079646453884
1.0,0.0,0.0,False,2.5020418763160706,21.97527050420336,29.987204620445805
1.0,-2.0,-2.0,False,1.2168758511543274,14.714737460626209,8.682359231015857
1.0,41.0,41.0,False,4.118208885192871,15.920123032904378,23.64526692746963
1.0,29.0,29.0,False,2.1182114481925964,30.798240859711377,34.26128457720357
1.0,-14.0,-14.0,False,2.5372931361198425,25.73242233826494,5.346697791778709
1.0,-19.0,-19.0,False,2.415898859500885,27.54619948521214,34.556566498235505
1.0,9.0,9.0,False,3.2197654247283936,21.729756548132638,7.17204626872025
1.0,-1.0,-1.0,False,4.73418915271759,31.633113739998713,36.163770363386504
1.0,6.0,6.0,False,4.508267045021057,7.388071147185773,36.42891815832629
1.0,-8.0,-8.0,False,3.833266019821167,25.73242233826494,31.049782496380065
1.0,0.0,0.0,False,2.415898859500885,34.49868932252244,34.556566498235505
1.0,-2.0,-2.0,False,1.6014197170734406,13.051883453438009,7.830101327155228
1.0,32.0,32.0,False,2.4856077432632446,13.051883453438009,13.54448294282497
1.0,16.0,16.0,False,3.1916115283966064,21.729756548132638,32.06095576146131
1.0,45.0,45.0,False,3.333182454109192,13.525976126767516,33.40389238393791
1.0,-33.0,-33.0,False,3.333182454109192,13.525976126767516,33.0454780589978
1.0,1.0,1.0,True,2.5372931361198425,28.241703536871686,5.346697791778709
1.0,-19.0,-19.0,False,4.825845181941986,24.659907583417766,8.118020214144925
1.0,-30.0,-30.0,False,3.363467216491699,36.24784692092191,4.855912228967844
1.0,17.0,17.0,False,5.38951188325882,31.633113739998713,10.730128396395694
1.0,-6.0,-6.0,False,3.1564407348632812,29.61497991249167,9.492393259086786
1.0,15.0,15.0,False,3.101964056491852,34.49868932252244,9.492393259086786
1.0,55.0,55.0,False,2.4345803260803223,29.244988232181587,15.259049779022657
1.0,-18.0,-18.0,False,1.6362577676773071,0.49670564656405236,28.94104067931571
1.0,18.0,18.0,False,3.1916115283966064,34.24588349935816,32.06095576146131
1.0,-7.0,-7.0,False,3.61654531955719,14.233193642662608,12.123482835372446
1.0,40.0,40.0,False,1.9078120589256287,12.15804232448886,23.952204637457257
1.0,4.0,4.0,False,2.903534412384033,22.622106293308587,31.57989724993524
1.0,-8.0,-8.0,False,2.377973973751068,21.729756548132638,36.32615507301751
1.0,-44.0,-44.0,False,2.149437725543976,27.54619948521214,35.165772364907724
1.0,-12.0,-12.0,False,3.4167032837867737,14.233193642662608,35.16980039425485
1.0,-16.0,-16.0,False,1.7537974417209625,19.44587090603528,15.117258786371004
1.0,19.0,19.0,False,2.415898859500885,16.758373046605374,34.556566498235505
1.0,24.0,24.0,False,2.1971494555473328,12.316378529593369,18.83535665710609
1.0,34.0,34.0,False,4.116369307041168,32.12027947740118,8.224611462167273
1.0,27.0,27.0,False,3.4302435517311096,37.221840935900396,8.682359231015857
1.0,-3.0,-3.0,False,2.492681562900543,27.54619948521214,32.06095576146131
1.0,14.0,14.0,False,2.6401007771492004,19.07230972777159,13.414233020549556
1.0,-6.0,-6.0,False,2.527928948402405,25.177079840078388,27.67453498484116
1.0,46.0,46.0,False,2.827241003513336,34.55536317175504,34.28624739686573
1.0,22.0,22.0,False,1.8226872682571411,24.526909511007148,15.015654469599074
1.0,-25.0,-25.0,False,4.265356183052063,24.659907583417766,36.58256076932568
1.0,36.0,36.0,False,3.3060818314552307,7.388071147185773,10.187470792950847
1.0,2.0,2.0,False,2.903534412384033,12.316378529593369,31.57989724993524
1.0,10.0,10.0,False,1.4411078095436096,16.023411431330878,22.33853809952272
1.0,-19.0,-19.0,False,3.6886858344078064,15.293317589611762,14.635311078361559
1.0,61.0,61.0,False,1.0804342031478882,12.934394979818636,28.821524706501403
1.0,31.0,31.0,False,0.9620440006256104,16.758373046605374,31.334062047019295
1.0,2.0,2.0,False,2.990741938352585,28.436787422390914,37.098349770503
1.0,32.0,32.0,False,2.5020418763160706,37.221840935900396,29.987204620445805
1.0,-9.0,-9.0,False,2.7522983103990555,11.429177847168493,8.682359231015857
1.0,28.0,28.0,False,3.6886858344078064,14.36007804934402,14.635311078361559
1.0,48.0,48.0,False,3.0043410062789917,18.483624634139908,15.259049779022657
1.0,-35.0,-35.0,False,1.9826471507549286,23.667598123980643,15.911331534205623
1.0,-41.0,-41.0,False,3.093537926673889,29.93941617499677,30.64751276375844
1.0,77.0,77.0,False,4.118208885192871,15.920123032904378,15.259049779022657
1.0,-15.0,-15.0,False,1.0645508170127869,3.0582732011945124,15.264616699654326
1.0,20.0,20.0,False,3.353753387928009,36.54883862749425,18.069541640936148
1.0,23.0,23.0,False,2.1189152598381042,29.307705306098992,23.318494174426103
1.0,-7.0,-7.0,False,2.1182114481925964,30.798240859711377,36.163770363386504
1.0,25.0,25.0,False,2.7554911971092224,36.54883862749425,17.328482951808933
1.0,-7.0,-7.0,False,5.323450326919556,13.039877873474857,18.10322578305981
1.0,-27.0,-27.0,False,2.377973973751068,27.54619948521214,36.32615507301751
1.0,-16.0,-16.0,False,0.7500472813844681,31.43442911730654,25.450874205678122
1.0,-17.0,-17.0,False,3.093537926673889,13.039877873474857,30.64751276375844
1.0,-3.0,-3.0,False,1.7792115658521652,15.293317589611762,36.20400376914155
1.0,0.0,0.0,False,2.6510050296783447,29.307705306098992,36.58256076932568
1.0,29.0,29.0,False,2.313220798969269,34.56883758329678,18.870682683663297
1.0,-4.0,-4.0,False,3.333182454109192,13.525976126767516,21.404151802535562
1.0,15.0,15.0,False,2.527928948402405,8.899214525601035,27.67453498484116
1.0,-9.0,-9.0,False,6.062089383602142,13.039877873474857,12.123482835372446
1.0,44.0,44.0,False,2.4927969574928284,29.39335240835931,29.332039118161315
1.0,-11.0,-11.0,False,1.6362577676773071,0.49670564656405236,5.346697791778709
1.0,-7.0,-7.0,False,0.9620440006256104,34.56883758329678,31.334062047019295
1.0,18.0,18.0,False,4.396775305271149,8.537009282901003,16.628624198372904
1.0,31.0,31.0,False,2.2263239920139313,35.35309308021202,23.406619793526175
1.0,36.0,36.0,False,3.1564407348632812,8.537009282901003,9.492393259086786
1.0,12.0,12.0,False,1.4411078095436096,8.899214525601035,22.33853809952272
1.0,-7.0,-7.0,False,1.8226872682571411,24.526909511007148,18.376355698586874
1.0,26.0,26.0,False,3.2197654247283936,21.729756548132638,35.55189750318062
1.0,5.0,5.0,False,1.8226872682571411,24.526909511007148,10.730128396395694
1.0,7.0,7.0,False,1.6919741034507751,12.6483188597668,15.225308706727391
1.0,29.0,29.0,False,3.3060818314552307,37.221840935900396,10.187470792950847
1.0,-19.0,-19.0,False,3.3949506878852844,22.373497598171607,19.098458915972458
1.0,28.0,28.0,False,1.4411078095436096,11.38355348540776,22.33853809952272
1.0,-28.0,-28.0,False,3.7779223918914795,34.24588349935816,33.0454780589978
1.0,46.0,46.0,False,4.68053412437439,31.899505171331125,13.54448294282497
1.0,-2.0,-2.0,False,5.884430885314941,29.61497991249167,20.93801241575043
1.0,-42.0,-42.0,False,1.2168758511543274,14.714737460626209,35.165772364907724
1.0,11.0,11.0,False,5.389905631542206,33.18302724982251,14.652525633962169
1.0,-35.0,-35.0,False,1.3638856410980225,7.526971005058165,8.25878484770275
1.0,-26.0,-26.0,False,2.4881948828697205,22.71795375850635,4.855912228967844
1.0,31.0,31.0,False,2.6108570396900177,11.38355348540776,29.332039118161315
1.0,46.0,46.0,False,2.4927969574928284,29.39335240835931,33.61394571448853
1.0,1.0,1.0,True,3.035504251718521,27.08145943443368,13.414233020549556
1.0,2.0,2.0,False,1.9078120589256287,15.293317589611762,23.952204637457257
1.0,3.0,3.0,False,5.3771414160728455,11.891524893635781,21.404151802535562
1.0,-23.0,-23.0,False,2.990741938352585,28.436787422390914,17.000455429484102
1.0,28.0,28.0,False,1.681734323501587,18.97980964930986,7.17204626872025
1.0,19.0,19.0,False,1.6919741034507751,31.899505171331125,15.225308706727391
1.0,-45.0,-45.0,False,4.345902681350708,25.177079840078388,28.94104067931571
1.0,-19.0,-19.0,False,4.345902681350708,25.177079840078388,6.192724931040713
1.0,26.0,26.0,False,3.885694146156311,28.241703536871686,37.098349770503
1.0,42.0,42.0,False,3.571506291627884,11.38355348540776,30.486289272690502
1.0,10.0,10.0,False,4.245487987995148,14.36007804934402,36.163770363386504
1.0,-5.0,-5.0,False,3.426828622817993,16.476503345859022,12.33427772686577
1.0,-37.0,-37.0,False,2.4881948828697205,22.71795375850635,30.64751276375844
1.0,-6.0,-6.0,False,4.739355236291885,12.15804232448886,28.94104067931571
1.0,-8.0,-8.0,False,3.672935664653778,36.03010451389287,21.187276203245137
1.0,-46.0,-46.0,False,3.426828622817993,26.665122448396676,12.33427772686577
1.0,-35.0,-35.0,False,1.373416744172573,7.526971005058165,17.000455429484102
1.0,2.0,2.0,False,1.0645508170127869,27.08145943443368,15.264616699654326
1.0,4.0,4.0,False,4.439173400402069,15.293317589611762,37.241384649215455
1.0,-19.0,-19.0,False,1.6014197170734406,21.729756548132638,7.830101327155228
1.0,-15.0,-15.0,False,0.7500472813844681,0.4773513019170415,25.450874205678122
1.0,0.0,0.0,False,1.4771925806999207,21.729756548132638,16.29558027762352
1.0,-2.0,-2.0,False,5.116035223007202,11.891524893635781,22.88630938680662
1.0,-5.0,-5.0,False,2.7522983103990555,11.429177847168493,20.93801241575043
1.0,40.0,40.0,False,2.1971494555473328,29.39335240835931,18.83535665710609
1.0,-3.0,-3.0,False,2.8472055196762085,31.633113739998713,17.77755790150622
1.0,20.0,20.0,False,3.7396259009838104,36.54883862749425,8.682359231015857
1.0,62.0,62.0,False,3.205954074859619,12.316378529593369,22.709857527883514
1.0,-8.0,-8.0,False,3.8200713098049164,11.340228624478085,15.117258786371004
1.0,4.0,4.0,False,2.812972366809845,10.721429695615113,32.824995353797185
1.0,-44.0,-44.0,False,1.2367829382419586,13.485978509679057,28.94104067931571
1.0,6.0,6.0,False,2.5020418763160706,22.373497598171607,29.987204620445805
1.0,16.0,16.0,False,2.5510101914405823,11.38355348540776,18.62472482772423
1.0,26.0,26.0,False,4.565477699041367,12.15804232448886,37.098349770503
1.0,-28.0,-28.0,False,1.6919741034507751,22.71795375850635,15.225308706727391
1.0,-6.0,-6.0,False,1.2722892761230469,33.506666801150054,8.118020214144925
1.0,5.0,5.0,False,1.6362577676773071,0.49670564656405236,11.405957194711362
1.0,19.0,19.0,False,5.575974225997925,13.039877873474857,21.474927077430486
1.0,7.0,7.0,False,3.3970831111073494,12.6483188597668,18.376355698586874
1.0,6.0,6.0,False,4.488430619239807,12.934394979818636,4.855912228967844
1.0,-4.0,-4.0,False,2.600862681865692,31.580237814821373,8.682359231015857
1.0,8.0,8.0,False,2.325896441936493,34.448297763620126,14.652525633962169
1.0,12.0,12.0,False,2.6088640689849854,2.6446855914156235,9.319085372119496
1.0,28.0,28.0,False,2.6108570396900177,12.316378529593369,29.332039118161315
1.0,25.0,25.0,False,3.3996951580047607,36.54883862749425,36.52262250511153
1.0,8.0,8.0,False,2.2603155374526978,33.85319566165575,23.64526692746963
1.0,-20.0,-20.0,False,5.309304416179657,29.61497991249167,15.117258786371004
1.0,62.0,62.0,False,2.17539244890213,32.34478887833755,15.259049779022657
1.0,66.0,66.0,False,2.623429536819458,21.173642198069864,26.97766156999899
1.0,2.0,2.0,False,1.0645508170127869,36.54883862749425,15.264616699654326
1.0,35.0,35.0,False,2.1971494555473328,34.55536317175504,18.83535665710609
1.0,-15.0,-15.0,False,2.149437725543976,8.79955645223687,35.165772364907724
1.0,32.0,32.0,False,3.205954074859619,12.316378529593369,8.224611462167273
1.0,-26.0,-26.0,False,4.345902681350708,25.177079840078388,22.88630938680662
1.0,0.0,0.0,False,1.2168758511543274,14.714737460626209,15.015654469599074
1.0,-35.0,-35.0,False,2.8472055196762085,22.568317117820673,17.77755790150622
1.0,-7.0,-7.0,False,1.3638856410980225,30.798240859711377,8.25878484770275
1.0,17.0,17.0,False,1.7819624245166779,36.54530892802489,23.602505505640686
1.0,-4.0,-4.0,False,2.8472055196762085,22.622106293308587,17.77755790150622
1.0,3.0,3.0,False,1.9826471507549286,12.40666232636991,15.911331534205623
1.0,-22.0,-22.0,False,4.438660979270935,34.56883758329678,16.628624198372904
1.0,-5.0,-5.0,False,2.426958382129669,11.38355348540776,24.873326921028504
1.0,-20.0,-20.0,False,2.492681562900543,27.54619948521214,18.62472482772423
1.0,9.0,9.0,False,7.0101253390312195,16.758373046605374,4.855912228967844
1.0,51.0,51.0,False,2.5020418763160706,31.899505171331125,29.987204620445805
1.0,4.0,4.0,False,1.2168758511543274,14.714737460626209,34.28624739686573
1.0,7.0,7.0,False,1.681734323501587,18.97980964930986,15.225308706727391
1.0,7.0,7.0,False,1.6362577676773071,0.49670564656405236,10.730128396395694
1.0,45.0,45.0,False,1.6732242107391357,21.00143445883193,21.965049030362987
1.0,22.0,22.0,False,3.3996951580047607,0.4773513019170415,36.52262250511153
1.0,-14.0,-14.0,False,3.7779223918914795,12.934394979818636,33.0454780589978
1.0,-5.0,-5.0,False,1.4771925806999207,28.436787422390914,16.29558027762352
1.0,18.0,18.0,False,2.6401007771492004,19.07230972777159,14.635311078361559
1.0,3.0,3.0,False,1.9826471507549286,11.38355348540776,15.911331534205623
1.0,-31.0,-31.0,False,1.9826471507549286,18.058966479125804,15.911331534205623
1.0,27.0,27.0,False,2.7522983103990555,11.429177847168493,26.97766156999899
1.0,1.0,1.0,True,3.128896653652191,25.650153268575533,15.015654469599074
1.0,65.0,65.0,False,3.9637532830238342,11.38355348540776,33.40389238393791
1.0,11.0,11.0,False,3.3904115557670593,36.384005765573924,18.10322578305981
1.0,14.0,14.0,False,1.5040163397789001,28.759272945827746,37.034343606357595
1.0,-14.0,-14.0,False,2.5348986983299255,12.675361276026148,33.0454780589978
1.0,70.0,70.0,False,2.313220798969269,36.384005765573924,18.870682683663297
1.0,-7.0,-7.0,False,2.527928948402405,23.667598123980643,27.67453498484116
1.0,-24.0,-24.0,False,1.4795578718185425,30.039700306643198,9.319085372119496
1.0,-28.0,-28.0,False,2.4881948828697205,22.71795375850635,32.824995353797185
1.0,48.0,48.0,False,2.7554911971092224,14.36007804934402,17.328482951808933
1.0,15.0,15.0,False,3.101964056491852,34.49868932252244,18.069541640936148
1.0,2.0,2.0,False,3.3904115557670593,36.384005765573924,22.989386141273712
1.0,-29.0,-29.0,False,1.6919741034507751,18.058966479125804,15.225308706727391
1.0,-29.0,-29.0,False,2.293143332004547,31.80646648037221,10.031491285613026
1.0,-12.0,-12.0,False,1.3638856410980225,14.233193642662608,8.25878484770275
1.0,2.0,2.0,False,2.2988290190696716,21.00143445883193,33.50127260438447
1.0,24.0,24.0,False,2.9907127618789673,8.899214525601035,37.241384649215455
1.0,-17.0,-17.0,False,3.426828622817993,11.891524893635781,12.33427772686577
1.0,-32.0,-32.0,False,0.5817304030060768,26.19546307600997,25.450874205678122
1.0,-16.0,-16.0,False,2.072601318359375,30.975944045292152,13.961274401800262
1.0,22.0,22.0,False,3.3060818314552307,29.916554380824223,10.187470792950847
1.0,9.0,9.0,False,1.7081249952316284,34.2840939561818,33.50127260438447
1.0,33.0,33.0,False,1.7792115658521652,11.38355348540776,36.20400376914155
1.0,-13.0,-13.0,False,3.513404428958893,3.0582732011945124,21.404151802535562
1.0,-24.0,-24.0,False,3.3996951580047607,32.86703992429209,36.52262250511153
1.0,-9.0,-9.0,False,3.0043410062789917,18.483624634139908,35.700527986527675
1.0,-2.0,-2.0,False,3.093537926673889,7.388071147185773,30.64751276375844
1.0,7.0,7.0,False,3.426828622817993,14.36007804934402,12.33427772686577
1.0,-15.0,-15.0,False,2.149437725543976,16.583171453915885,35.165772364907724
1.0,7.0,7.0,False,1.7918872237205505,21.97527050420336,25.110228869976233
1.0,43.0,43.0,False,1.2722892761230469,33.506666801150054,22.709857527883514
1.0,-2.0,-2.0,False,3.166866660118103,16.476503345859022,17.000455429484102
1.0,-3.0,-3.0,False,1.6014197170734406,32.12027947740118,7.830101327155228
1.0,12.0,12.0,False,4.409907937049866,34.55536317175504,12.123482835372446
1.0,26.0,26.0,False,3.4918755888938904,21.97527050420336,15.259049779022657
1.0,25.0,25.0,False,2.827241003513336,11.891524893635781,34.28624739686573
1.0,11.0,11.0,False,2.377973973751068,12.15804232448886,36.32615507301751
1.0,8.0,8.0,False,1.5454643964767456,28.436787422390914,29.97094400308464
1.0,10.0,10.0,False,1.4564008712768555,5.803615548102388,35.55189750318062
1.0,-22.0,-22.0,False,0.5817304030060768,26.19546307600997,36.58256076932568
1.0,29.0,29.0,False,1.9029890298843384,21.00143445883193,25.779079646453884
1.0,32.0,32.0,False,1.5454643964767456,28.241703536871686,29.97094400308464
1.0,25.0,25.0,False,3.4302435517311096,37.221840935900396,5.750422254897386
1.0,-2.0,-2.0,False,3.4167032837867737,16.476503345859022,5.505913503109466
1.0,21.0,21.0,False,3.61654531955719,14.233193642662608,13.54448294282497
1.0,40.0,40.0,False,0.9620440006256104,14.36007804934402,31.334062047019295
1.0,5.0,5.0,False,3.513404428958893,3.0582732011945124,15.015654469599074
1.0,-5.0,-5.0,False,5.019059479236603,29.93941617499677,8.682359231015857
1.0,31.0,31.0,False,4.846073091030121,10.721429695615113,13.54448294282497
1.0,-32.0,-32.0,False,2.0592445135116577,2.45332559142066,31.049782496380065
1.0,24.0,24.0,False,2.2603155374526978,33.85319566165575,35.55189750318062
1.0,-8.0,-8.0,False,4.847037851810455,25.34191135270386,23.64526692746963
1.0,42.0,42.0,False,5.334409773349762,22.622106293308587,35.55189750318062
1.0,17.0,17.0,False,3.6886858344078064,31.633113739998713,14.635311078361559
1.0,-10.0,-10.0,False,3.558371424674988,26.665122448396676,8.682359231015857
1.0,43.0,43.0,False,4.245487987995148,14.36007804934402,13.54448294282497
1.0,-29.0,-29.0,False,1.7537974417209625,19.44587090603528,18.376355698586874
1.0,-8.0,-8.0,False,1.8226872682571411,24.526909511007148,12.123482835372446
1.0,6.0,6.0,False,1.681734323501587,18.97980964930986,12.123482835372446
1.0,28.0,28.0,False,3.1916115283966064,37.221840935900396,32.06095576146131
1.0,40.0,40.0,False,3.353753387928009,34.55536317175504,18.069541640936148
1.0,4.0,4.0,False,2.714562237262726,29.916554380824223,31.170176493708304
1.0,-6.0,-6.0,False,2.1971494555473328,25.650153268575533,18.83535665710609
1.0,-8.0,-8.0,False,2.600566029548645,36.54530892802489,4.855912228967844
1.0,-12.0,-12.0,False,2.812972366809845,21.729756548132638,32.824995353797185
1.0,-38.0,-38.0,False,3.363467216491699,36.24784692092191,5.505913503109466
1.0,24.0,24.0,False,3.2625007033348083,31.43442911730654,37.241384649215455
1.0,2.0,2.0,False,1.7537974417209625,19.44587090603528,20.93801241575043
1.0,30.0,30.0,False,1.5454643964767456,11.38355348540776,29.97094400308464
1.0,38.0,38.0,False,2.827241003513336,2.6446855914156235,34.28624739686573
1.0,10.0,10.0,False,3.0105625987052917,36.384005765573924,33.50127260438447
1.0,-2.0,-2.0,False,1.7537974417209625,19.44587090603528,21.474927077430486
1.0,46.0,46.0,False,3.7930516451597214,31.899505171331125,10.031491285613026
1.0,-37.0,-37.0,False,2.5372931361198425,34.56883758329678,5.346697791778709
1.0,19.0,19.0,False,2.6401007771492004,19.07230972777159,15.117258786371004
1.0,-19.0,-19.0,False,3.6886858344078064,34.56883758329678,14.635311078361559
1.0,-16.0,-16.0,False,2.6322810649871826,18.058966479125804,15.117258786371004
1.0,-5.0,-5.0,False,1.4411078095436096,22.71795375850635,22.33853809952272
1.0,23.0,23.0,False,3.2149378061294556,16.583171453915885,5.750422254897386
1.0,43.0,43.0,False,1.7918872237205505,16.476503345859022,25.110228869976233
1.0,-5.0,-5.0,False,3.333182454109192,13.525976126767516,36.11188114437493
1.0,-57.0,-57.0,False,2.293143332004547,31.80646648037221,30.479435538624625
1.0,15.0,15.0,False,3.2197654247283936,21.729756548132638,13.54448294282497
1.0,50.0,50.0,False,1.6732242107391357,7.388071147185773,21.965049030362987
1.0,-31.0,-31.0,False,2.600862681865692,31.580237814821373,31.049782496380065
1.0,5.0,5.0,False,2.415898859500885,29.916554380824223,34.556566498235505
1.0,11.0,11.0,False,3.5784764885902405,12.135236528666816,37.098349770503
1.0,17.0,17.0,False,2.527928948402405,14.812908440604316,27.67453498484116
1.0,9.0,9.0,False,2.426958382129669,15.920123032904378,24.873326921028504
1.0,6.0,6.0,False,2.6510050296783447,29.307705306098992,14.652525633962169
1.0,16.0,16.0,False,0.9620440006256104,11.891524893635781,31.334062047019295
1.0,2.0,2.0,False,2.623429536819458,21.173642198069864,30.479435538624625
1.0,-1.0,-1.0,False,2.5510101914405823,21.729756548132638,18.62472482772423
1.0,15.0,15.0,False,2.072601318359375,16.476503345859022,13.961274401800262
1.0,-3.0,-3.0,False,2.4345803260803223,29.244988232181587,31.57989724993524
1.0,30.0,30.0,False,2.623429536819458,21.173642198069864,9.492393259086786
1.0,29.0,29.0,False,2.6108570396900177,19.18281075400767,29.332039118161315
1.0,-30.0,-30.0,False,7.085578799247742,29.93941617499677,4.855912228967844
1.0,-29.0,-29.0,False,0.5817304030060768,26.19546307600997,15.911331534205623
1.0,-27.0,-27.0,False,0.5817304030060768,26.19546307600997,32.824995353797185
1.0,-36.0,-36.0,False,2.8472055196762085,35.229653945942744,17.77755790150622
1.0,31.0,31.0,False,3.3663032054901123,17.650246063548824,33.40389238393791
1.0,14.0,14.0,False,4.843441545963287,8.79064487708618,13.54448294282497
1.0,-7.0,-7.0,False,3.672935664653778,31.633113739998713,21.187276203245137
1.0,5.0,5.0,False,2.602371633052826,12.40666232636991,18.376355698586874
1.0,20.0,20.0,False,3.035504251718521,27.08145943443368,13.54448294282497
1.0,5.0,5.0,False,2.072601318359375,14.233193642662608,13.961274401800262
1.0,45.0,45.0,False,3.3060818314552307,14.36007804934402,10.187470792950847
1.0,-28.0,-28.0,False,3.1916115283966064,32.86703992429209,32.06095576146131
1.0,1.0,1.0,True,1.0645508170127869,11.891524893635781,15.264616699654326
1.0,3.0,3.0,False,0.9620440006256104,11.340228624478085,31.334062047019295
1.0,3.0,3.0,False,2.600862681865692,31.580237814821373,18.37680615741264
1.0,4.0,4.0,False,1.8226872682571411,24.526909511007148,8.118020214144925
1.0,-40.0,-40.0,False,2.7522983103990555,11.429177847168493,15.966452356757141
1.0,1.0,1.0,True,2.5510101914405823,34.24588349935816,18.62472482772423
1.0,-30.0,-30.0,False,5.002749562263489,34.56883758329678,18.10322578305981
1.0,6.0,6.0,False,1.6362577676773071,0.49670564656405236,14.652525633962169
1.0,-34.0,-34.0,False,1.4564008712768555,5.803615548102388,17.000455429484102
1.0,-18.0,-18.0,False,1.2168758511543274,14.714737460626209,18.62472482772423
1.0,3.0,3.0,False,2.600566029548645,36.54530892802489,6.192724931040713
1.0,16.0,16.0,False,2.072601318359375,11.38355348540776,13.961274401800262
1.0,20.0,20.0,False,2.714562237262726,8.537009282901003,31.170176493708304
1.0,-50.0,-50.0,False,5.323450326919556,16.183580550018753,18.10322578305981
1.0,-3.0,-3.0,False,3.7930516451597214,24.659907583417766,10.031491285613026
1.0,-3.0,-3.0,False,2.0592445135116577,2.45332559142066,15.015654469599074
1.0,7.0,7.0,False,3.0105625987052917,12.6483188597668,33.50127260438447
1.0,-30.0,-30.0,False,2.293143332004547,31.80646648037221,27.67453498484116
1.0,31.0,31.0,False,1.7918872237205505,13.039877873474857,25.110228869976233
1.0,-8.0,-8.0,False,1.6014197170734406,30.798240859711377,7.830101327155228
1.0,65.0,65.0,False,2.9355084896087646,12.316378529593369,26.97766156999899
1.0,47.0,47.0,False,1.7792115658521652,31.899505171331125,36.20400376914155
1.0,33.0,33.0,False,2.602371633052826,12.40666232636991,33.61394571448853
1.0,-45.0,-45.0,False,2.5510101914405823,32.86703992429209,18.62472482772423
1.0,67.0,67.0,False,3.3970831111073494,12.6483188597668,22.709857527883514
1.0,23.0,23.0,False,1.9078120589256287,34.24588349935816,23.952204637457257
1.0,7.0,7.0,False,1.4771925806999207,0.49670564656405236,16.29558027762352
1.0,1.0,1.0,True,2.193561017513275,9.145214734776106,17.000455429484102
1.0,36.0,36.0,False,3.132763683795929,12.316378529593369,18.37680615741264
1.0,-4.0,-4.0,False,1.4411078095436096,30.975944045292152,22.33853809952272
1.0,-10.0,-10.0,False,3.2625007033348083,31.43442911730654,18.10322578305981
1.0,-14.0,-14.0,False,3.4167032837867737,25.73242233826494,35.16980039425485
1.0,52.0,52.0,False,3.61654531955719,14.233193642662608,15.259049779022657
1.0,27.0,27.0,False,5.273885488510132,29.61497991249167,22.709857527883514
1.0,32.0,32.0,False,2.4856077432632446,13.051883453438009,9.492393259086786
1.0,0.0,0.0,False,0.7500472813844681,13.051883453438009,25.450874205678122
1.0,19.0,19.0,False,2.6108570396900177,29.916554380824223,29.332039118161315
1.0,-10.0,-10.0,False,2.6088640689849854,28.436787422390914,9.319085372119496
1.0,-23.0,-23.0,False,2.0592445135116577,2.45332559142066,16.628624198372904
1.0,38.0,38.0,False,4.245487987995148,14.36007804934402,23.64526692746963
1.0,4.0,4.0,False,1.6919741034507751,35.35309308021202,15.225308706727391
1.0,-25.0,-25.0,False,2.527928948402405,16.183580550018753,27.67453498484116
1.0,-26.0,-26.0,False,2.072601318359375,26.665122448396676,13.961274401800262
1.0,-12.0,-12.0,False,2.9907127618789673,8.899214525601035,12.123482835372446
1.0,30.0,30.0,False,5.334409773349762,11.891524893635781,35.55189750318062
1.0,4.0,4.0,False,2.072601318359375,29.916554380824223,13.961274401800262
1.0,64.0,64.0,False,2.2263239920139313,35.35309308021202,18.870682683663297
1.0,9.0,9.0,False,2.072601318359375,16.583171453915885,13.961274401800262
1.0,23.0,23.0,False,1.5454643964767456,16.583171453915885,29.97094400308464
1.0,-2.0,-2.0,False,0.7500472813844681,19.18281075400767,25.450874205678122
1.0,18.0,18.0,False,2.714562237262726,12.6483188597668,31.170176493708304
1.0,-2.0,-2.0,False,2.6108570396900177,25.650153268575533,29.332039118161315
1.0,22.0,22.0,False,1.5454643964767456,29.244988232181587,29.97094400308464
1.0,7.0,7.0,False,5.334409773349762,15.293317589611762,35.55189750318062
1.0,11.0,11.0,False,2.6126922369003296,21.002573582216442,33.61394571448853
1.0,19.0,19.0,False,2.6401007771492004,19.07230972777159,6.192724931040713
1.0,1.0,1.0,True,2.5372931361198425,16.758373046605374,5.346697791778709
1.0,36.0,36.0,False,2.5020418763160706,22.622106293308587,29.987204620445805
1.0,-20.0,-20.0,False,2.6322810649871826,18.058966479125804,16.628624198372904
1.0,-4.0,-4.0,False,3.7930516451597214,34.56883758329678,10.031491285613026
1.0,-2.0,-2.0,False,2.193561017513275,9.145214734776106,30.64751276375844
1.0,-31.0,-31.0,False,2.9532740712165833,22.568317117820673,15.966452356757141
1.0,30.0,30.0,False,3.035504251718521,27.08145943443368,30.486289272690502
1.0,-3.0,-3.0,False,1.2367829382419586,13.485978509679057,36.20400376914155
1.0,-67.0,-67.0,False,1.8517613410949707,9.490003044039497,25.161065118225938
1.0,-4.0,-4.0,False,3.557472825050354,22.939229645336756,25.161065118225938
1.0,-11.0,-11.0,False,1.3512997776269913,24.91128094834846,10.26946680187318
1.0,-12.0,-12.0,False,2.3065582513809204,24.62772110364727,12.374615441714633
1.0,0.0,0.0,False,2.5402535796165466,20.84884167296373,13.211638934499053
1.0,48.0,48.0,False,3.090128183364868,21.257601556428813,27.806902444309817
1.0,28.0,28.0,False,2.4952675700187683,11.879688020199664,33.18791528934051
1.0,48.0,48.0,False,3.7391642332077026,11.668381542238263,25.423970966651428
1.0,-9.0,-9.0,False,0.8713243305683136,17.2458449072506,17.887722609525632
1.0,-73.0,-73.0,False,2.5876158326864243,7.903703000376726,37.34753186855824
1.0,67.0,67.0,False,1.5330131649971008,23.120343786013375,18.735797945758986
1.0,65.0,65.0,False,2.2173951268196106,31.74773158583062,10.584261175218804
1.0,4.0,4.0,False,2.454602897167206,18.722541183159475,36.488345558690554
1.0,66.0,66.0,False,2.835283577442169,26.71889741198827,27.34751404059315
1.0,-31.0,-31.0,False,1.8889750838279724,33.11694312809771,26.590858669870467
1.0,5.0,5.0,False,0.9726800937205553,32.920165522241525,26.73351009537184
1.0,-22.0,-22.0,False,1.5202252268791199,17.251193378466958,25.542646014888405
1.0,36.0,36.0,False,2.9711042046546936,27.699845637913903,4.459602009074992
1.0,21.0,21.0,False,2.7246637418866158,12.757233493838733,22.42882863323334
1.0,-49.0,-49.0,False,2.819375067949295,6.900261263116606,26.73351009537184
1.0,-9.0,-9.0,False,2.104907661676407,25.953938176910054,25.423970966651428
1.0,63.0,63.0,False,2.7068299055099487,37.27938219045583,22.684442004041646
1.0,-10.0,-10.0,False,2.1339359283447266,18.81429327848667,12.790979128739066
1.0,65.0,65.0,False,3.641448497772217,11.099756683225937,36.79542365643973
1.0,4.0,4.0,False,2.907188192009926,28.891166421986156,15.346486300185452
1.0,46.0,46.0,False,1.6622157096862793,18.50909375594223,33.1101627301152
1.0,5.0,5.0,False,1.5703280568122864,7.160005208871321,13.620772799667288
1.0,31.0,31.0,False,2.5729753375053406,19.68400336806655,15.935682006068493
1.0,67.0,67.0,False,1.1608875393867493,20.55273625425399,18.904342883054355
1.0,48.0,48.0,False,1.4371719360351562,12.098450843698247,18.735797945758986
1.0,-18.0,-18.0,False,2.2455314993858337,17.901444301196697,17.887722609525632
1.0,4.0,4.0,False,2.759801506996155,18.002076797416475,32.7088542791458
1.0,86.0,86.0,False,3.4303992688655853,30.698823428517983,9.703609730872426
1.0,-36.0,-36.0,False,0.9430700838565826,33.11694312809771,26.0158869549734
1.0,-71.0,-71.0,False,2.43341863155365,19.471234354430543,17.34607261708314
1.0,65.0,65.0,False,3.9313940703868866,18.042106758135887,22.684442004041646
1.0,-1.0,-1.0,False,4.631524741649628,23.95233383912604,11.67796683506765
1.0,47.0,47.0,False,1.7143964767456055,36.68797148575405,17.36589670811351
1.0,-50.0,-50.0,False,1.5703280568122864,28.482254192102236,13.620772799667288
1.0,29.0,29.0,False,1.8252893090248108,21.990944754414517,18.36059306547761
1.0,-13.0,-13.0,False,1.2560493350028992,21.69418337517395,11.67796683506765
1.0,-29.0,-29.0,False,1.6622157096862793,3.4389312538847463,33.1101627301152
1.0,-5.0,-5.0,False,2.2455314993858337,18.131700132371662,17.887722609525632
1.0,60.0,60.0,False,1.9512507319450378,33.43793056602988,13.459427973083026
1.0,82.0,82.0,False,2.454602897167206,18.722541183159475,13.842305058489188
1.0,4.0,4.0,False,2.2644457817077637,29.51011279095896,14.502795245961693
1.0,-33.0,-33.0,False,1.4481301307678223,26.412447934476244,7.495364536838759
1.0,-28.0,-28.0,False,2.9956639111042023,28.505115786057814,18.36120713202909
1.0,-61.0,-61.0,False,1.3717246651649475,10.432750786391251,13.211638934499053
1.0,-7.0,-7.0,False,1.7582041025161743,18.81429327848667,27.891195407879483
1.0,-6.0,-6.0,False,1.9512507319450378,29.51011279095896,13.459427973083026
1.0,-57.0,-57.0,False,3.1613401770591736,18.318841064185133,29.395960646438574
1.0,-59.0,-59.0,False,4.133131325244904,6.029207031846006,23.239188213286646
1.0,34.0,34.0,False,3.9146814346313477,11.668381542238263,18.572466194593446
1.0,-81.0,-81.0,False,1.3726705238223076,34.1664707147205,14.88476613756396
1.0,-78.0,-78.0,False,2.584239363670349,10.337173999226442,30.443566268087675
1.0,-45.0,-45.0,False,2.3231703639030457,8.086235652715668,29.345137363254686
1.0,5.0,5.0,False,3.2799124121665955,13.080491083241476,9.898161031449447
1.0,96.0,96.0,False,2.5233590602874756,11.879688020199664,9.703609730872426
1.0,-63.0,-63.0,False,2.259024202823639,33.692975959809786,25.542646014888405
1.0,70.0,70.0,False,3.683514952659607,23.19369650248405,21.443932305063885
1.0,-44.0,-44.0,False,3.7377941012382507,22.23650182120895,31.372164533540417
1.0,-44.0,-44.0,False,3.936869740486145,16.233324268398587,33.427375529862545
1.0,-9.0,-9.0,False,2.1339359283447266,11.099756683225937,12.790979128739066
1.0,-1.0,-1.0,False,1.544833242893219,23.19369650248405,13.925708658208414
1.0,-3.0,-3.0,False,2.223728597164154,31.48916392668009,31.389653040343788
1.0,0.0,0.0,False,3.821203887462616,20.608224138196064,11.165851639188528
1.0,5.0,5.0,False,1.2727126479148865,27.252485546881246,25.52750618612244
1.0,20.0,20.0,False,2.5233590602874756,11.879688020199664,28.81607889054369
1.0,-1.0,-1.0,False,2.2663206458091736,28.924202749595484,23.550614594784
1.0,-42.0,-42.0,False,1.4538708925247192,28.78586929810986,21.601983340477062
1.0,26.0,26.0,False,1.4538708925247192,28.78586929810986,23.250399842464486
1.0,-67.0,-67.0,False,1.8889750838279724,19.53523172304082,26.590858669870467
1.0,-35.0,-35.0,False,3.761225461959839,31.526618125825994,36.12627247611908
1.0,-68.0,-68.0,False,2.222232937812805,29.246128967272103,23.925503904642518
1.0,-15.0,-15.0,False,0.9430700838565826,35.882794227985805,26.0158869549734
1.0,27.0,27.0,False,2.1690545678138733,14.358156104755082,9.386108175383058
1.0,-23.0,-23.0,False,4.145798534154892,24.900441352732123,4.059982693639992
1.0,13.0,13.0,False,2.8010661005973816,23.943485198999987,34.78893146537332
1.0,8.0,8.0,False,2.819375067949295,6.900261263116606,33.10265273098773
1.0,-67.0,-67.0,False,3.230582892894745,28.482254192102236,17.103170362008466
1.0,-9.0,-9.0,False,3.6044744551181793,12.598034756910623,31.324192704060167
1.0,6.0,6.0,False,1.8889750838279724,9.283881125961615,26.590858669870467
1.0,36.0,36.0,False,2.9711042046546936,27.699845637913903,30.21246739655244
1.0,33.0,33.0,False,3.0312317609786987,25.835971551947104,32.58938613308778
1.0,-6.0,-6.0,False,3.5264723896980286,34.58647276328661,21.601983340477062
1.0,14.0,14.0,False,3.761225461959839,33.43793056602988,36.12627247611908
1.0,-78.0,-78.0,False,2.1602810621261597,8.565163803627529,27.85978593164864
1.0,63.0,63.0,False,1.3886414468288422,18.271812285147163,29.364341198068484
1.0,7.0,7.0,False,1.696217805147171,21.2870061542708,22.044037958767625
1.0,-36.0,-36.0,False,1.0763228237628937,24.260197176717725,27.129592717646734
1.0,5.0,5.0,False,2.330110728740692,12.598034756910623,9.135939690041774
1.0,-7.0,-7.0,False,1.5405744314193726,16.266521242278586,25.815276525399156
1.0,71.0,71.0,False,1.504736065864563,18.131700132371662,9.77210024582313
1.0,-69.0,-69.0,False,2.5920780897140503,19.054387827288423,31.324192704060167
1.0,-37.0,-37.0,False,1.8517613410949707,9.490003044039497,18.572466194593446
1.0,67.0,67.0,False,1.3886414468288422,18.271812285147163,35.03910387051627
1.0,13.0,13.0,False,2.330110728740692,11.668381542238263,9.135939690041774
1.0,8.0,8.0,False,1.7824150025844574,24.318990199055506,37.19225906565832
1.0,3.0,3.0,False,2.5233590602874756,11.879688020199664,17.34607261708314
1.0,31.0,31.0,False,1.4880959391593933,26.963554810188032,31.458198301181287
1.0,6.0,6.0,False,1.6877940893173218,4.420401283793772,20.404745937374443
1.0,-2.0,-2.0,False,1.3853058815002441,28.310497760499825,7.38210148692642
1.0,65.0,65.0,False,2.204734653234482,22.55268678158814,27.217077262975344
1.0,-25.0,-25.0,False,3.8362979888916016,10.337173999226442,20.832267194806956
1.0,73.0,73.0,False,2.1590104699134827,32.590728019853664,26.855633309154914
1.0,-18.0,-18.0,False,2.9956639111042023,34.58647276328661,18.36120713202909
1.0,-8.0,-8.0,False,1.7824150025844574,24.318990199055506,17.103170362008466
1.0,-5.0,-5.0,False,4.282720267772675,26.878686997980623,23.925503904642518
1.0,16.0,16.0,False,4.0638315081596375,2.397342394599862,24.817704603762646
1.0,-3.0,-3.0,False,2.9956639111042023,18.50909375594223,18.36120713202909
1.0,15.0,15.0,False,2.5674099028110504,18.092657263771923,4.059982693639992
1.0,8.0,8.0,False,1.2727126479148865,12.156503120670179,25.52750618612244
1.0,9.0,9.0,False,1.8517613410949707,9.490003044039497,27.14354532416303
1.0,47.0,47.0,False,2.890421509742737,23.575649508188977,22.451316065115762
1.0,24.0,24.0,False,3.06267911195755,26.19468808816503,9.608677337875939
1.0,49.0,49.0,False,2.1890931725502014,32.10240662783919,8.421414619276165
1.0,4.0,4.0,False,1.3492640852928162,26.980777909366207,8.877931621074204
1.0,-61.0,-61.0,False,1.7632200717926025,20.608224138196064,28.69725605411431
1.0,-7.0,-7.0,False,2.6245037093758583,15.701377050181703,32.87637274019143
1.0,51.0,51.0,False,1.9204778224229813,24.62772110364727,16.62934864505049
1.0,7.0,7.0,False,1.1208710372447968,31.591434820302673,37.189747320918464
1.0,16.0,16.0,False,2.2621034383773804,27.36642616164743,24.34573540285666
1.0,-9.0,-9.0,False,3.6084189414978027,2.397342394599862,34.78893146537332
1.0,75.0,75.0,False,1.696217805147171,12.757233493838733,22.044037958767625
1.0,48.0,48.0,False,2.554571032524109,5.497730914128355,28.826648887328254
1.0,-43.0,-43.0,False,1.5405744314193726,11.405053355532429,25.815276525399156
1.0,-69.0,-69.0,False,2.223728597164154,31.48916392668009,13.345931221067742
1.0,85.0,85.0,False,2.8010661005973816,23.943485198999987,25.354119565403323
1.0,-62.0,-62.0,False,2.0690821409225464,7.041759181872686,8.877931621074204
1.0,54.0,54.0,False,1.7973406910896301,28.995039186722533,23.550614594784
1.0,73.0,73.0,False,2.7068299055099487,37.27938219045583,27.217077262975344
1.0,-31.0,-31.0,False,2.3815550804138184,35.89623352524368,23.925503904642518
1.0,-11.0,-11.0,False,3.542486071586609,24.91128094834846,34.78893146537332
1.0,15.0,15.0,False,2.5729753375053406,26.71889741198827,15.935682006068493
1.0,39.0,39.0,False,2.424413561820984,29.354328056705803,20.832267194806956
1.0,-18.0,-18.0,False,3.7449076175689697,23.04407532319795,15.388087029496816
1.0,24.0,24.0,False,2.8010661005973816,23.943485198999987,32.7088542791458
1.0,15.0,15.0,False,2.1696077287197113,12.156503120670179,16.021454404277176
1.0,-73.0,-73.0,False,0.9430700838565826,28.310497760499825,26.0158869549734
1.0,38.0,38.0,False,1.8552296459674835,24.038057372583577,12.149173667656775
1.0,-73.0,-73.0,False,2.3126421570777893,24.37860119944642,17.34607261708314
1.0,21.0,21.0,False,2.5729753375053406,26.98666649538852,15.935682006068493
1.0,-2.0,-2.0,False,2.5876158326864243,16.91620958897753,37.34753186855824
1.0,-2.0,-2.0,False,2.544541835784912,15.190937956078045,34.473429413248894
1.0,18.0,18.0,False,2.8010661005973816,23.943485198999987,31.997555698978452
1.0,-56.0,-56.0,False,2.724195122718811,30.471989636464258,19.978742985481023
1.0,0.0,0.0,False,2.053526520729065,31.74773158583062,32.952558068526066
1.0,73.0,73.0,False,2.9865552484989166,16.256045698724925,9.703609730872426
1.0,87.0,87.0,False,3.4303992688655853,28.891166421986156,9.703609730872426
1.0,14.0,14.0,False,1.3492640852928162,26.980777909366207,16.864353494882454
1.0,-13.0,-13.0,False,2.121436297893524,34.7684997741593,36.45980739701667
1.0,57.0,57.0,False,2.9380125999450684,18.8366001412891,32.87637274019143
1.0,43.0,43.0,False,2.9993205070495605,22.872463252423415,21.628208870484688
1.0,10.0,10.0,False,2.1339359283447266,18.722541183159475,12.790979128739066
1.0,51.0,51.0,False,3.3129395842552185,5.308310348884172,20.832267194806956
1.0,-1.0,-1.0,False,3.2776045203208923,26.71889741198827,25.161065118225938
1.0,-1.0,-1.0,False,3.113304913043976,18.382525816699165,16.663956882805607
1.0,59.0,59.0,False,2.432694137096405,34.454048957459094,14.441248419520614
1.0,-55.0,-55.0,False,1.4707392454147339,20.608224138196064,34.186290001247244
1.0,-1.0,-1.0,False,2.3447704315185547,18.071420862335163,13.345931221067742
1.0,34.0,34.0,False,1.5169165879487991,12.156503120670179,31.458198301181287
1.0,2.0,2.0,False,1.6067794561386108,24.260197176717725,15.450379963866004
1.0,60.0,60.0,False,2.5674099028110504,18.092657263771923,25.28556909434804
1.0,-69.0,-69.0,False,3.158043846487999,17.703428934153163,21.673001722820217
1.0,-7.0,-7.0,False,3.1013946533203125,20.608224138196064,34.86739301952159
1.0,12.0,12.0,False,1.3886414468288422,18.271812285147163,9.135939690041774
1.0,36.0,36.0,False,1.6622157096862793,9.837469028681046,33.1101627301152
1.0,-1.0,-1.0,False,3.8521039485931396,11.890907474726635,26.73351009537184
1.0,-72.0,-72.0,False,2.5876158326864243,17.703428934153163,37.34753186855824
1.0,-6.0,-6.0,False,2.5674099028110504,18.092657263771923,37.34753186855824
1.0,7.0,7.0,False,2.259024202823639,32.590728019853664,25.542646014888405
1.0,10.0,10.0,False,4.703747197985649,5.497730914128355,32.7088542791458
1.0,-6.0,-6.0,False,1.3717246651649475,10.432750786391251,25.999587569266797
1.0,74.0,74.0,False,1.4441344738006592,33.44451603946929,22.451316065115762
1.0,67.0,67.0,False,1.5141531825065613,28.785823959742054,35.03910387051627
1.0,21.0,21.0,False,2.7252695560455322,9.958016048681257,31.372164533540417
1.0,64.0,64.0,False,1.2917852103710175,25.964089463148724,13.459427973083026
1.0,42.0,42.0,False,2.898730129003525,25.835971551947104,27.78112883911488
1.0,-56.0,-56.0,False,2.104907661676407,25.953938176910054,20.269103023102552
1.0,51.0,51.0,False,2.898730129003525,9.056053499626543,27.78112883911488
1.0,3.0,3.0,False,2.9318689703941345,30.964593294645937,21.145020517847584
1.0,43.0,43.0,False,1.8252893090248108,21.990944754414517,23.322895360689596
1.0,1.0,1.0,True,1.932467520236969,12.610840514907467,21.145020517847584
1.0,-60.0,-60.0,False,2.3126421570777893,24.37860119944642,24.80330589471663
1.0,-3.0,-3.0,False,3.542486071586609,24.91128094834846,24.21994336541356
1.0,-27.0,-27.0,False,2.2663206458091736,22.23650182120895,34.291507379124056
1.0,58.0,58.0,False,3.489539325237274,26.878686997980623,26.83425696384675
1.0,65.0,65.0,False,1.4880959391593933,26.963554810188032,33.34591596266566
1.0,15.0,15.0,False,4.082125723361969,18.932011378617116,26.94049437977629
1.0,61.0,61.0,False,2.424413561820984,29.354328056705803,25.354119565403323
1.0,-6.0,-6.0,False,3.224452018737793,24.900441352732123,19.148646602165936
1.0,-22.0,-22.0,False,3.936869740486145,16.233324268398587,20.832267194806956
1.0,-47.0,-47.0,False,1.5169165879487991,22.84598798526133,31.458198301181287
1.0,-11.0,-11.0,False,1.7582041025161743,22.939229645336756,27.891195407879483
1.0,-1.0,-1.0,False,2.6582862734794617,33.692975959809786,24.725313224389886
1.0,-34.0,-34.0,False,1.8113203644752502,35.11230467391966,18.572466194593446
1.0,-8.0,-8.0,False,3.976993978023529,32.74867340487791,8.877931621074204
1.0,14.0,14.0,False,1.7632200717926025,12.156503120670179,28.69725605411431
1.0,-10.0,-10.0,False,1.7582041025161743,25.835971551947104,27.891195407879483
1.0,8.0,8.0,False,1.3886414468288422,18.271812285147163,20.357271871898902
1.0,-19.0,-19.0,False,2.223728597164154,31.48916392668009,27.78112883911488
1.0,65.0,65.0,False,3.3129395842552185,5.308310348884172,32.87637274019143
1.0,-3.0,-3.0,False,1.4441344738006592,33.44451603946929,5.488275168201701
1.0,64.0,64.0,False,3.3207699060440063,26.08884671678263,36.226145347248455
1.0,3.0,3.0,False,2.3447704315185547,11.879688020199664,13.345931221067742
1.0,-77.0,-77.0,False,3.6229129433631897,22.84598798526133,18.482154383895995
1.0,1.0,1.0,True,2.3447704315185547,9.056053499626543,13.345931221067742
1.0,-59.0,-59.0,False,1.5703280568122864,15.701377050181703,13.620772799667288
1.0,6.0,6.0,False,3.3129395842552185,5.308310348884172,31.997555698978452
1.0,-53.0,-53.0,False,1.7946388721466064,29.982450565604964,34.995514936543344
1.0,-12.0,-12.0,False,2.2621034383773804,27.36642616164743,18.572466194593446
1.0,61.0,61.0,False,2.0134760588407516,23.95233383912604,18.314754308270544
1.0,41.0,41.0,False,3.3948099315166473,23.575649508188977,36.79542365643973
1.0,-67.0,-67.0,False,4.2702526450157166,28.289940677929867,21.673001722820217
1.0,-1.0,-1.0,False,2.024364173412323,33.12379333889426,8.877931621074204
1.0,35.0,35.0,False,2.890421509742737,14.358156104755082,22.451316065115762
1.0,8.0,8.0,False,3.090128183364868,21.257601556428813,23.797737191123563
1.0,8.0,8.0,False,2.980060338973999,31.591434820302673,22.13665679928357
1.0,-3.0,-3.0,False,2.432694137096405,34.454048957459094,21.601983340477062
1.0,-18.0,-18.0,False,2.3815550804138184,35.89623352524368,4.059982693639992
1.0,7.0,7.0,False,1.4707392454147339,15.30232523533702,34.186290001247244
1.0,-4.0,-4.0,False,1.8808482885360718,16.233324268398587,12.224557574482837
1.0,-67.0,-67.0,False,1.7946388721466064,22.84598798526133,34.995514936543344
1.0,-7.0,-7.0,False,1.7582041025161743,24.318990199055506,27.891195407879483
1.0,53.0,53.0,False,3.409733474254608,35.44229116462919,31.389653040343788
1.0,-21.0,-21.0,False,3.443395256996155,29.982450565604964,17.028606804639985
1.0,-49.0,-49.0,False,2.43341863155365,19.471234354430543,15.25211357103628
1.0,-4.0,-4.0,False,2.2168503403663635,17.197484670843764,27.85440369997098
1.0,16.0,16.0,False,2.1696077287197113,12.156503120670179,24.80330589471663
1.0,-49.0,-49.0,False,2.104907661676407,25.953938176910054,28.10591164373176
1.0,-61.0,-61.0,False,2.6245037093758583,15.701377050181703,24.18575183948218
1.0,-71.0,-71.0,False,2.222232937812805,29.246128967272103,22.42882863323334
1.0,40.0,40.0,False,2.759801506996155,18.002076797416475,27.806902444309817
1.0,65.0,65.0,False,3.679458796977997,8.98268501641157,33.34591596266566
1.0,-1.0,-1.0,False,1.3853058815002441,31.123886103786543,7.38210148692642
1.0,66.0,66.0,False,1.8252893090248108,21.990944754414517,28.628497930304032
1.0,37.0,37.0,False,2.7011097073554993,18.8366001412891,8.421414619276165
1.0,55.0,55.0,False,4.211778700351715,2.397342394599862,14.381637500381617
1.0,10.0,10.0,False,2.8010661005973816,23.943485198999987,14.88476613756396
1.0,-3.0,-3.0,False,3.2799124121665955,13.080491083241476,18.482154383895995
1.0,-46.0,-46.0,False,1.6067794561386108,30.471989636464258,15.450379963866004
1.0,12.0,12.0,False,2.3052366971969604,26.017286221272986,24.80330589471663
1.0,-23.0,-23.0,False,2.7455714344978333,29.982450565604964,6.275951447108819
1.0,68.0,68.0,False,3.3771815299987793,18.50909375594223,4.459602009074992
1.0,0.0,0.0,False,1.1539095640182495,19.21228347785371,22.870352392780184
1.0,-24.0,-24.0,False,2.1022221744060516,28.310497760499825,5.322838988611401
1.0,-9.0,-9.0,False,1.8228403329849243,20.55273625425399,18.347567783245577
1.0,6.0,6.0,False,2.5328515619039536,30.698823428517983,6.843915893773635
1.0,65.0,65.0,False,2.0134760588407516,11.879688020199664,18.314754308270544
1.0,7.0,7.0,False,0.9430700838565826,21.394029790779992,26.0158869549734
1.0,-72.0,-72.0,False,2.2530740201473236,33.692975959809786,36.45980739701667
1.0,-6.0,-6.0,False,2.5402535796165466,20.84884167296373,20.51298858135097
1.0,-53.0,-53.0,False,4.31939959526062,17.06188829604046,18.36059306547761
1.0,-67.0,-67.0,False,1.3717246651649475,10.432750786391251,20.51298858135097
1.0,52.0,52.0,False,2.7011097073554993,26.19468808816503,8.421414619276165
1.0,11.0,11.0,False,1.8113203644752502,35.11230467391966,21.443932305063885
1.0,-26.0,-26.0,False,2.061768591403961,14.358156104755082,15.73988283765683
1.0,7.0,7.0,False,1.4441344738006592,33.44451603946929,32.50178511192002
1.0,-23.0,-23.0,False,2.297873020172119,31.123886103786543,5.322838988611401
1.0,47.0,47.0,False,1.1608875393867493,7.352185408403478,18.904342883054355
1.0,-4.0,-4.0,False,2.584239363670349,18.382525816699165,30.443566268087675
1.0,-28.0,-28.0,False,3.7449076175689697,28.505115786057814,15.388087029496816
1.0,-49.0,-49.0,False,2.9359164237976074,3.4389312538847463,24.817704603762646
1.0,31.0,31.0,False,2.3231703639030457,8.086235652715668,14.441248419520614
1.0,-27.0,-27.0,False,3.443395256996155,30.166673019225854,17.028606804639985
1.0,7.0,7.0,False,3.683514952659607,23.19369650248405,4.059982693639992
1.0,15.0,15.0,False,2.061768591403961,9.056053499626543,15.73988283765683
1.0,-10.0,-10.0,False,2.2530740201473236,5.595276352617287,36.45980739701667
1.0,-13.0,-13.0,False,2.005629599094391,24.91128094834846,12.121604876693603
1.0,35.0,35.0,False,1.8808482885360718,35.89623352524368,12.224557574482837
1.0,-57.0,-57.0,False,3.9537346363067627,6.029207031846006,36.00490081065707
1.0,-6.0,-6.0,False,2.6582862734794617,33.692975959809786,34.86739301952159
1.0,-16.0,-16.0,False,1.4371719360351562,12.098450843698247,25.161065118225938
1.0,74.0,74.0,False,3.2776045203208923,26.71889741198827,35.7411198290843
1.0,-70.0,-70.0,False,1.3726705238223076,34.1664707147205,21.601983340477062
1.0,11.0,11.0,False,2.3159589767456055,19.21228347785371,9.898161031449447
1.0,-50.0,-50.0,False,2.0690821409225464,7.041759181872686,26.73351009537184
1.0,63.0,63.0,False,1.9512507319450378,21.23710802243027,13.459427973083026
1.0,-7.0,-7.0,False,1.3717246651649475,10.432750786391251,13.842305058489188
1.0,-9.0,-9.0,False,2.297873020172119,31.123886103786543,24.34573540285666
1.0,73.0,73.0,False,1.3492640852928162,26.980777909366207,18.00471487813727
1.0,77.0,77.0,False,3.4269476532936096,21.394029790779992,36.226145347248455
1.0,-36.0,-36.0,False,2.854583263397217,11.405053355532429,18.491774612026884
1.0,6.0,6.0,False,1.5141531825065613,21.875936520828773,35.03910387051627
1.0,-22.0,-22.0,False,1.5703280568122864,33.11694312809771,13.620772799667288
1.0,3.0,3.0,False,4.352439761161804,18.071420862335163,23.925503904642518
1.0,18.0,18.0,False,3.868704915046692,34.42764186819651,15.25211357103628
1.0,73.0,73.0,False,2.34564071893692,31.74773158583062,14.502795245961693
1.0,7.0,7.0,False,1.2917852103710175,25.964089463148724,16.021454404277176
1.0,73.0,73.0,False,2.1590104699134827,33.39123878753854,26.855633309154914
1.0,61.0,61.0,False,1.5141531825065613,35.470979635596464,35.03910387051627
1.0,68.0,68.0,False,1.2560493350028992,21.69418337517395,27.14354532416303
1.0,1.0,1.0,True,2.759801506996155,18.002076797416475,24.21994336541356
1.0,12.0,12.0,False,2.137230932712555,31.591434820302673,37.19225906565832
1.0,-3.0,-3.0,False,3.3129395842552185,5.308310348884172,26.917476726503143
1.0,30.0,30.0,False,1.873669445514679,21.47558849092369,5.322838988611401
1.0,-13.0,-13.0,False,2.522376596927643,11.715322578212358,25.999587569266797
1.0,-1.0,-1.0,False,1.7582041025161743,6.292859787474179,27.891195407879483
1.0,58.0,58.0,False,0.9726800937205553,32.920165522241525,14.381637500381617
1.0,3.0,3.0,False,2.1890931725502014,32.10240662783919,12.374615441714633
1.0,9.0,9.0,False,1.6314043998718262,28.785823959742054,22.954142507043095
1.0,63.0,63.0,False,2.281735122203827,32.590728019853664,8.677939059470587
1.0,-65.0,-65.0,False,2.98712557554245,35.26816848148384,12.374615441714633
1.0,-3.0,-3.0,False,2.281735122203827,32.590728019853664,18.36120713202909
1.0,-37.0,-37.0,False,2.2621034383773804,27.36642616164743,15.346486300185452
1.0,-8.0,-8.0,False,1.2560493350028992,21.69418337517395,26.590858669870467
1.0,-73.0,-73.0,False,2.6382824778556824,17.197484670843764,5.730275198301265
1.0,21.0,21.0,False,1.4441344738006592,33.44451603946929,18.36059306547761
1.0,-1.0,-1.0,False,1.932467520236969,12.610840514907467,25.354119565403323
1.0,-2.0,-2.0,False,2.297873020172119,31.123886103786543,18.00471487813727
1.0,-31.0,-31.0,False,1.6067794561386108,31.526618125825994,15.450379963866004
1.0,-64.0,-64.0,False,2.34214186668396,9.414402872477494,16.864353494882454
1.0,-65.0,-65.0,False,1.5405744314193726,14.091572189390325,25.815276525399156
1.0,1.0,1.0,True,2.112471282482147,35.470979635596464,23.797737191123563
1.0,48.0,48.0,False,2.1590104699134827,28.505115786057814,26.855633309154914
1.0,74.0,74.0,False,2.5674099028110504,18.092657263771923,21.145020517847584
1.0,-10.0,-10.0,False,7.1689541935920715,22.84598798526133,9.222443852448887
1.0,41.0,41.0,False,2.4488449692726135,11.890907474726635,30.640371271976623
1.0,10.0,10.0,False,2.3440675139427185,23.98909710551325,28.10591164373176
1.0,-11.0,-11.0,False,2.112471282482147,35.470979635596464,17.103170362008466
1.0,55.0,55.0,False,3.368401050567627,35.44229116462919,25.999587569266797
1.0,-61.0,-61.0,False,1.5703280568122864,9.414402872477494,13.620772799667288
1.0,14.0,14.0,False,1.8252893090248108,21.990944754414517,20.51298858135097
1.0,29.0,29.0,False,3.3369816541671753,28.482254192102236,9.703609730872426
1.0,34.0,34.0,False,1.6091139912605286,18.79326381225736,11.165851639188528
1.0,12.0,12.0,False,3.4028690457344055,33.39123878753854,26.73351009537184
1.0,-69.0,-69.0,False,5.099364757537842,33.94543219612186,18.347567783245577
1.0,15.0,15.0,False,2.330110728740692,9.056053499626543,9.135939690041774
1.0,-66.0,-66.0,False,1.6314043998718262,2.229340543531473,22.954142507043095
1.0,61.0,61.0,False,2.1574829816818237,17.3649708735702,8.421414619276165
1.0,-8.0,-8.0,False,3.47694993019104,21.248314330616918,15.388087029496816
1.0,-2.0,-2.0,False,1.8081241250038147,25.865808669670205,25.032773089415056
1.0,-1.0,-1.0,False,1.3492640852928162,26.980777909366207,29.345137363254686
1.0,99.0,99.0,False,3.06267911195755,26.19468808816503,9.703609730872426
1.0,35.0,35.0,False,2.9711042046546936,27.699845637913903,22.912632405615966
1.0,-11.0,-11.0,False,2.9380125999450684,18.8366001412891,26.917476726503143
1.0,73.0,73.0,False,1.9469876289367676,16.752034305759633,17.526725198718847
1.0,-12.0,-12.0,False,2.0134760588407516,16.233324268398587,18.314754308270544
1.0,14.0,14.0,False,1.7432042956352234,36.999149222515946,29.508781564650153
1.0,-35.0,-35.0,False,2.523193120956421,22.85823361825512,23.797737191123563
1.0,-9.0,-9.0,False,2.3158421516418457,21.248314330616918,27.85978593164864
1.0,33.0,33.0,False,2.5233590602874756,11.879688020199664,33.427375529862545
1.0,-67.0,-67.0,False,4.133131325244904,6.029207031846006,14.88476613756396
1.0,-6.0,-6.0,False,2.424413561820984,29.354328056705803,20.51298858135097
1.0,5.0,5.0,False,1.3853058815002441,28.289940677929867,7.38210148692642
1.0,-45.0,-45.0,False,1.4538708925247192,28.78586929810986,23.239188213286646
1.0,44.0,44.0,False,1.8808482885360718,28.505115786057814,12.224557574482837
1.0,3.0,3.0,False,2.1890931725502014,32.10240662783919,31.324192704060167
1.0,60.0,60.0,False,3.641448497772217,7.160005208871321,36.79542365643973
1.0,-54.0,-54.0,False,1.4707392454147339,19.471234354430543,34.186290001247244
1.0,-31.0,-31.0,False,2.8555980920791626,12.057094964001372,17.028606804639985
1.0,68.0,68.0,False,5.084574580192566,23.95233383912604,30.21246739655244
1.0,-4.0,-4.0,False,1.5330131649971008,23.120343786013375,5.488275168201701
1.0,63.0,63.0,False,3.2776045203208923,26.71889741198827,4.459602009074992
1.0,0.0,0.0,False,2.053526520729065,26.08884671678263,32.952558068526066
1.0,-32.0,-32.0,False,1.5103951692581177,28.141162026304723,28.69725605411431
1.0,66.0,66.0,False,2.5674099028110504,18.092657263771923,25.999587569266797
1.0,36.0,36.0,False,1.4481301307678223,26.412447934476244,26.855633309154914
1.0,60.0,60.0,False,1.2917852103710175,25.964089463148724,33.34591596266566
1.0,78.0,78.0,False,3.06267911195755,26.19468808816503,28.688738445070065
1.0,80.0,80.0,False,3.4028690457344055,33.39123878753854,27.14354532416303
1.0,53.0,53.0,False,3.409733474254608,35.44229116462919,21.628208870484688
1.0,79.0,79.0,False,3.042448103427887,28.66604829461329,28.688738445070065
1.0,-43.0,-43.0,False,1.7582041025161743,11.405053355532429,27.891195407879483
1.0,-80.0,-80.0,False,2.7618104219436646,8.356178656582365,18.482154383895995
1.0,-3.0,-3.0,False,0.9430700838565826,18.382525816699165,26.0158869549734
1.0,-70.0,-70.0,False,1.1208710372447968,22.84598798526133,37.189747320918464
1.0,61.0,61.0,False,2.2173951268196106,23.19369650248405,10.584261175218804
1.0,56.0,56.0,False,2.2168503403663635,30.224336330678028,27.85440369997098
1.0,5.0,5.0,False,1.848720669746399,21.425084469783393,27.885821991573998
1.0,2.0,2.0,False,2.302920937538147,22.939229645336756,29.508781564650153
1.0,-7.0,-7.0,False,2.584239363670349,21.23710802243027,30.443566268087675
1.0,-4.0,-4.0,False,1.1853395104408264,20.272339448978727,1.2749359114752163
1.0,63.0,63.0,False,3.6044744551181793,12.598034756910623,23.604559962157314
1.0,5.0,5.0,False,2.890421509742737,20.09281261862067,22.451316065115762
1.0,-56.0,-56.0,False,3.9537346363067627,35.26816848148384,36.00490081065707
1.0,69.0,69.0,False,4.1293825805187225,22.939229645336756,32.094003054207136
1.0,44.0,44.0,False,2.8010661005973816,23.943485198999987,31.372164533540417
1.0,-32.0,-32.0,False,2.819375067949295,6.900261263116606,33.427375529862545
1.0,-19.0,-19.0,False,1.4371719360351562,12.098450843698247,20.269103023102552
1.0,-77.0,-77.0,False,2.9956639111042023,17.06188829604046,18.36120713202909
1.0,-70.0,-70.0,False,2.223728597164154,31.48916392668009,36.45980739701667
1.0,-1.0,-1.0,False,3.409733474254608,35.44229116462919,24.18575183948218
1.0,44.0,44.0,False,1.873669445514679,21.47558849092369,16.62934864505049
1.0,-2.0,-2.0,False,1.418130338191986,6.683330341189405,24.18575183948218
1.0,4.0,4.0,False,1.544833242893219,24.318990199055506,13.925708658208414
1.0,56.0,56.0,False,3.542486071586609,24.91128094834846,30.21246739655244
1.0,35.0,35.0,False,2.1827545762062073,18.131700132371662,27.20078144353423
1.0,-9.0,-9.0,False,0.9430700838565826,33.43793056602988,26.0158869549734
1.0,5.0,5.0,False,1.4615353345870972,24.3966816255986,7.495364536838759
1.0,-2.0,-2.0,False,1.5330131649971008,23.120343786013375,5.730275198301265
1.0,5.0,5.0,False,2.7674158215522766,6.900261263116606,13.842305058489188
1.0,61.0,61.0,False,1.9512507319450378,25.835971551947104,13.459427973083026
1.0,-68.0,-68.0,False,1.292354255914688,11.715322578212358,23.74418119122861
1.0,-2.0,-2.0,False,3.868704915046692,34.42764186819651,16.663956882805607
1.0,67.0,67.0,False,1.848720669746399,21.425084469783393,33.34591596266566
1.0,-10.0,-10.0,False,2.053526520729065,23.04407532319795,32.952558068526066
1.0,-7.0,-7.0,False,3.6084189414978027,32.74867340487791,34.78893146537332
1.0,-53.0,-53.0,False,2.137230932712555,6.029207031846006,37.19225906565832
1.0,6.0,6.0,False,1.9512507319450378,7.041759181872686,13.459427973083026
1.0,3.0,3.0,False,1.8552296459674835,24.038057372583577,18.572466194593446
1.0,73.0,73.0,False,2.5233590602874756,11.879688020199664,23.086063163918773
1.0,45.0,45.0,False,2.7011097073554993,31.591434820302673,8.421414619276165
1.0,20.0,20.0,False,1.4707392454147339,32.10240662783919,34.186290001247244
1.0,-75.0,-75.0,False,3.3190014958381653,31.541606733365146,35.24950029817092
1.0,-1.0,-1.0,False,2.1590104699134827,8.565163803627529,26.855633309154914
1.0,-60.0,-60.0,False,1.4707392454147339,22.23650182120895,34.186290001247244
1.0,58.0,58.0,False,1.1608875393867493,34.58647276328661,18.904342883054355
1.0,-23.0,-23.0,False,0.7650613188743591,32.87587287237194,12.121604876693603
1.0,77.0,77.0,False,1.9469876289367676,15.073507536840781,17.526725198718847
1.0,-2.0,-2.0,False,2.2530740201473236,5.308310348884172,36.45980739701667
1.0,-41.0,-41.0,False,1.4538708925247192,28.78586929810986,29.508781564650153
1.0,64.0,64.0,False,2.3052366971969604,26.017286221272986,33.34591596266566
1.0,14.0,14.0,False,1.4880959391593933,26.963554810188032,13.620772799667288
1.0,8.0,8.0,False,1.4707392454147339,18.002076797416475,34.186290001247244
1.0,71.0,71.0,False,1.3492640852928162,26.980777909366207,30.748483635955846
1.0,-60.0,-60.0,False,2.330110728740692,20.264143560963497,9.135939690041774
1.0,16.0,16.0,False,3.1350640654563904,24.3966816255986,1.2749359114752163
1.0,6.0,6.0,False,2.9359164237976074,3.4389312538847463,20.404745937374443
1.0,-5.0,-5.0,False,2.1690545678138733,29.246128967272103,9.386108175383058
1.0,-54.0,-54.0,False,1.6067794561386108,11.715322578212358,15.450379963866004
1.0,57.0,57.0,False,1.9459398686885834,6.980770469595898,18.735797945758986
1.0,-15.0,-15.0,False,1.1853395104408264,20.272339448978727,25.161065118225938
1.0,-8.0,-8.0,False,2.6941354274749756,7.352185408403478,26.860130081969533
1.0,-5.0,-5.0,False,1.1539095640182495,18.382525816699165,22.870352392780184
1.0,4.0,4.0,False,3.113304913043976,18.382525816699165,20.51298858135097
1.0,-68.0,-68.0,False,3.7449076175689697,32.566224805892226,15.388087029496816
1.0,52.0,52.0,False,4.095898270606995,24.581949565757192,33.34591596266566
1.0,1.0,1.0,True,2.2656158804893494,33.94543219612186,30.748483635955846
1.0,26.0,26.0,False,2.7890952825546265,24.457773857498033,25.999587569266797
1.0,7.0,7.0,False,4.2217496037483215,31.526618125825994,29.364341198068484
1.0,-9.0,-9.0,False,4.761685371398926,14.32970490475888,26.633051483165268
1.0,68.0,68.0,False,2.3159589767456055,19.21228347785371,32.87637274019143
1.0,-58.0,-58.0,False,1.8490177989006042,8.161822231597412,20.684698577853457
1.0,-66.0,-66.0,False,2.1602810621261597,8.565163803627529,22.13665679928357
1.0,6.0,6.0,False,2.9416578114032745,33.367131938097614,18.491774612026884
1.0,76.0,76.0,False,1.9469876289367676,26.98666649538852,17.526725198718847
1.0,-4.0,-4.0,False,3.1013946533203125,8.161822231597412,34.86739301952159
1.0,26.0,26.0,False,1.845421314239502,21.23710802243027,19.136406682014858
1.0,-1.0,-1.0,False,2.9865552484989166,16.256045698724925,26.860130081969533
1.0,57.0,57.0,False,2.0878699719905853,9.837469028681046,9.222443852448887
1.0,-48.0,-48.0,False,2.2663206458091736,28.924202749595484,20.269103023102552
1.0,11.0,11.0,False,2.137230932712555,37.27938219045583,37.19225906565832
1.0,6.0,6.0,False,1.2727126479148865,9.056053499626543,25.52750618612244
1.0,35.0,35.0,False,2.1827545762062073,9.056053499626543,27.20078144353423
1.0,-46.0,-46.0,False,2.104907661676407,25.953938176910054,24.18575183948218
1.0,-19.0,-19.0,False,2.522376596927643,11.715322578212358,25.28556909434804
1.0,-70.0,-70.0,False,2.2644457817077637,29.51011279095896,29.395960646438574
1.0,34.0,34.0,False,3.3188682794570923,33.11694312809771,36.226145347248455
1.0,-58.0,-58.0,False,1.6877940893173218,4.420401283793772,9.608677337875939
1.0,-8.0,-8.0,False,1.8490177989006042,21.47558849092369,20.684698577853457
1.0,5.0,5.0,False,1.3886414468288422,18.271812285147163,31.997555698978452
1.0,-37.0,-37.0,False,2.4952675700187683,18.318841064185133,33.18791528934051
1.0,57.0,57.0,False,1.5141531825065613,34.7684997741593,35.03910387051627
1.0,-73.0,-73.0,False,4.078404068946838,20.608224138196064,14.88476613756396
1.0,-47.0,-47.0,False,1.3085340857505798,30.964593294645937,22.65700911730007
1.0,19.0,19.0,False,2.892580509185791,19.68400336806655,28.10591164373176
1.0,64.0,64.0,False,2.2656158804893494,34.42764186819651,30.748483635955846
1.0,0.0,0.0,False,4.379638433456421,24.581949565757192,13.211638934499053
1.0,67.0,67.0,False,2.5674099028110504,18.092657263771923,4.459602009074992
1.0,-69.0,-69.0,False,2.3158421516418457,32.566224805892226,27.85978593164864
1.0,40.0,40.0,False,2.854583263397217,11.405053355532429,27.14354532416303
1.0,-28.0,-28.0,False,5.694128692150116,14.091572189390325,18.572466194593446
1.0,-25.0,-25.0,False,0.7650613188743591,32.87587287237194,25.815276525399156
1.0,-12.0,-12.0,False,1.5202252268791199,17.251193378466958,9.608677337875939
1.0,-72.0,-72.0,False,3.230582892894745,8.161822231597412,17.103170362008466
1.0,3.0,3.0,False,1.2727126479148865,18.092657263771923,25.52750618612244
1.0,0.0,0.0,False,2.4882388561964035,20.608224138196064,23.635141365753462
1.0,2.0,2.0,False,2.835283577442169,20.09281261862067,27.34751404059315
1.0,48.0,48.0,False,1.6622157096862793,33.367131938097614,33.1101627301152
1.0,3.0,3.0,False,1.2917852103710175,25.964089463148724,25.542646014888405
1.0,-59.0,-59.0,False,4.376389384269714,10.695426990461895,11.67796683506765
1.0,69.0,69.0,False,1.504736065864563,21.257601556428813,9.77210024582313
1.0,-34.0,-34.0,False,4.635567665100098,32.566224805892226,25.777320960078576
1.0,33.0,33.0,False,1.467468500137329,12.757233493838733,31.393854760236884
1.0,37.0,37.0,False,7.630395472049713,36.68797148575405,27.806902444309817
1.0,56.0,56.0,False,1.418130338191986,6.683330341189405,36.226145347248455
1.0,21.0,21.0,False,2.184153288602829,9.958016048681257,24.31209032355875
1.0,-83.0,-83.0,False,2.522376596927643,11.715322578212358,26.917476726503143
1.0,-10.0,-10.0,False,2.796890377998352,9.979230483666694,33.34591596266566
1.0,4.0,4.0,False,2.281735122203827,32.590728019853664,25.161065118225938
1.0,22.0,22.0,False,4.364972651004791,21.2870061542708,36.226145347248455
1.0,24.0,24.0,False,1.3085340857505798,28.785823959742054,22.65700911730007
1.0,-61.0,-61.0,False,1.932467520236969,12.610840514907467,15.73988283765683
1.0,66.0,66.0,False,1.3853058815002441,25.865808669670205,7.38210148692642
1.0,61.0,61.0,False,1.418130338191986,6.683330341189405,26.65326240138274
1.0,5.0,5.0,False,1.7582041025161743,28.66604829461329,27.891195407879483
1.0,43.0,43.0,False,1.848720669746399,21.425084469783393,32.58938613308778
1.0,16.0,16.0,False,2.5233590602874756,11.879688020199664,18.556963881742636
1.0,-4.0,-4.0,False,1.4615353345870972,18.8366001412891,7.495364536838759
1.0,64.0,64.0,False,1.0842550098896027,15.912019384037675,12.149173667656775
1.0,29.0,29.0,False,1.9583583772182465,8.070981790978871,23.322895360689596
1.0,-19.0,-19.0,False,2.0134760588407516,11.715322578212358,18.314754308270544
1.0,75.0,75.0,False,4.001388132572174,16.266521242278586,21.443932305063885
1.0,-6.0,-6.0,False,1.8759672045707703,37.27938219045583,33.59574605999905
1.0,33.0,33.0,False,2.204734653234482,22.55268678158814,17.028606804639985
1.0,-55.0,-55.0,False,1.544833242893219,28.482254192102236,13.925708658208414
1.0,-59.0,-59.0,False,2.313730627298355,32.21881843507826,4.059982693639992
1.0,29.0,29.0,False,1.1225295066833496,8.086235652715668,19.44561669252357
1.0,9.0,9.0,False,1.2917852103710175,25.964089463148724,13.620772799667288
1.0,19.0,19.0,False,2.137230932712555,26.19468808816503,37.19225906565832
1.0,2.0,2.0,False,1.8517613410949707,9.490003044039497,25.354119565403323
1.0,-16.0,-16.0,False,0.7650613188743591,32.87587287237194,23.239188213286646
1.0,1.0,1.0,True,4.1291502714157104,36.68797148575405,18.556963881742636
1.0,52.0,52.0,False,3.5264723896980286,34.58647276328661,22.912632405615966
1.0,58.0,58.0,False,2.0134760588407516,11.099756683225937,18.314754308270544
1.0,-1.0,-1.0,False,1.7909663915634155,28.546783146452054,27.78112883911488
1.0,20.0,20.0,False,1.8769375681877136,22.831836291705336,23.239188213286646
1.0,19.0,19.0,False,1.9204778224229813,18.932011378617116,16.62934864505049
1.0,-11.0,-11.0,False,2.6327826231718063,20.264143560963497,24.34573540285666
1.0,-64.0,-64.0,False,4.2702526450157166,28.289940677929867,16.663956882805607
1.0,-1.0,-1.0,False,2.980060338973999,31.591434820302673,12.374615441714633
1.0,-30.0,-30.0,False,1.5202252268791199,17.251193378466958,17.34607261708314
1.0,4.0,4.0,False,2.6276148557662964,33.817628778226684,20.51298858135097
1.0,-7.0,-7.0,False,2.1602810621261597,8.565163803627529,9.222443852448887
1.0,61.0,61.0,False,1.1608875393867493,23.97745830196175,18.904342883054355
1.0,5.0,5.0,False,3.5351576805114746,26.98666649538852,25.161065118225938
1.0,-4.0,-4.0,False,1.5141531825065613,14.32970490475888,35.03910387051627
1.0,-75.0,-75.0,False,2.3158421516418457,20.608224138196064,27.85978593164864
1.0,67.0,67.0,False,2.9380125999450684,18.8366001412891,21.145020517847584
1.0,41.0,41.0,False,2.554571032524109,23.19369650248405,28.826648887328254
1.0,70.0,70.0,False,1.3853058815002441,10.68551135384107,7.38210148692642
1.0,-1.0,-1.0,False,0.9430700838565826,32.590728019853664,26.0158869549734
1.0,-71.0,-71.0,False,2.297873020172119,31.123886103786543,22.42882863323334
1.0,45.0,45.0,False,1.1853395104408264,20.272339448978727,33.34591596266566
1.0,36.0,36.0,False,2.1827545762062073,19.21228347785371,27.20078144353423
1.0,-53.0,-53.0,False,4.703747197985649,11.695018491954626,32.7088542791458
1.0,77.0,77.0,False,2.890421509742737,16.91620958897753,22.451316065115762
1.0,9.0,9.0,False,1.9469876289367676,33.94543219612186,17.526725198718847
1.0,48.0,48.0,False,3.3129395842552185,5.308310348884172,27.806902444309817
1.0,-72.0,-72.0,False,1.2727126479148865,10.337173999226442,25.52750618612244
1.0,8.0,8.0,False,1.5330131649971008,23.120343786013375,24.21994336541356
1.0,85.0,85.0,False,3.4269476532936096,21.394029790779992,32.094003054207136
1.0,-21.0,-21.0,False,2.7455714344978333,18.318841064185133,6.275951447108819
1.0,11.0,11.0,False,1.7946388721466064,24.3966816255986,34.995514936543344
1.0,-73.0,-73.0,False,2.8555980920791626,12.057094964001372,18.482154383895995
1.0,-4.0,-4.0,False,3.5264723896980286,34.58647276328661,24.18575183948218
1.0,76.0,76.0,False,2.892580509185791,19.68400336806655,32.87637274019143
1.0,77.0,77.0,False,3.4456048905849457,21.430079763551515,23.250399842464486
1.0,71.0,71.0,False,2.1696077287197113,12.156503120670179,30.748483635955846
1.0,-46.0,-46.0,False,4.2217496037483215,31.526618125825994,24.18575183948218
1.0,56.0,56.0,False,4.826260149478912,5.497730914128355,26.94049437977629
1.0,43.0,43.0,False,3.5161803364753723,31.74773158583062,27.806902444309817
1.0,-9.0,-9.0,False,2.005629599094391,18.002076797416475,12.121604876693603
1.0,-9.0,-9.0,False,2.112471282482147,35.470979635596464,14.88476613756396
1.0,62.0,62.0,False,1.3886414468288422,18.271812285147163,18.71603246459624
1.0,-47.0,-47.0,False,2.5920780897140503,19.054387827288423,18.36059306547761
1.0,1.0,1.0,True,1.7143964767456055,31.526618125825994,17.36589670811351
1.0,2.0,2.0,False,2.330110728740692,6.980770469595898,9.135939690041774
1.0,-3.0,-3.0,False,1.7582041025161743,18.071420862335163,27.891195407879483
1.0,6.0,6.0,False,1.7632200717926025,18.81429327848667,28.69725605411431
1.0,-4.0,-4.0,False,3.2600836157798767,19.92437867233294,12.149173667656775
1.0,0.0,0.0,False,3.113304913043976,18.382525816699165,27.885821991573998
1.0,10.0,10.0,False,2.2168503403663635,10.695426990461895,27.85440369997098
1.0,69.0,69.0,False,2.2656158804893494,15.073507536840781,30.748483635955846
1.0,1.0,1.0,True,2.1590104699134827,17.197484670843764,26.855633309154914
1.0,-66.0,-66.0,False,2.1602810621261597,8.565163803627529,36.00490081065707
1.0,-1.0,-1.0,False,2.5674099028110504,18.092657263771923,22.42882863323334
1.0,35.0,35.0,False,2.1696077287197113,12.156503120670179,25.777320960078576
1.0,45.0,45.0,False,2.554571032524109,28.891166421986156,28.826648887328254
1.0,-57.0,-57.0,False,1.8889750838279724,6.900261263116606,26.590858669870467
1.0,64.0,64.0,False,3.3398843705654144,25.835971551947104,14.441248419520614
1.0,13.0,13.0,False,1.7909663915634155,28.546783146452054,26.633051483165268
1.0,9.0,9.0,False,2.259024202823639,33.367131938097614,25.542646014888405
1.0,-3.0,-3.0,False,2.796890377998352,9.979230483666694,28.688738445070065
1.0,-12.0,-12.0,False,1.2560493350028992,21.69418337517395,8.877931621074204
1.0,-10.0,-10.0,False,1.8081241250038147,34.454048957459094,25.032773089415056
1.0,-22.0,-22.0,False,1.4371719360351562,12.098450843698247,36.45980739701667
1.0,-55.0,-55.0,False,1.4707392454147339,9.490003044039497,34.186290001247244
1.0,-58.0,-58.0,False,1.8113203644752502,35.11230467391966,16.864353494882454
1.0,1.0,1.0,True,1.8889750838279724,34.42764186819651,26.590858669870467
1.0,-11.0,-11.0,False,1.696217805147171,28.289940677929867,22.044037958767625
1.0,58.0,58.0,False,4.269735395908356,30.698823428517983,29.364341198068484
1.0,27.0,27.0,False,3.489539325237274,24.900441352732123,26.83425696384675
1.0,-65.0,-65.0,False,2.297873020172119,31.123886103786543,23.239188213286646
1.0,-76.0,-76.0,False,1.8759672045707703,31.123886103786543,33.59574605999905
1.0,77.0,77.0,False,1.8252893090248108,21.990944754414517,12.224557574482837
1.0,3.0,3.0,False,3.1613401770591736,18.318841064185133,33.34591596266566
1.0,-44.0,-44.0,False,3.571481168270111,27.539235648835106,33.427375529862545
1.0,49.0,49.0,False,2.2663206458091736,31.591434820302673,34.291507379124056
1.0,-56.0,-56.0,False,2.137230932712555,7.903703000376726,37.19225906565832
1.0,-78.0,-78.0,False,2.7618104219436646,8.356178656582365,27.885821991573998
1.0,-40.0,-40.0,False,1.5169165879487991,33.692975959809786,31.458198301181287
1.0,-9.0,-9.0,False,2.3158421516418457,31.74773158583062,27.85978593164864
1.0,19.0,19.0,False,3.113304913043976,18.382525816699165,18.36059306547761
1.0,-6.0,-6.0,False,3.789187967777252,23.04407532319795,20.357271871898902
1.0,31.0,31.0,False,2.1827545762062073,5.497730914128355,27.20078144353423
1.0,58.0,58.0,False,2.2307083010673523,32.590728019853664,28.628497930304032
1.0,-74.0,-74.0,False,3.571481168270111,27.539235648835106,17.34607261708314
1.0,-8.0,-8.0,False,2.313730627298355,32.21881843507826,22.912632405615966
1.0,53.0,53.0,False,2.9380125999450684,18.8366001412891,25.28556909434804
1.0,-26.0,-26.0,False,2.554571032524109,2.229340543531473,28.826648887328254
1.0,-4.0,-4.0,False,1.3717246651649475,10.432750786391251,24.725313224389886
1.0,1.0,1.0,True,3.705036461353302,5.595276352617287,24.21994336541356
1.0,-5.0,-5.0,False,2.5920780897140503,19.054387827288423,8.677939059470587
1.0,18.0,18.0,False,3.9829829335212708,12.757233493838733,5.488275168201701
1.0,46.0,46.0,False,2.6276148557662964,33.817628778226684,23.550614594784
1.0,-69.0,-69.0,False,4.5481462478637695,8.161822231597412,17.34607261708314
1.0,-14.0,-14.0,False,1.3726705238223076,34.1664707147205,21.628208870484688
1.0,-65.0,-65.0,False,5.10844749212265,14.091572189390325,18.347567783245577
1.0,-61.0,-61.0,False,1.7082156538963318,35.11230467391966,32.50178511192002
1.0,54.0,54.0,False,2.1890931725502014,32.10240662783919,28.826648887328254
1.0,-59.0,-59.0,False,5.084680497646332,11.695018491954626,23.239188213286646
1.0,2.0,2.0,False,3.6084189414978027,18.042106758135887,34.78893146537332
1.0,-23.0,-23.0,False,1.0763228237628937,34.7684997741593,27.129592717646734
1.0,37.0,37.0,False,3.3948099315166473,23.575649508188977,22.684442004041646
1.0,-42.0,-42.0,False,1.544833242893219,28.546783146452054,13.925708658208414
1.0,2.0,2.0,False,3.503438502550125,18.071420862335163,27.885821991573998
1.0,18.0,18.0,False,1.7946388721466064,28.66604829461329,34.995514936543344
1.0,-7.0,-7.0,False,3.6084189414978027,5.595276352617287,34.78893146537332
1.0,50.0,50.0,False,1.2560493350028992,21.69418337517395,24.34573540285666
1.0,71.0,71.0,False,1.4441344738006592,33.44451603946929,14.441248419520614
1.0,-5.0,-5.0,False,3.2776045203208923,26.71889741198827,8.877931621074204
1.0,-2.0,-2.0,False,3.7356543242931366,2.229340543531473,27.217077262975344
1.0,-69.0,-69.0,False,2.5920780897140503,19.054387827288423,17.34607261708314
1.0,-3.0,-3.0,False,2.544541835784912,15.190937956078045,30.443566268087675
1.0,71.0,71.0,False,1.1225295066833496,16.913672462529796,19.44561669252357
1.0,-7.0,-7.0,False,3.6084189414978027,33.43793056602988,34.78893146537332
1.0,59.0,59.0,False,1.3853058815002441,33.18775278918298,7.38210148692642
1.0,-31.0,-31.0,False,2.0690821409225464,7.041759181872686,25.777320960078576
1.0,-11.0,-11.0,False,2.759801506996155,18.002076797416475,18.347567783245577
1.0,8.0,8.0,False,0.7650613188743591,32.87587287237194,31.458198301181287
1.0,63.0,63.0,False,3.6044744551181793,12.598034756910623,28.688738445070065
1.0,-20.0,-20.0,False,4.272173136472702,19.53523172304082,20.832267194806956
1.0,-16.0,-16.0,False,1.7909663915634155,28.546783146452054,18.572466194593446
1.0,-27.0,-27.0,False,2.5328515619039536,24.900441352732123,6.843915893773635
1.0,-53.0,-53.0,False,1.7909663915634155,28.546783146452054,18.347567783245577
1.0,-64.0,-64.0,False,3.503438502550125,33.94543219612186,27.885821991573998
1.0,7.0,7.0,False,2.721968114376068,28.90673801319472,16.021454404277176
1.0,-13.0,-13.0,False,2.2530740201473236,24.62772110364727,36.45980739701667
1.0,17.0,17.0,False,1.8445653915405273,32.10240662783919,27.114130329730248
1.0,-1.0,-1.0,False,2.890421509742737,3.4389312538847463,22.451316065115762
1.0,-23.0,-23.0,False,2.898730129003525,14.32970490475888,27.78112883911488
1.0,5.0,5.0,False,1.0842550098896027,15.912019384037675,29.508781564650153
1.0,79.0,79.0,False,2.2243512868881226,16.752034305759633,20.404745937374443
1.0,2.0,2.0,False,1.1608875393867493,29.246128967272103,18.904342883054355
1.0,2.0,2.0,False,2.0878699719905853,9.837469028681046,24.80330589471663
1.0,-67.0,-67.0,False,2.6582862734794617,33.692975959809786,23.925503904642518
1.0,-27.0,-27.0,False,2.6941354274749756,7.352185408403478,5.730275198301265
1.0,2.0,2.0,False,1.7973406910896301,28.995039186722533,17.103170362008466
1.0,-56.0,-56.0,False,2.297873020172119,31.123886103786543,1.2749359114752163
1.0,-48.0,-48.0,False,1.8445653915405273,18.318841064185133,27.114130329730248
1.0,-29.0,-29.0,False,2.6941354274749756,7.352185408403478,5.488275168201701
1.0,-59.0,-59.0,False,2.34214186668396,30.166673019225854,16.864353494882454
1.0,-14.0,-14.0,False,1.8759672045707703,15.30232523533702,33.59574605999905
1.0,16.0,16.0,False,1.8252893090248108,21.990944754414517,22.13665679928357
1.0,-2.0,-2.0,False,2.584239363670349,21.257601556428813,30.443566268087675
1.0,-55.0,-55.0,False,2.3126421570777893,24.37860119944642,9.608677337875939
1.0,74.0,74.0,False,3.3207699060440063,26.08884671678263,35.7411198290843
1.0,71.0,71.0,False,2.980060338973999,31.591434820302673,11.165851639188528
1.0,-7.0,-7.0,False,2.2663206458091736,28.924202749595484,17.028606804639985
1.0,-1.0,-1.0,False,3.542486071586609,24.91128094834846,24.18575183948218
1.0,-2.0,-2.0,False,2.1690545678138733,7.903703000376726,9.386108175383058
1.0,18.0,18.0,False,3.06267911195755,26.19468808816503,24.18575183948218
1.0,-72.0,-72.0,False,4.272173136472702,19.53523172304082,34.473429413248894
1.0,-21.0,-21.0,False,4.0625593066215515,14.358156104755082,26.860130081969533
1.0,-58.0,-58.0,False,1.292354255914688,19.471234354430543,23.74418119122861
1.0,-16.0,-16.0,False,1.6719534397125244,35.882794227985805,36.45980739701667
1.0,72.0,72.0,False,2.024364173412323,33.12379333889426,26.855633309154914
1.0,-5.0,-5.0,False,1.8517613410949707,9.490003044039497,13.842305058489188
1.0,-56.0,-56.0,False,2.6215956807136536,14.32970490475888,28.81607889054369
1.0,-70.0,-70.0,False,1.7082156538963318,22.84598798526133,32.50178511192002
1.0,-39.0,-39.0,False,2.1827545762062073,24.37860119944642,27.20078144353423
1.0,-60.0,-60.0,False,1.5703280568122864,20.264143560963497,13.620772799667288
1.0,-2.0,-2.0,False,1.1608875393867493,3.4389312538847463,18.904342883054355
1.0,-15.0,-15.0,False,3.230582892894745,36.68797148575405,17.103170362008466
1.0,-59.0,-59.0,False,1.467468500137329,9.490003044039497,31.393854760236884
1.0,46.0,46.0,False,4.32883358001709,28.505115786057814,23.604559962157314
1.0,-42.0,-42.0,False,1.8113203644752502,35.11230467391966,24.817704603762646
1.0,71.0,71.0,False,1.4441344738006592,33.44451603946929,28.688738445070065
1.0,0.0,0.0,False,2.867971360683441,28.90673801319472,18.491774612026884
1.0,-34.0,-34.0,False,1.9712557196617126,27.36642616164743,25.92918998238665
1.0,-2.0,-2.0,False,3.2799124121665955,13.080491083241476,16.663956882805607
1.0,57.0,57.0,False,3.6044744551181793,12.598034756910623,31.389653040343788
1.0,-38.0,-38.0,False,2.053526520729065,18.932011378617116,32.952558068526066
1.0,-3.0,-3.0,False,1.8759672045707703,6.292859787474179,33.59574605999905
1.0,2.0,2.0,False,2.1339359283447266,28.66604829461329,12.790979128739066
1.0,69.0,69.0,False,1.1225295066833496,33.39123878753854,19.44561669252357
1.0,15.0,15.0,False,4.713320732116699,35.76414691342274,15.25211357103628
1.0,-80.0,-80.0,False,1.0763228237628937,19.054387827288423,27.129592717646734
1.0,60.0,60.0,False,2.4344555735588074,28.73434036692554,36.226145347248455
1.0,19.0,19.0,False,1.6622157096862793,23.575649508188977,33.1101627301152
1.0,12.0,12.0,False,3.542486071586609,24.91128094834846,18.889271677414506
1.0,64.0,64.0,False,3.1350640654563904,24.3966816255986,8.677939059470587
1.0,-50.0,-50.0,False,2.724195122718811,30.471989636464258,36.12627247611908
1.0,16.0,16.0,False,1.4707392454147339,18.50909375594223,34.186290001247244
1.0,13.0,13.0,False,1.6314043998718262,36.07260460993532,22.954142507043095
1.0,59.0,59.0,False,4.008767157793045,2.397342394599862,24.725313224389886
1.0,66.0,66.0,False,1.3886414468288422,18.271812285147163,30.748483635955846
1.0,4.0,4.0,False,1.8081241250038147,16.913672462529796,25.032773089415056
1.0,61.0,61.0,False,2.0134760588407516,29.117216388103625,18.314754308270544
1.0,-8.0,-8.0,False,1.9512507319450378,2.229340543531473,13.459427973083026
1.0,-76.0,-76.0,False,2.2455314993858337,30.166673019225854,17.887722609525632
1.0,-69.0,-69.0,False,1.6877940893173218,4.420401283793772,20.51298858135097
1.0,-25.0,-25.0,False,1.3726705238223076,34.1664707147205,22.044037958767625
1.0,39.0,39.0,False,1.5202252268791199,17.251193378466958,18.735797945758986
1.0,-60.0,-60.0,False,3.1613401770591736,18.318841064185133,34.78893146537332
1.0,6.0,6.0,False,1.4505676552653313,29.982450565604964,16.479586949959025
1.0,11.0,11.0,False,4.181199371814728,31.526618125825994,4.459602009074992
1.0,-59.0,-59.0,False,1.1208710372447968,33.94543219612186,37.189747320918464
1.0,63.0,63.0,False,2.0878699719905853,9.837469028681046,25.354119565403323
1.0,-83.0,-83.0,False,2.522376596927643,11.715322578212358,5.488275168201701
1.0,69.0,69.0,False,1.1608875393867493,25.865808669670205,18.904342883054355
1.0,60.0,60.0,False,5.084574580192566,32.74867340487791,30.21246739655244
1.0,67.0,67.0,False,2.2656158804893494,33.39123878753854,30.748483635955846
1.0,-74.0,-74.0,False,4.208551704883575,20.264143560963497,31.324192704060167
1.0,28.0,28.0,False,2.4488449692726135,22.69576102517743,30.640371271976623
1.0,-7.0,-7.0,False,2.1690545678138733,20.264143560963497,9.386108175383058
1.0,9.0,9.0,False,3.489539325237274,31.526618125825994,26.83425696384675
1.0,-52.0,-52.0,False,2.2663206458091736,28.924202749595484,5.488275168201701
1.0,69.0,69.0,False,2.7165763899683952,6.292859787474179,25.999587569266797
1.0,-67.0,-67.0,False,1.5405744314193726,35.26816848148384,25.815276525399156
1.0,2.0,2.0,False,1.8552296459674835,24.038057372583577,19.148646602165936
1.0,-67.0,-67.0,False,5.159388929605484,8.161822231597412,20.269103023102552
1.0,72.0,72.0,False,3.6044744551181793,12.598034756910623,27.14354532416303
1.0,94.0,94.0,False,2.9519542455673218,9.056053499626543,9.703609730872426
1.0,29.0,29.0,False,3.042448103427887,28.66604829461329,15.25211357103628
1.0,49.0,49.0,False,2.0219754576683044,28.785823959742054,28.826648887328254
1.0,-59.0,-59.0,False,3.9464156329631805,6.029207031846006,20.51298858135097
1.0,-63.0,-63.0,False,1.6877940893173218,4.420401283793772,24.80330589471663
1.0,-53.0,-53.0,False,2.5729753375053406,16.233324268398587,15.935682006068493
1.0,74.0,74.0,False,2.3052366971969604,26.017286221272986,26.65326240138274
1.0,66.0,66.0,False,3.3207699060440063,26.08884671678263,23.604559962157314
1.0,55.0,55.0,False,2.3672818541526794,30.224336330678028,9.222443852448887
1.0,55.0,55.0,False,2.3672818541526794,30.224336330678028,25.999587569266797
1.0,-1.0,-1.0,False,2.1827545762062073,35.89623352524368,27.20078144353423
1.0,-74.0,-74.0,False,1.5405744314193726,19.53523172304082,25.815276525399156
1.0,4.0,4.0,False,3.8318941593170166,21.23710802243027,21.601983340477062
1.0,8.0,8.0,False,3.6044744551181793,12.598034756910623,19.978742985481023
1.0,28.0,28.0,False,3.3188682794570923,33.11694312809771,26.633051483165268
1.0,-56.0,-56.0,False,4.6882873475551605,11.695018491954626,20.357271871898902
1.0,-25.0,-25.0,False,4.208551704883575,20.264143560963497,5.322838988611401
1.0,69.0,69.0,False,4.957804501056671,6.980770469595898,27.14354532416303
1.0,-55.0,-55.0,False,1.8490177989006042,6.029207031846006,20.684698577853457
1.0,-69.0,-69.0,False,2.5876158326864243,35.26816848148384,37.34753186855824
1.0,16.0,16.0,False,1.8769375681877136,22.831836291705336,27.885821991573998
1.0,-33.0,-33.0,False,3.7377941012382507,32.566224805892226,31.372164533540417
1.0,10.0,10.0,False,1.3085340857505798,23.04407532319795,22.65700911730007
1.0,66.0,66.0,False,1.5141531825065613,5.497730914128355,35.03910387051627
1.0,-11.0,-11.0,False,1.1539095640182495,5.595276352617287,22.870352392780184
1.0,63.0,63.0,False,3.3129395842552185,5.308310348884172,18.71603246459624
1.0,46.0,46.0,False,2.9865552484989166,16.256045698724925,32.87637274019143
1.0,-13.0,-13.0,False,2.424413561820984,29.354328056705803,11.67796683506765
1.0,32.0,32.0,False,1.6091139912605286,18.79326381225736,24.725313224389886
1.0,-22.0,-22.0,False,2.2663206458091736,31.123886103786543,34.291507379124056
1.0,-50.0,-50.0,False,2.2663206458091736,28.924202749595484,11.67796683506765
1.0,68.0,68.0,False,2.2168503403663635,33.39123878753854,27.85440369997098
1.0,-80.0,-80.0,False,0.9430700838565826,34.1664707147205,26.0158869549734
1.0,-61.0,-61.0,False,1.7632200717926025,31.123886103786543,28.69725605411431
1.0,-8.0,-8.0,False,2.112471282482147,35.470979635596464,5.730275198301265
1.0,77.0,77.0,False,2.2243512868881226,16.752034305759633,21.443932305063885
1.0,79.0,79.0,False,1.7432042956352234,36.999149222515946,21.145020517847584
1.0,13.0,13.0,False,2.3440675139427185,23.98909710551325,24.18575183948218
1.0,-79.0,-79.0,False,1.3717246651649475,10.432750786391251,12.790979128739066
1.0,24.0,24.0,False,2.4952675700187683,21.430079763551515,33.18791528934051
1.0,11.0,11.0,False,2.3815550804138184,35.89623352524368,8.421414619276165
1.0,63.0,63.0,False,3.705036461353302,5.595276352617287,28.688738445070065
1.0,-7.0,-7.0,False,4.847734332084656,35.76414691342274,34.473429413248894
1.0,-15.0,-15.0,False,1.696217805147171,20.09281261862067,22.044037958767625
1.0,-39.0,-39.0,False,2.854583263397217,11.405053355532429,20.269103023102552
1.0,-17.0,-17.0,False,3.7391642332077026,11.695018491954626,25.423970966651428
1.0,67.0,67.0,False,1.3492640852928162,26.980777909366207,8.677939059470587
1.0,19.0,19.0,False,3.4303992688655853,27.539235648835106,9.703609730872426
1.0,59.0,59.0,False,2.432694137096405,34.454048957459094,23.604559962157314
1.0,2.0,2.0,False,1.8490177989006042,22.939229645336756,20.684698577853457
1.0,0.0,0.0,False,1.1208710372447968,35.470979635596464,37.189747320918464
1.0,68.0,68.0,False,3.321405053138733,27.252485546881246,9.222443852448887
1.0,-79.0,-79.0,False,2.9956639111042023,2.229340543531473,18.36120713202909
1.0,25.0,25.0,False,1.845421314239502,30.698823428517983,19.136406682014858
1.0,50.0,50.0,False,1.873669445514679,21.47558849092369,30.21246739655244
1.0,18.0,18.0,False,1.7909663915634155,28.546783146452054,18.735797945758986
1.0,-55.0,-55.0,False,3.158043846487999,17.703428934153163,26.73351009537184
1.0,0.0,0.0,False,4.52823805809021,6.980770469595898,24.18575183948218
1.0,-50.0,-50.0,False,4.0625593066215515,8.161822231597412,26.860130081969533
1.0,-48.0,-48.0,False,2.523193120956421,22.85823361825512,29.345137363254686
1.0,-68.0,-68.0,False,2.584239363670349,33.94543219612186,30.443566268087675
1.0,46.0,46.0,False,1.6622157096862793,31.591434820302673,33.1101627301152
1.0,-3.0,-3.0,False,2.121436297893524,34.7684997741593,22.13665679928357
1.0,23.0,23.0,False,1.5169165879487991,21.579732449687548,31.458198301181287
1.0,61.0,61.0,False,3.821203887462616,2.397342394599862,11.165851639188528
1.0,4.0,4.0,False,4.008767157793045,11.695018491954626,24.725313224389886
1.0,10.0,10.0,False,2.34214186668396,5.308310348884172,16.864353494882454
1.0,76.0,76.0,False,1.9469876289367676,24.3966816255986,17.526725198718847
1.0,8.0,8.0,False,4.546708822250366,18.131700132371662,31.997555698978452
1.0,62.0,62.0,False,2.3672818541526794,30.224336330678028,22.451316065115762
1.0,26.0,26.0,False,3.305922567844391,33.11694312809771,25.28556909434804
1.0,7.0,7.0,False,1.8252893090248108,21.990944754414517,5.730275198301265
1.0,7.0,7.0,False,2.6276148557662964,33.817628778226684,20.357271871898902
1.0,17.0,17.0,False,1.9469876289367676,10.695426990461895,17.526725198718847
1.0,19.0,19.0,False,2.2621034383773804,27.36642616164743,31.389653040343788
1.0,-15.0,-15.0,False,2.3672818541526794,30.224336330678028,15.388087029496816
1.0,15.0,15.0,False,1.7143964767456055,18.932011378617116,17.36589670811351
1.0,-67.0,-67.0,False,3.200688511133194,21.875936520828773,29.345137363254686
1.0,-8.0,-8.0,False,1.6314043998718262,21.47558849092369,22.954142507043095
1.0,-1.0,-1.0,False,2.1022221744060516,28.310497760499825,11.165851639188528
1.0,36.0,36.0,False,2.1827545762062073,16.91620958897753,27.20078144353423
1.0,-48.0,-48.0,False,0.9430700838565826,21.2870061542708,26.0158869549734
1.0,5.0,5.0,False,4.352439761161804,15.073507536840781,23.925503904642518
1.0,-68.0,-68.0,False,1.3512997776269913,20.09281261862067,10.26946680187318
1.0,37.0,37.0,False,1.4481301307678223,26.412447934476244,26.65326240138274
1.0,51.0,51.0,False,2.2663206458091736,11.480935423751225,34.291507379124056
1.0,38.0,38.0,False,1.848720669746399,21.425084469783393,23.322895360689596
1.0,0.0,0.0,False,2.137230932712555,35.44229116462919,37.19225906565832
1.0,2.0,2.0,False,1.1853395104408264,20.272339448978727,18.36059306547761
1.0,24.0,24.0,False,3.761225461959839,16.913672462529796,36.12627247611908
1.0,7.0,7.0,False,3.2776045203208923,26.71889741198827,18.556963881742636
1.0,10.0,10.0,False,2.9519542455673218,9.056053499626543,36.00490081065707
1.0,9.0,9.0,False,1.5703280568122864,24.318990199055506,13.620772799667288
1.0,-25.0,-25.0,False,1.0763228237628937,6.683330341189405,27.129592717646734
1.0,-72.0,-72.0,False,1.8081241250038147,17.06188829604046,25.032773089415056
1.0,48.0,48.0,False,0.7650613188743591,32.87587287237194,10.584261175218804
1.0,10.0,10.0,False,2.993524670600891,19.397583628131407,24.18575183948218
1.0,0.0,0.0,False,1.418130338191986,6.683330341189405,13.620772799667288
1.0,70.0,70.0,False,2.34564071893692,33.43793056602988,14.502795245961693
1.0,-13.0,-13.0,False,3.503438502550125,23.04407532319795,27.885821991573998
1.0,-39.0,-39.0,False,2.184153288602829,19.53523172304082,24.31209032355875
1.0,0.0,0.0,False,2.053526520729065,20.872270462760632,32.952558068526066
1.0,29.0,29.0,False,2.061768591403961,18.722541183159475,15.73988283765683
1.0,81.0,81.0,False,2.8010661005973816,23.943485198999987,36.226145347248455
1.0,-69.0,-69.0,False,1.8889750838279724,16.233324268398587,26.590858669870467
1.0,-68.0,-68.0,False,2.7279683351516724,8.356178656582365,24.80330589471663
1.0,67.0,67.0,False,2.9416578114032745,33.367131938097614,21.628208870484688
1.0,-67.0,-67.0,False,2.3158421516418457,29.982450565604964,27.85978593164864
1.0,-15.0,-15.0,False,2.4488449692726135,20.09281261862067,30.640371271976623
1.0,11.0,11.0,False,2.137230932712555,15.190937956078045,37.19225906565832
1.0,74.0,74.0,False,1.7973406910896301,28.995039186722533,4.459602009074992
1.0,-76.0,-76.0,False,1.8759672045707703,20.608224138196064,33.59574605999905
1.0,-22.0,-22.0,False,2.9865552484989166,16.256045698724925,26.917476726503143
1.0,61.0,61.0,False,3.305922567844391,11.668381542238263,25.28556909434804
1.0,-1.0,-1.0,False,3.090128183364868,21.257601556428813,34.473429413248894
1.0,78.0,78.0,False,3.868704915046692,34.42764186819651,20.404745937374443
1.0,-51.0,-51.0,False,2.302920937538147,6.900261263116606,29.508781564650153
1.0,-54.0,-54.0,False,1.256055235862732,7.903703000376726,25.010071003876767
1.0,-63.0,-63.0,False,1.3717246651649475,10.432750786391251,16.864353494882454
1.0,69.0,69.0,False,1.504736065864563,10.68551135384107,9.77210024582313
1.0,16.0,16.0,False,2.8315558433532715,21.454036040385972,22.451316065115762
1.0,-9.0,-9.0,False,2.98712557554245,32.74867340487791,12.374615441714633
1.0,50.0,50.0,False,2.9865552484989166,16.256045698724925,36.226145347248455
1.0,-7.0,-7.0,False,1.7143964767456055,6.029207031846006,17.36589670811351
1.0,-47.0,-47.0,False,2.1827545762062073,8.356178656582365,27.20078144353423
1.0,67.0,67.0,False,0.8713243305683136,17.2458449072506,36.226145347248455
1.0,-7.0,-7.0,False,2.9380125999450684,18.8366001412891,16.663956882805607
1.0,-51.0,-51.0,False,2.9318689703941345,30.964593294645937,18.36059306547761
1.0,-8.0,-8.0,False,1.5202252268791199,17.251193378466958,15.25211357103628
1.0,-7.0,-7.0,False,3.789187967777252,23.04407532319795,23.797737191123563
1.0,22.0,22.0,False,2.454602897167206,18.722541183159475,23.239188213286646
1.0,-56.0,-56.0,False,2.0690821409225464,7.041759181872686,31.997555698978452
1.0,10.0,10.0,False,1.292354255914688,18.382525816699165,23.74418119122861
1.0,-2.0,-2.0,False,4.946177899837494,32.566224805892226,18.71603246459624
1.0,-1.0,-1.0,False,2.9318689703941345,30.964593294645937,28.688738445070065
1.0,-3.0,-3.0,False,2.3756235241889954,10.68551135384107,18.347567783245577
1.0,6.0,6.0,False,2.053526520729065,26.98666649538852,32.952558068526066
1.0,6.0,6.0,False,2.5439881682395935,22.69576102517743,31.372164533540417
1.0,1.0,1.0,True,3.799393594264984,7.903703000376726,33.10265273098773
1.0,-22.0,-22.0,False,1.8552296459674835,24.038057372583577,21.601983340477062
1.0,70.0,70.0,False,1.9469876289367676,26.71889741198827,17.526725198718847
1.0,9.0,9.0,False,0.8713243305683136,17.2458449072506,24.18575183948218
1.0,10.0,10.0,False,1.8490177989006042,18.50909375594223,20.684698577853457
1.0,31.0,31.0,False,2.854583263397217,11.405053355532429,11.165851639188528
1.0,-30.0,-30.0,False,1.7946388721466064,11.405053355532429,34.995514936543344
1.0,56.0,56.0,False,1.0842550098896027,15.912019384037675,25.28556909434804
1.0,52.0,52.0,False,2.4488449692726135,5.497730914128355,30.640371271976623
1.0,-29.0,-29.0,False,4.0625593066215515,21.2870061542708,26.860130081969533
1.0,-1.0,-1.0,False,3.3207699060440063,26.08884671678263,25.161065118225938
1.0,59.0,59.0,False,3.6044744551181793,12.598034756910623,22.28576503126075
1.0,-5.0,-5.0,False,1.504736065864563,8.565163803627529,9.77210024582313
1.0,23.0,23.0,False,1.7973406910896301,28.995039186722533,9.608677337875939
1.0,49.0,49.0,False,1.1853395104408264,20.272339448978727,4.459602009074992
1.0,-2.0,-2.0,False,3.2600836157798767,20.608224138196064,12.149173667656775
1.0,25.0,25.0,False,3.589812219142914,25.835971551947104,31.372164533540417
1.0,-4.0,-4.0,False,1.0763228237628937,21.394029790779992,27.129592717646734
1.0,22.0,22.0,False,3.5351576805114746,26.98666649538852,15.25211357103628
1.0,1.0,1.0,True,3.7356543242931366,16.233324268398587,27.217077262975344
1.0,9.0,9.0,False,2.259024202823639,9.056053499626543,25.542646014888405
1.0,-46.0,-46.0,False,3.7449076175689697,18.932011378617116,15.388087029496816
1.0,2.0,2.0,False,1.6877940893173218,4.420401283793772,32.094003054207136
1.0,-59.0,-59.0,False,2.330110728740692,30.964593294645937,9.135939690041774
1.0,12.0,12.0,False,1.4441344738006592,33.44451603946929,31.393854760236884
1.0,58.0,58.0,False,2.1690545678138733,7.160005208871321,9.386108175383058
1.0,-67.0,-67.0,False,1.5703280568122864,11.715322578212358,13.620772799667288
1.0,-13.0,-13.0,False,2.2307083010673523,20.608224138196064,28.628497930304032
1.0,78.0,78.0,False,1.8769375681877136,22.831836291705336,33.34591596266566
1.0,0.0,0.0,False,1.7582041025161743,16.91620958897753,27.891195407879483
1.0,77.0,77.0,False,1.8769375681877136,22.831836291705336,26.633051483165268
1.0,38.0,38.0,False,1.5169165879487991,21.394029790779992,31.458198301181287
1.0,-66.0,-66.0,False,4.52823805809021,22.84598798526133,24.18575183948218
1.0,-33.0,-33.0,False,3.951787531375885,21.875936520828773,33.427375529862545
1.0,-5.0,-5.0,False,2.7246637418866158,26.08884671678263,22.42882863323334
1.0,56.0,56.0,False,0.8713243305683136,17.2458449072506,17.36589670811351
1.0,61.0,61.0,False,1.6719534397125244,35.882794227985805,17.526725198718847
1.0,63.0,63.0,False,2.835283577442169,18.8366001412891,27.34751404059315
1.0,-10.0,-10.0,False,2.9956639111042023,21.579732449687548,18.36120713202909
1.0,6.0,6.0,False,3.789187967777252,23.04407532319795,15.25211357103628
1.0,-2.0,-2.0,False,1.8490177989006042,24.91128094834846,20.684698577853457
1.0,47.0,47.0,False,2.2307083010673523,6.980770469595898,28.628497930304032
1.0,14.0,14.0,False,2.6276148557662964,33.817628778226684,19.978742985481023
1.0,15.0,15.0,False,2.5729753375053406,20.872270462760632,15.935682006068493
1.0,-38.0,-38.0,False,1.4538708925247192,28.78586929810986,15.73988283765683
1.0,0.0,0.0,False,1.6877940893173218,4.420401283793772,21.145020517847584
1.0,-78.0,-78.0,False,2.9359164237976074,3.4389312538847463,26.917476726503143
1.0,37.0,37.0,False,2.7011097073554993,17.461209111160006,8.421414619276165
1.0,-9.0,-9.0,False,2.759801506996155,18.002076797416475,34.473429413248894
1.0,37.0,37.0,False,2.3672818541526794,30.224336330678028,27.78112883911488
1.0,-16.0,-16.0,False,2.898730129003525,32.566224805892226,27.78112883911488
1.0,8.0,8.0,False,3.3398843705654144,29.982450565604964,14.441248419520614
1.0,-56.0,-56.0,False,1.292354255914688,20.15381772055555,23.74418119122861
1.0,75.0,75.0,False,2.5233590602874756,11.879688020199664,11.165851639188528
1.0,-50.0,-50.0,False,2.6215956807136536,33.94543219612186,28.81607889054369
1.0,-6.0,-6.0,False,1.1853395104408264,20.272339448978727,27.114130329730248
1.0,68.0,68.0,False,1.8808482885360718,28.785823959742054,12.224557574482837
1.0,6.0,6.0,False,3.3129395842552185,5.308310348884172,23.239188213286646
1.0,-76.0,-76.0,False,2.313730627298355,32.21881843507826,17.34607261708314
1.0,57.0,57.0,False,3.7853546142578125,33.43793056602988,21.628208870484688
1.0,-74.0,-74.0,False,0.9430700838565826,16.233324268398587,26.0158869549734
1.0,-2.0,-2.0,False,1.1208710372447968,22.55268678158814,37.189747320918464
1.0,34.0,34.0,False,1.9583583772182465,19.397583628131407,23.322895360689596
1.0,49.0,49.0,False,2.424413561820984,29.354328056705803,25.28556909434804
1.0,-5.0,-5.0,False,2.3158421516418457,18.092657263771923,27.85978593164864
1.0,-6.0,-6.0,False,6.007295250892639,2.397342394599862,18.491774612026884
1.0,1.0,1.0,True,1.4615353345870972,13.080491083241476,7.495364536838759
1.0,-30.0,-30.0,False,2.522376596927643,11.715322578212358,28.826648887328254
1.0,1.0,1.0,True,2.005629599094391,16.913672462529796,12.121604876693603
1.0,-71.0,-71.0,False,2.3126421570777893,24.37860119944642,16.663956882805607
1.0,-11.0,-11.0,False,1.9204778224229813,12.057094964001372,16.62934864505049
1.0,-31.0,-31.0,False,3.9537346363067627,24.900441352732123,36.00490081065707
1.0,-2.0,-2.0,False,1.8808482885360718,31.123886103786543,12.224557574482837
1.0,63.0,63.0,False,1.2560493350028992,21.69418337517395,21.145020517847584
1.0,3.0,3.0,False,0.9726800937205553,32.920165522241525,22.954142507043095
1.0,-70.0,-70.0,False,2.2530740201473236,19.054387827288423,36.45980739701667
1.0,-11.0,-11.0,False,4.6670531034469604,2.229340543531473,32.87637274019143
1.0,75.0,75.0,False,3.7356543242931366,18.042106758135887,27.217077262975344
1.0,57.0,57.0,False,2.204734653234482,22.55268678158814,13.842305058489188
1.0,-71.0,-71.0,False,1.5405744314193726,31.48916392668009,25.815276525399156
1.0,-32.0,-32.0,False,2.854583263397217,11.405053355532429,28.10591164373176
1.0,-1.0,-1.0,False,0.9430700838565826,33.44451603946929,26.0158869549734
1.0,9.0,9.0,False,2.9132061898708344,14.358156104755082,23.550614594784
1.0,-55.0,-55.0,False,1.4538708925247192,28.78586929810986,27.85978593164864
1.0,-40.0,-40.0,False,1.4538708925247192,28.78586929810986,24.18575183948218
1.0,19.0,19.0,False,1.6719534397125244,35.882794227985805,27.20078144353423
1.0,-3.0,-3.0,False,4.586745798587799,14.32970490475888,33.10265273098773
1.0,-4.0,-4.0,False,2.6582862734794617,33.692975959809786,13.842305058489188
1.0,39.0,39.0,False,1.1608875393867493,35.89623352524368,18.904342883054355
1.0,7.0,7.0,False,2.1590104699134827,33.94543219612186,26.855633309154914
1.0,3.0,3.0,False,1.9469876289367676,28.310497760499825,17.526725198718847
1.0,1.0,1.0,True,2.7674158215522766,32.566224805892226,13.842305058489188
1.0,17.0,17.0,False,3.042448103427887,28.66604829461329,21.601983340477062
1.0,38.0,38.0,False,3.07681804895401,12.757233493838733,9.608677337875939
1.0,7.0,7.0,False,3.951787531375885,21.875936520828773,18.00471487813727
1.0,-43.0,-43.0,False,3.224452018737793,2.229340543531473,19.148646602165936
1.0,7.0,7.0,False,1.7082156538963318,11.668381542238263,32.50178511192002
1.0,-3.0,-3.0,False,4.272173136472702,19.53523172304082,30.21246739655244
1.0,-2.0,-2.0,False,3.679458796977997,8.98268501641157,18.347567783245577
1.0,12.0,12.0,False,2.3052366971969604,26.017286221272986,32.7088542791458
1.0,-26.0,-26.0,False,2.6941354274749756,7.352185408403478,18.482154383895995
1.0,60.0,60.0,False,1.5141531825065613,18.8366001412891,35.03910387051627
1.0,20.0,20.0,False,1.8889750838279724,18.722541183159475,26.590858669870467
1.0,-84.0,-84.0,False,2.3158421516418457,11.715322578212358,27.85978593164864
1.0,6.0,6.0,False,1.467468500137329,20.55273625425399,31.393854760236884
1.0,2.0,2.0,False,4.4400060176849365,16.91620958897753,17.34607261708314
1.0,6.0,6.0,False,3.557472825050354,18.131700132371662,25.161065118225938
1.0,-10.0,-10.0,False,1.4371719360351562,12.098450843698247,16.864353494882454
1.0,12.0,12.0,False,2.5328515619039536,5.308310348884172,6.843915893773635
1.0,11.0,11.0,False,0.8713243305683136,17.2458449072506,9.135939690041774
1.0,1.0,1.0,True,1.8445653915405273,34.454048957459094,27.114130329730248
1.0,-10.0,-10.0,False,2.5439881682395935,22.69576102517743,4.059982693639992
1.0,-71.0,-71.0,False,2.005629599094391,19.471234354430543,12.121604876693603
1.0,6.0,6.0,False,0.9726800937205553,32.920165522241525,13.620772799667288
1.0,-8.0,-8.0,False,2.4488449692726135,14.091572189390325,30.640371271976623
1.0,-72.0,-72.0,False,3.557472825050354,22.23650182120895,25.161065118225938
1.0,33.0,33.0,False,3.5351576805114746,26.98666649538852,31.372164533540417
1.0,22.0,22.0,False,1.2917852103710175,25.964089463148724,15.450379963866004
1.0,18.0,18.0,False,2.7165763899683952,6.292859787474179,4.059982693639992
1.0,65.0,65.0,False,2.2656158804893494,33.817628778226684,30.748483635955846
1.0,62.0,62.0,False,2.554571032524109,23.943485198999987,28.826648887328254
1.0,-72.0,-72.0,False,4.078404068946838,20.608224138196064,31.324192704060167
1.0,-9.0,-9.0,False,1.8228403329849243,20.55273625425399,15.388087029496816
1.0,-70.0,-70.0,False,2.584239363670349,8.161822231597412,30.443566268087675
1.0,3.0,3.0,False,3.8139754235744476,21.875936520828773,31.389653040343788
1.0,-6.0,-6.0,False,4.133131325244904,19.53523172304082,21.628208870484688
1.0,3.0,3.0,False,1.4615353345870972,19.397583628131407,7.495364536838759
1.0,71.0,71.0,False,1.504736065864563,16.913672462529796,9.77210024582313
1.0,-23.0,-23.0,False,1.5202252268791199,17.251193378466958,23.239188213286646
1.0,49.0,49.0,False,2.9993205070495605,22.872463252423415,11.165851639188528
1.0,-20.0,-20.0,False,1.0763228237628937,32.74867340487791,27.129592717646734
1.0,0.0,0.0,False,1.2917852103710175,25.964089463148724,7.495364536838759
1.0,-29.0,-29.0,False,1.4538708925247192,28.78586929810986,36.12627247611908
1.0,-13.0,-13.0,False,2.7252695560455322,9.958016048681257,14.88476613756396
1.0,-21.0,-21.0,False,2.4344555735588074,28.73434036692554,36.488345558690554
1.0,56.0,56.0,False,1.696217805147171,11.480935423751225,22.044037958767625
1.0,6.0,6.0,False,3.4269476532936096,21.394029790779992,21.673001722820217
1.0,-53.0,-53.0,False,2.5328515619039536,11.695018491954626,6.843915893773635
1.0,9.0,9.0,False,2.2663206458091736,28.924202749595484,26.94049437977629
1.0,52.0,52.0,False,2.5233590602874756,11.879688020199664,23.550614594784
1.0,-27.0,-27.0,False,1.6091139912605286,18.79326381225736,20.684698577853457
1.0,71.0,71.0,False,2.112471282482147,35.470979635596464,14.502795245961693
1.0,3.0,3.0,False,1.7582041025161743,28.995039186722533,27.891195407879483
1.0,-1.0,-1.0,False,3.3406256437301636,21.579732449687548,23.239188213286646
1.0,12.0,12.0,False,2.6376336216926575,18.81429327848667,4.059982693639992
1.0,-3.0,-3.0,False,2.053526520729065,18.002076797416475,32.952558068526066
1.0,-1.0,-1.0,False,2.98712557554245,11.668381542238263,12.374615441714633
1.0,6.0,6.0,False,1.8113203644752502,35.11230467391966,26.65326240138274
1.0,-47.0,-47.0,False,1.7946388721466064,25.953938176910054,34.995514936543344
1.0,-68.0,-68.0,False,1.7082156538963318,32.21881843507826,32.50178511192002
1.0,-39.0,-39.0,False,1.7909663915634155,28.546783146452054,24.18575183948218
1.0,61.0,61.0,False,1.1225295066833496,33.43793056602988,19.44561669252357
1.0,-49.0,-49.0,False,2.2621034383773804,27.36642616164743,26.917476726503143
1.0,-64.0,-64.0,False,4.133131325244904,6.029207031846006,20.269103023102552
1.0,18.0,18.0,False,1.8769375681877136,22.831836291705336,26.590858669870467
1.0,-15.0,-15.0,False,1.1539095640182495,30.224336330678028,22.870352392780184
1.0,40.0,40.0,False,2.7455714344978333,23.95233383912604,6.275951447108819
1.0,-20.0,-20.0,False,2.9865552484989166,16.256045698724925,31.324192704060167
1.0,78.0,78.0,False,1.3853058815002441,21.990944754414517,7.38210148692642
1.0,56.0,56.0,False,2.432694137096405,34.454048957459094,36.79542365643973
1.0,64.0,64.0,False,1.0842550098896027,15.912019384037675,23.086063163918773
1.0,71.0,71.0,False,3.464767426252365,36.07260460993532,36.79542365643973
1.0,24.0,24.0,False,1.8252893090248108,21.990944754414517,4.059982693639992
1.0,-18.0,-18.0,False,2.5439881682395935,22.69576102517743,12.199824122427506
1.0,-21.0,-21.0,False,3.683514952659607,23.19369650248405,36.488345558690554
1.0,2.0,2.0,False,1.544833242893219,30.698823428517983,13.925708658208414
1.0,73.0,73.0,False,1.7973406910896301,28.995039186722533,9.222443852448887
1.0,-28.0,-28.0,False,2.7011097073554993,27.539235648835106,8.421414619276165
1.0,2.0,2.0,False,2.222232937812805,29.246128967272103,25.354119565403323
1.0,66.0,66.0,False,2.993524670600891,19.397583628131407,22.28576503126075
1.0,-71.0,-71.0,False,2.2644457817077637,29.51011279095896,23.925503904642518
1.0,-11.0,-11.0,False,1.6877940893173218,4.420401283793772,34.86739301952159
1.0,-5.0,-5.0,False,2.6327826231718063,17.703428934153163,24.34573540285666
1.0,4.0,4.0,False,1.4615353345870972,29.117216388103625,7.495364536838759
1.0,-14.0,-14.0,False,2.7618104219436646,8.356178656582365,13.842305058489188
1.0,26.0,26.0,False,2.9380125999450684,18.8366001412891,18.572466194593446
1.0,72.0,72.0,False,2.544541835784912,15.190937956078045,25.354119565403323
1.0,3.0,3.0,False,2.759801506996155,18.002076797416475,24.18575183948218
1.0,8.0,8.0,False,1.7432042956352234,36.999149222515946,26.590858669870467
1.0,10.0,10.0,False,3.9675652384757996,8.070981790978871,19.978742985481023
1.0,-45.0,-45.0,False,2.6215956807136536,18.318841064185133,28.81607889054369
1.0,-59.0,-59.0,False,1.5703280568122864,30.964593294645937,13.620772799667288
1.0,9.0,9.0,False,2.259024202823639,15.073507536840781,25.542646014888405
1.0,66.0,66.0,False,3.9313940703868866,16.913672462529796,22.684442004041646
1.0,-9.0,-9.0,False,2.204734653234482,22.55268678158814,18.482154383895995
1.0,80.0,80.0,False,3.321405053138733,27.252485546881246,21.443932305063885
1.0,16.0,16.0,False,1.256055235862732,15.073507536840781,25.010071003876767
1.0,-10.0,-10.0,False,2.2530740201473236,12.598034756910623,36.45980739701667
1.0,-35.0,-35.0,False,1.7909663915634155,28.546783146452054,1.2749359114752163
1.0,-40.0,-40.0,False,2.297873020172119,31.123886103786543,25.777320960078576
1.0,58.0,58.0,False,3.2600836157798767,36.68797148575405,12.149173667656775
1.0,-34.0,-34.0,False,1.845421314239502,11.695018491954626,19.136406682014858
1.0,18.0,18.0,False,3.7853546142578125,33.43793056602988,24.817704603762646
1.0,-4.0,-4.0,False,3.5161803364753723,31.74773158583062,35.24950029817092
1.0,10.0,10.0,False,2.112471282482147,35.470979635596464,9.608677337875939
1.0,41.0,41.0,False,2.0878699719905853,9.837469028681046,20.832267194806956
1.0,-2.0,-2.0,False,2.3158421516418457,18.131700132371662,27.85978593164864
1.0,14.0,14.0,False,2.0878699719905853,9.837469028681046,33.18791528934051
1.0,6.0,6.0,False,1.9459398686885834,21.875936520828773,18.735797945758986
1.0,18.0,18.0,False,1.5141531825065613,28.546783146452054,35.03910387051627
1.0,5.0,5.0,False,1.8808482885360718,35.26816848148384,12.224557574482837
1.0,-5.0,-5.0,False,2.867971360683441,28.90673801319472,17.34607261708314
1.0,-9.0,-9.0,False,2.005629599094391,32.74867340487791,12.121604876693603
1.0,71.0,71.0,False,4.201074123382568,11.099756683225937,26.65326240138274
1.0,-46.0,-46.0,False,1.467468500137329,10.695426990461895,31.393854760236884
1.0,34.0,34.0,False,1.1225295066833496,33.11694312809771,19.44561669252357
1.0,29.0,29.0,False,3.9829829335212708,12.757233493838733,23.797737191123563
1.0,11.0,11.0,False,1.292354255914688,23.120343786013375,23.74418119122861
1.0,70.0,70.0,False,1.3853058815002441,33.39123878753854,7.38210148692642
1.0,10.0,10.0,False,3.113304913043976,18.382525816699165,26.73351009537184
1.0,76.0,76.0,False,3.06267911195755,26.19468808816503,23.086063163918773
1.0,67.0,67.0,False,2.993524670600891,19.397583628131407,4.459602009074992
1.0,-21.0,-21.0,False,2.721968114376068,27.699845637913903,16.021454404277176
1.0,-13.0,-13.0,False,6.647041380405426,36.68797148575405,21.673001722820217
1.0,-25.0,-25.0,False,1.2727126479148865,17.251193378466958,25.52750618612244
1.0,41.0,41.0,False,2.7455714344978333,8.98268501641157,6.275951447108819
1.0,-81.0,-81.0,False,0.9430700838565826,8.356178656582365,26.0158869549734
1.0,-27.0,-27.0,False,2.5439881682395935,22.69576102517743,34.473429413248894
1.0,70.0,70.0,False,1.2917852103710175,25.964089463148724,26.65326240138274
1.0,-59.0,-59.0,False,2.223728597164154,31.48916392668009,24.21994336541356
1.0,69.0,69.0,False,4.0650928020477295,29.117216388103625,18.00471487813727
1.0,74.0,74.0,False,1.9469876289367676,19.397583628131407,17.526725198718847
1.0,-7.0,-7.0,False,2.584239363670349,26.71889741198827,30.443566268087675
1.0,-49.0,-49.0,False,1.7909663915634155,28.546783146452054,20.269103023102552
1.0,38.0,38.0,False,1.6622157096862793,32.74867340487791,33.1101627301152
1.0,68.0,68.0,False,2.3065582513809204,24.62772110364727,21.443932305063885
1.0,73.0,73.0,False,1.7432042956352234,36.999149222515946,12.149173667656775
1.0,62.0,62.0,False,1.9512507319450378,8.070981790978871,13.459427973083026
1.0,3.0,3.0,False,1.8808482885360718,33.94543219612186,12.224557574482837
1.0,-60.0,-60.0,False,2.330110728740692,27.539235648835106,9.135939690041774
1.0,61.0,61.0,False,2.3756235241889954,10.68551135384107,25.28556909434804
1.0,15.0,15.0,False,2.7279683351516724,16.91620958897753,24.80330589471663
1.0,-59.0,-59.0,False,1.6314043998718262,30.166673019225854,22.954142507043095
1.0,-12.0,-12.0,False,1.5405744314193726,15.30232523533702,25.815276525399156
1.0,-10.0,-10.0,False,2.931325525045395,15.30232523533702,5.730275198301265
1.0,-13.0,-13.0,False,2.819375067949295,6.900261263116606,5.322838988611401
1.0,46.0,46.0,False,2.2663206458091736,11.099756683225937,34.291507379124056
1.0,-45.0,-45.0,False,1.8759672045707703,11.405053355532429,33.59574605999905
1.0,-83.0,-83.0,False,2.2455314993858337,22.23650182120895,17.887722609525632
1.0,-38.0,-38.0,False,3.951787531375885,21.875936520828773,18.889271677414506
1.0,-16.0,-16.0,False,2.898730129003525,6.029207031846006,27.78112883911488
1.0,-34.0,-34.0,False,3.0312317609786987,17.06188829604046,32.58938613308778
1.0,1.0,1.0,True,2.005629599094391,18.131700132371662,12.121604876693603
1.0,33.0,33.0,False,1.5141531825065613,33.11694312809771,35.03910387051627
1.0,12.0,12.0,False,1.5330131649971008,23.120343786013375,27.114130329730248
1.0,-3.0,-3.0,False,2.3126421570777893,24.37860119944642,33.10265273098773
1.0,-3.0,-3.0,False,1.5141531825065613,20.608224138196064,35.03910387051627
1.0,-66.0,-66.0,False,1.7632200717926025,22.23650182120895,28.69725605411431
1.0,-5.0,-5.0,False,5.078638076782227,36.68797148575405,31.997555698978452
1.0,12.0,12.0,False,2.980060338973999,31.591434820302673,32.7088542791458
1.0,2.0,2.0,False,3.6270615458488464,11.695018491954626,22.28576503126075
1.0,49.0,49.0,False,1.9469876289367676,22.69576102517743,17.526725198718847
1.0,-74.0,-74.0,False,2.584239363670349,17.197484670843764,30.443566268087675
1.0,-53.0,-53.0,False,2.1602810621261597,8.565163803627529,15.25211357103628
1.0,-74.0,-74.0,False,3.5345380008220673,19.92437867233294,17.34607261708314
1.0,2.0,2.0,False,1.5202252268791199,17.251193378466958,25.777320960078576
1.0,61.0,61.0,False,4.364972651004791,32.74867340487791,36.226145347248455
1.0,-1.0,-1.0,False,1.9459398686885834,30.166673019225854,18.735797945758986
1.0,-4.0,-4.0,False,1.4505676552653313,12.057094964001372,16.479586949959025
1.0,22.0,22.0,False,1.5141531825065613,27.36642616164743,35.03910387051627
1.0,-56.0,-56.0,False,1.8113203644752502,35.11230467391966,18.556963881742636
1.0,76.0,76.0,False,1.5330131649971008,23.120343786013375,32.094003054207136
1.0,-66.0,-66.0,False,2.2644457817077637,29.51011279095896,12.199824122427506
1.0,51.0,51.0,False,0.9726800937205553,32.920165522241525,26.94049437977629
1.0,-5.0,-5.0,False,1.3512997776269913,35.76414691342274,10.26946680187318
1.0,-67.0,-67.0,False,1.1208710372447968,29.51011279095896,37.189747320918464
1.0,-6.0,-6.0,False,2.7068299055099487,37.27938219045583,29.345137363254686
1.0,-75.0,-75.0,False,2.8555980920791626,12.057094964001372,14.88476613756396
1.0,0.0,0.0,False,1.2727126479148865,16.266521242278586,25.52750618612244
1.0,-25.0,-25.0,False,1.6091139912605286,18.79326381225736,6.843915893773635
1.0,-13.0,-13.0,False,0.9430700838565826,20.84884167296373,26.0158869549734
1.0,-6.0,-6.0,False,2.005629599094391,21.248314330616918,12.121604876693603
1.0,68.0,68.0,False,4.001388132572174,36.68797148575405,21.443932305063885
1.0,-45.0,-45.0,False,1.6067794561386108,29.246128967272103,15.450379963866004
1.0,-5.0,-5.0,False,2.302920937538147,23.04407532319795,29.508781564650153
1.0,1.0,1.0,True,0.9726800937205553,32.920165522241525,13.925708658208414
1.0,1.0,1.0,True,2.759801506996155,18.002076797416475,20.357271871898902
1.0,-42.0,-42.0,False,4.145798534154892,24.900441352732123,18.347567783245577
1.0,51.0,51.0,False,1.9204778224229813,6.980770469595898,16.62934864505049
1.0,40.0,40.0,False,5.0235490798950195,36.68797148575405,20.832267194806956
1.0,-32.0,-32.0,False,1.8552296459674835,24.038057372583577,5.730275198301265
1.0,67.0,67.0,False,3.368401050567627,11.668381542238263,25.999587569266797
1.0,6.0,6.0,False,3.4028690457344055,33.39123878753854,23.239188213286646
1.0,-14.0,-14.0,False,0.9430700838565826,6.683330341189405,26.0158869549734
1.0,48.0,48.0,False,1.4371719360351562,12.098450843698247,30.21246739655244
1.0,-22.0,-22.0,False,1.3717246651649475,10.432750786391251,20.832267194806956
1.0,15.0,15.0,False,5.288916110992432,23.95233383912604,1.2749359114752163
1.0,0.0,0.0,False,4.631524741649628,18.042106758135887,11.67796683506765
1.0,-18.0,-18.0,False,2.1339359283447266,35.44229116462919,12.790979128739066
1.0,-53.0,-53.0,False,3.1613401770591736,18.318841064185133,23.797737191123563
1.0,25.0,25.0,False,1.3085340857505798,29.117216388103625,22.65700911730007
1.0,-11.0,-11.0,False,3.976993978023529,33.18775278918298,8.877931621074204
1.0,14.0,14.0,False,1.8490177989006042,11.879688020199664,20.684698577853457
1.0,18.0,18.0,False,1.7632200717926025,21.990944754414517,28.69725605411431
1.0,-7.0,-7.0,False,2.2243512868881226,16.752034305759633,37.34753186855824
1.0,57.0,57.0,False,2.121436297893524,34.7684997741593,27.85440369997098
1.0,58.0,58.0,False,1.6622157096862793,23.943485198999987,33.1101627301152
1.0,-25.0,-25.0,False,3.7391642332077026,20.264143560963497,25.423970966651428
1.0,7.0,7.0,False,1.6314043998718262,13.080491083241476,22.954142507043095
1.0,72.0,72.0,False,2.2173951268196106,16.913672462529796,10.584261175218804
1.0,67.0,67.0,False,4.285897493362427,23.97745830196175,35.7411198290843
1.0,-77.0,-77.0,False,2.2644457817077637,29.51011279095896,26.917476726503143
1.0,67.0,67.0,False,2.9519542455673218,9.056053499626543,21.628208870484688
1.0,-69.0,-69.0,False,4.352439761161804,14.32970490475888,23.925503904642518
1.0,41.0,41.0,False,2.112471282482147,35.470979635596464,25.423970966651428
1.0,63.0,63.0,False,4.269735395908356,30.698823428517983,36.226145347248455
1.0,1.0,1.0,True,3.434138834476471,8.161822231597412,23.086063163918773
1.0,69.0,69.0,False,2.7165763899683952,6.292859787474179,22.912632405615966
1.0,-58.0,-58.0,False,2.297873020172119,31.123886103786543,9.135939690041774
1.0,72.0,72.0,False,1.3492640852928162,26.980777909366207,4.459602009074992
1.0,-8.0,-8.0,False,1.1208710372447968,23.04407532319795,37.189747320918464
1.0,62.0,62.0,False,2.2243512868881226,16.752034305759633,34.86739301952159
1.0,79.0,79.0,False,3.4269476532936096,21.394029790779992,28.688738445070065
1.0,28.0,28.0,False,2.1574829816818237,17.3649708735702,13.211638934499053
1.0,80.0,80.0,False,3.9146814346313477,11.668381542238263,27.14354532416303
1.0,55.0,55.0,False,2.1690545678138733,9.958016048681257,9.386108175383058
1.0,65.0,65.0,False,2.3756235241889954,10.68551135384107,21.628208870484688
1.0,54.0,54.0,False,2.121436297893524,34.7684997741593,31.389653040343788
1.0,10.0,10.0,False,2.898730129003525,14.358156104755082,27.78112883911488
1.0,-41.0,-41.0,False,2.796890377998352,9.979230483666694,19.148646602165936
1.0,-32.0,-32.0,False,2.724195122718811,30.471989636464258,32.58938613308778
1.0,40.0,40.0,False,2.281735122203827,32.590728019853664,32.58938613308778
1.0,-32.0,-32.0,False,1.8552296459674835,24.038057372583577,17.34607261708314
1.0,-22.0,-22.0,False,1.9583583772182465,31.526618125825994,23.322895360689596
1.0,-34.0,-34.0,False,2.223728597164154,31.48916392668009,18.572466194593446
1.0,-34.0,-34.0,False,1.0763228237628937,22.872463252423415,27.129592717646734
1.0,-57.0,-57.0,False,3.6229129433631897,31.526618125825994,18.482154383895995
1.0,-64.0,-64.0,False,3.951787531375885,21.875936520828773,14.88476613756396
1.0,-5.0,-5.0,False,3.821203887462616,22.23650182120895,11.165851639188528
1.0,36.0,36.0,False,1.5202252268791199,17.251193378466958,32.87637274019143
1.0,54.0,54.0,False,1.3853058815002441,23.340449966793802,7.38210148692642
1.0,-2.0,-2.0,False,2.302920937538147,24.91128094834846,29.508781564650153
1.0,10.0,10.0,False,3.9097688794136047,16.913672462529796,22.13665679928357
1.0,-5.0,-5.0,False,2.281735122203827,32.590728019853664,29.345137363254686
1.0,-7.0,-7.0,False,2.2530740201473236,21.248314330616918,36.45980739701667
1.0,58.0,58.0,False,3.3406256437301636,21.579732449687548,31.389653040343788
1.0,20.0,20.0,False,2.9416578114032745,33.367131938097614,26.860130081969533
1.0,56.0,56.0,False,3.789187967777252,23.04407532319795,11.165851639188528
1.0,79.0,79.0,False,1.7143964767456055,12.757233493838733,17.36589670811351
1.0,5.0,5.0,False,1.4880959391593933,26.963554810188032,18.491774612026884
1.0,-1.0,-1.0,False,2.6276148557662964,33.817628778226684,35.24950029817092
1.0,-16.0,-16.0,False,1.8759672045707703,36.68797148575405,33.59574605999905
1.0,52.0,52.0,False,2.2663206458091736,19.21228347785371,34.291507379124056
1.0,-54.0,-54.0,False,2.907188192009926,29.982450565604964,15.346486300185452
1.0,14.0,14.0,False,2.330110728740692,24.3966816255986,9.135939690041774
1.0,-75.0,-75.0,False,4.003939121961594,22.23650182120895,35.24950029817092
1.0,-2.0,-2.0,False,1.3886414468288422,18.271812285147163,17.34607261708314
1.0,26.0,26.0,False,2.4740418791770935,24.260197176717725,28.826648887328254
1.0,35.0,35.0,False,2.6941354274749756,7.352185408403478,25.28556909434804
1.0,8.0,8.0,False,1.1225295066833496,18.318841064185133,19.44561669252357
1.0,-5.0,-5.0,False,1.8808482885360718,29.51011279095896,12.224557574482837
1.0,7.0,7.0,False,1.7632200717926025,34.42764186819651,28.69725605411431
1.0,16.0,16.0,False,2.330110728740692,36.07260460993532,9.135939690041774
1.0,81.0,81.0,False,3.06267911195755,26.19468808816503,26.65326240138274
1.0,-13.0,-13.0,False,2.2530740201473236,6.980770469595898,36.45980739701667
1.0,44.0,44.0,False,3.434138834476471,28.505115786057814,23.086063163918773
1.0,-2.0,-2.0,False,2.835283577442169,20.264143560963497,27.34751404059315
1.0,-14.0,-14.0,False,1.5405744314193726,34.7684997741593,25.815276525399156
1.0,77.0,77.0,False,3.3129395842552185,5.308310348884172,32.094003054207136
1.0,18.0,18.0,False,2.3440675139427185,23.98909710551325,19.978742985481023
1.0,-67.0,-67.0,False,2.8555980920791626,12.057094964001372,20.51298858135097
1.0,12.0,12.0,False,2.0690821409225464,7.041759181872686,26.65326240138274
1.0,3.0,3.0,False,1.848720669746399,21.425084469783393,8.877931621074204
1.0,40.0,40.0,False,2.7011097073554993,31.74773158583062,8.421414619276165
1.0,-16.0,-16.0,False,1.6091139912605286,18.79326381225736,18.36059306547761
1.0,31.0,31.0,False,3.4028690457344055,33.39123878753854,25.777320960078576
1.0,58.0,58.0,False,1.1225295066833496,6.980770469595898,19.44561669252357
1.0,24.0,24.0,False,3.470008909702301,14.358156104755082,8.677939059470587
1.0,-29.0,-29.0,False,1.4481301307678223,26.412447934476244,36.00490081065707
1.0,-49.0,-49.0,False,2.4952675700187683,12.057094964001372,33.18791528934051
1.0,11.0,11.0,False,4.1741432547569275,10.695426990461895,18.00471487813727
1.0,-60.0,-60.0,False,2.907188192009926,20.09281261862067,15.346486300185452
1.0,65.0,65.0,False,1.4505676552653313,24.318990199055506,16.479586949959025
1.0,-1.0,-1.0,False,1.1608875393867493,12.610840514907467,18.904342883054355
1.0,-38.0,-38.0,False,2.1022221744060516,28.310497760499825,18.572466194593446
1.0,-64.0,-64.0,False,2.43341863155365,19.471234354430543,31.997555698978452
1.0,-85.0,-85.0,False,1.8759672045707703,11.715322578212358,33.59574605999905
1.0,8.0,8.0,False,1.2917852103710175,25.964089463148724,37.19225906565832
1.0,7.0,7.0,False,4.001388132572174,14.32970490475888,21.443932305063885
1.0,-23.0,-23.0,False,2.4740418791770935,24.260197176717725,20.269103023102552
1.0,-9.0,-9.0,False,1.418130338191986,6.683330341189405,26.590858669870467
1.0,57.0,57.0,False,5.12117326259613,35.76414691342274,26.633051483165268
1.0,-43.0,-43.0,False,2.1827545762062073,10.337173999226442,27.20078144353423
1.0,-45.0,-45.0,False,4.31939959526062,17.06188829604046,33.427375529862545
1.0,-24.0,-24.0,False,1.8552296459674835,24.038057372583577,25.542646014888405
1.0,4.0,4.0,False,5.416617542505264,7.160005208871321,26.73351009537184
1.0,0.0,0.0,False,1.7143964767456055,10.695426990461895,17.36589670811351
1.0,56.0,56.0,False,4.095898270606995,22.939229645336756,33.34591596266566
1.0,0.0,0.0,False,1.8517613410949707,9.490003044039497,27.34751404059315
1.0,-66.0,-66.0,False,1.932467520236969,12.610840514907467,12.199824122427506
1.0,-12.0,-12.0,False,2.9359164237976074,3.4389312538847463,18.71603246459624
1.0,12.0,12.0,False,3.07681804895401,20.872270462760632,9.608677337875939
1.0,15.0,15.0,False,2.7068299055099487,37.27938219045583,4.059982693639992
1.0,73.0,73.0,False,4.001388132572174,35.76414691342274,21.443932305063885
1.0,13.0,13.0,False,1.7824150025844574,24.318990199055506,9.608677337875939
1.0,15.0,15.0,False,2.6327826231718063,21.2870061542708,24.34573540285666
1.0,0.0,0.0,False,1.2917852103710175,25.964089463148724,29.395960646438574
1.0,13.0,13.0,False,4.0625593066215515,28.891166421986156,26.860130081969533
1.0,-13.0,-13.0,False,2.0219754576683044,28.785823959742054,36.488345558690554
1.0,-76.0,-76.0,False,2.313730627298355,32.21881843507826,34.473429413248894
1.0,7.0,7.0,False,1.7946388721466064,11.099756683225937,34.995514936543344
1.0,24.0,24.0,False,1.6091139912605286,18.79326381225736,18.314754308270544
1.0,-7.0,-7.0,False,0.8713243305683136,17.2458449072506,29.345137363254686
1.0,64.0,64.0,False,1.0842550098896027,15.912019384037675,16.479586949959025
1.0,8.0,8.0,False,3.868704915046692,34.42764186819651,24.18575183948218
1.0,5.0,5.0,False,1.6091139912605286,18.79326381225736,17.028606804639985
1.0,1.0,1.0,True,4.2217496037483215,31.526618125825994,26.94049437977629
1.0,-3.0,-3.0,False,1.2560493350028992,21.69418337517395,24.21994336541356
1.0,-28.0,-28.0,False,2.5328515619039536,11.405053355532429,6.843915893773635
1.0,-38.0,-38.0,False,2.43341863155365,19.471234354430543,31.372164533540417
1.0,50.0,50.0,False,2.4488449692726135,28.90673801319472,30.640371271976623
1.0,5.0,5.0,False,0.9726800937205553,32.920165522241525,32.7088542791458
1.0,-65.0,-65.0,False,4.208551704883575,20.264143560963497,12.199824122427506
1.0,16.0,16.0,False,3.3771815299987793,18.50909375594223,19.978742985481023
1.0,39.0,39.0,False,2.4740418791770935,24.260197176717725,18.71603246459624
1.0,74.0,74.0,False,1.3886414468288422,18.271812285147163,17.526725198718847
1.0,11.0,11.0,False,2.1590104699134827,21.875936520828773,26.855633309154914
1.0,69.0,69.0,False,1.3853058815002441,18.271812285147163,7.38210148692642
1.0,-18.0,-18.0,False,4.586745798587799,30.166673019225854,20.832267194806956
1.0,-48.0,-48.0,False,1.6067794561386108,9.979230483666694,15.450379963866004
1.0,12.0,12.0,False,2.0878699719905853,9.837469028681046,36.12627247611908
1.0,7.0,7.0,False,1.4707392454147339,28.73434036692554,34.186290001247244
1.0,-34.0,-34.0,False,2.1602810621261597,8.565163803627529,32.58938613308778
1.0,-75.0,-75.0,False,1.5405744314193726,15.701377050181703,25.815276525399156
1.0,-74.0,-74.0,False,1.0763228237628937,14.091572189390325,27.129592717646734
1.0,79.0,79.0,False,2.454602897167206,18.722541183159475,18.71603246459624
1.0,-23.0,-23.0,False,2.2644457817077637,29.51011279095896,20.832267194806956
1.0,-64.0,-64.0,False,1.3512997776269913,28.289940677929867,10.26946680187318
1.0,6.0,6.0,False,2.34564071893692,30.471989636464258,14.502795245961693
1.0,-68.0,-68.0,False,5.355322957038879,20.09281261862067,16.663956882805607
1.0,46.0,46.0,False,2.4488449692726135,12.598034756910623,30.640371271976623
1.0,24.0,24.0,False,2.1890931725502014,32.10240662783919,15.935682006068493
1.0,21.0,21.0,False,2.34564071893692,31.526618125825994,14.502795245961693
1.0,-5.0,-5.0,False,2.7246637418866158,28.891166421986156,22.42882863323334
1.0,44.0,44.0,False,1.4371719360351562,12.098450843698247,33.34591596266566
1.0,3.0,3.0,False,4.0650928020477295,29.117216388103625,23.925503904642518
1.0,19.0,19.0,False,3.4303992688655853,20.264143560963497,9.703609730872426
1.0,-77.0,-77.0,False,3.230582892894745,27.539235648835106,17.103170362008466
1.0,-15.0,-15.0,False,1.4371719360351562,12.098450843698247,32.952558068526066
1.0,-75.0,-75.0,False,1.5405744314193726,30.964593294645937,25.815276525399156
1.0,61.0,61.0,False,2.2168503403663635,25.835971551947104,27.85440369997098
1.0,24.0,24.0,False,3.7377941012382507,22.939229645336756,31.372164533540417
1.0,2.0,2.0,False,2.2656158804893494,11.695018491954626,30.748483635955846
1.0,-12.0,-12.0,False,1.3726705238223076,34.1664707147205,22.28576503126075
1.0,0.0,0.0,False,1.848720669746399,21.425084469783393,18.36120713202909
1.0,-4.0,-4.0,False,5.051740944385529,28.891166421986156,16.663956882805607
1.0,-5.0,-5.0,False,4.352439761161804,7.160005208871321,23.925503904642518
1.0,50.0,50.0,False,3.7391642332077026,16.913672462529796,25.423970966651428
1.0,7.0,7.0,False,3.042448103427887,28.66604829461329,11.67796683506765
1.0,48.0,48.0,False,1.696217805147171,8.070981790978871,22.044037958767625
1.0,-6.0,-6.0,False,2.907188192009926,23.04407532319795,15.346486300185452
1.0,66.0,66.0,False,2.3440675139427185,23.98909710551325,34.86739301952159
1.0,-40.0,-40.0,False,2.184153288602829,15.701377050181703,24.31209032355875
1.0,-1.0,-1.0,False,4.631524741649628,18.071420862335163,11.67796683506765
1.0,56.0,56.0,False,2.454602897167206,18.722541183159475,32.58938613308778
1.0,-69.0,-69.0,False,2.7195218205451965,20.15381772055555,11.67796683506765
1.0,12.0,12.0,False,0.8713243305683136,17.2458449072506,25.010071003876767
1.0,57.0,57.0,False,2.9993205070495605,22.872463252423415,21.443932305063885
1.0,8.0,8.0,False,1.292354255914688,25.865808669670205,23.74418119122861
1.0,14.0,14.0,False,3.07681804895401,13.080491083241476,9.608677337875939
1.0,5.0,5.0,False,4.201074123382568,11.099756683225937,28.10591164373176
1.0,-30.0,-30.0,False,1.4481301307678223,26.412447934476244,25.542646014888405
1.0,-56.0,-56.0,False,2.104907661676407,25.953938176910054,35.24950029817092
1.0,-31.0,-31.0,False,1.7632200717926025,24.457773857498033,28.69725605411431
1.0,46.0,46.0,False,2.898730129003525,13.080491083241476,27.78112883911488
1.0,-9.0,-9.0,False,2.9380125999450684,18.8366001412891,12.374615441714633
1.0,64.0,64.0,False,1.504736065864563,21.23710802243027,9.77210024582313
1.0,-7.0,-7.0,False,3.7602983117103577,35.76414691342274,5.730275198301265
1.0,-9.0,-9.0,False,5.10844749212265,35.76414691342274,18.347567783245577
1.0,5.0,5.0,False,2.5328515619039536,21.579732449687548,6.843915893773635
1.0,-26.0,-26.0,False,1.6622157096862793,17.197484670843764,33.1101627301152
1.0,4.0,4.0,False,0.9726800937205553,32.920165522241525,24.18575183948218
1.0,10.0,10.0,False,2.2656158804893494,31.526618125825994,30.748483635955846
1.0,64.0,64.0,False,2.281735122203827,32.590728019853664,34.86739301952159
1.0,6.0,6.0,False,2.34564071893692,17.197484670843764,14.502795245961693
1.0,14.0,14.0,False,3.705036461353302,5.595276352617287,36.12627247611908
1.0,-4.0,-4.0,False,2.5876158326864243,24.3966816255986,37.34753186855824
1.0,1.0,1.0,True,4.4400060176849365,16.91620958897753,21.673001722820217
1.0,70.0,70.0,False,2.5674099028110504,18.092657263771923,28.688738445070065
1.0,4.0,4.0,False,3.614469975233078,30.166673019225854,25.354119565403323
1.0,6.0,6.0,False,2.2243512868881226,16.752034305759633,9.898161031449447
1.0,-14.0,-14.0,False,1.5405744314193726,17.901444301196697,25.815276525399156
1.0,22.0,22.0,False,2.3065582513809204,24.62772110364727,19.148646602165936
1.0,-12.0,-12.0,False,4.133131325244904,22.84598798526133,21.628208870484688
1.0,1.0,1.0,True,2.3065582513809204,24.62772110364727,26.73351009537184
1.0,11.0,11.0,False,4.755120158195496,21.2870061542708,26.94049437977629
1.0,37.0,37.0,False,3.2776045203208923,26.71889741198827,17.028606804639985
1.0,34.0,34.0,False,2.3065582513809204,24.62772110364727,8.421414619276165
1.0,58.0,58.0,False,0.9726800937205553,32.920165522241525,21.628208870484688
1.0,-4.0,-4.0,False,1.3853058815002441,8.565163803627529,7.38210148692642
1.0,34.0,34.0,False,3.109978139400482,9.283881125961615,31.372164533540417
1.0,-72.0,-72.0,False,2.8555980920791626,12.057094964001372,20.269103023102552
1.0,-78.0,-78.0,False,1.3717246651649475,10.432750786391251,37.34753186855824
1.0,-20.0,-20.0,False,1.8759672045707703,34.58647276328661,33.59574605999905
1.0,3.0,3.0,False,0.7650613188743591,32.87587287237194,22.65700911730007
1.0,23.0,23.0,False,1.5169165879487991,25.835971551947104,31.458198301181287
1.0,68.0,68.0,False,1.9459398686885834,11.668381542238263,18.735797945758986
1.0,-40.0,-40.0,False,1.5169165879487991,19.471234354430543,31.458198301181287
1.0,6.0,6.0,False,5.078638076782227,21.430079763551515,31.997555698978452
1.0,9.0,9.0,False,0.9726800937205553,32.920165522241525,19.978742985481023
1.0,10.0,10.0,False,1.8490177989006042,5.308310348884172,20.684698577853457
1.0,37.0,37.0,False,2.1827545762062073,11.879688020199664,27.20078144353423
1.0,-30.0,-30.0,False,1.5703280568122864,22.85823361825512,13.620772799667288
1.0,-15.0,-15.0,False,2.1339359283447266,15.30232523533702,12.790979128739066
1.0,19.0,19.0,False,3.489539325237274,21.2870061542708,26.83425696384675
1.0,-33.0,-33.0,False,1.8552296459674835,24.038057372583577,14.88476613756396
1.0,-10.0,-10.0,False,2.796890377998352,9.979230483666694,29.364341198068484
1.0,-55.0,-55.0,False,1.7082156538963318,21.875936520828773,32.50178511192002
1.0,-67.0,-67.0,False,1.3717246651649475,10.432750786391251,31.997555698978452
1.0,68.0,68.0,False,3.589812219142914,25.835971551947104,21.145020517847584
1.0,67.0,67.0,False,4.053972363471985,16.266521242278586,23.604559962157314
1.0,-4.0,-4.0,False,1.4441344738006592,33.44451603946929,17.103170362008466
1.0,47.0,47.0,False,1.845421314239502,17.3649708735702,19.136406682014858
1.0,-77.0,-77.0,False,1.1539095640182495,9.414402872477494,22.870352392780184
1.0,-10.0,-10.0,False,3.6084189414978027,6.980770469595898,34.78893146537332
1.0,14.0,14.0,False,1.2917852103710175,25.964089463148724,26.860130081969533
1.0,-46.0,-46.0,False,1.3085340857505798,31.123886103786543,22.65700911730007
1.0,66.0,66.0,False,3.2799124121665955,13.080491083241476,24.725313224389886
1.0,47.0,47.0,False,2.2307083010673523,36.68797148575405,28.628497930304032
1.0,-63.0,-63.0,False,3.9537346363067627,19.53523172304082,36.00490081065707
1.0,-4.0,-4.0,False,3.868704915046692,34.42764186819651,31.324192704060167
1.0,-76.0,-76.0,False,1.8889750838279724,11.715322578212358,26.590858669870467
1.0,14.0,14.0,False,1.467468500137329,11.480935423751225,31.393854760236884
1.0,-60.0,-60.0,False,1.6314043998718262,19.471234354430543,22.954142507043095
1.0,6.0,6.0,False,1.1208710372447968,23.120343786013375,37.189747320918464
1.0,-15.0,-15.0,False,1.8889750838279724,16.256045698724925,26.590858669870467
1.0,15.0,15.0,False,1.8769375681877136,22.831836291705336,35.24950029817092
1.0,50.0,50.0,False,1.696217805147171,28.90673801319472,22.044037958767625
1.0,-57.0,-57.0,False,2.104907661676407,25.953938176910054,18.482154383895995
1.0,-42.0,-42.0,False,5.094445049762726,29.982450565604964,18.36059306547761
1.0,-32.0,-32.0,False,1.1208710372447968,24.900441352732123,37.189747320918464
1.0,62.0,62.0,False,1.7824150025844574,24.318990199055506,9.386108175383058
1.0,73.0,73.0,False,2.1590104699134827,21.257601556428813,26.855633309154914
1.0,24.0,24.0,False,1.9583583772182465,33.18775278918298,23.322895360689596
1.0,5.0,5.0,False,1.8889750838279724,8.98268501641157,26.590858669870467
1.0,3.0,3.0,False,4.1741432547569275,33.94543219612186,18.00471487813727
1.0,-25.0,-25.0,False,1.6622157096862793,20.608224138196064,33.1101627301152
1.0,1.0,1.0,True,2.9380125999450684,18.8366001412891,24.21994336541356
1.0,-72.0,-72.0,False,3.7602983117103577,20.608224138196064,5.730275198301265
1.0,-54.0,-54.0,False,2.313730627298355,32.21881843507826,18.36059306547761
1.0,-3.0,-3.0,False,1.8113203644752502,35.11230467391966,14.381637500381617
1.0,-4.0,-4.0,False,1.9459398686885834,28.310497760499825,18.735797945758986
1.0,11.0,11.0,False,1.292354255914688,18.271812285147163,23.74418119122861
1.0,61.0,61.0,False,4.1741432547569275,22.939229645336756,18.00471487813727
1.0,41.0,41.0,False,1.3085340857505798,18.722541183159475,22.65700911730007
1.0,63.0,63.0,False,1.1225295066833496,35.76414691342274,19.44561669252357
1.0,-35.0,-35.0,False,2.2621034383773804,27.36642616164743,24.18575183948218
1.0,48.0,48.0,False,1.7143964767456055,2.397342394599862,17.36589670811351
1.0,50.0,50.0,False,1.9204778224229813,24.91128094834846,16.62934864505049
1.0,-22.0,-22.0,False,2.2307083010673523,11.715322578212358,28.628497930304032
1.0,-53.0,-53.0,False,3.951787531375885,21.875936520828773,20.357271871898902
1.0,-49.0,-49.0,False,3.5345380008220673,19.92437867233294,18.889271677414506
1.0,67.0,67.0,False,1.9469876289367676,22.939229645336756,17.526725198718847
1.0,56.0,56.0,False,3.489539325237274,2.397342394599862,26.83425696384675
1.0,-4.0,-4.0,False,1.0842550098896027,15.912019384037675,34.78893146537332
1.0,-5.0,-5.0,False,1.8490177989006042,34.58647276328661,20.684698577853457
1.0,33.0,33.0,False,3.7377941012382507,18.042106758135887,31.372164533540417
1.0,0.0,0.0,False,1.3886414468288422,18.271812285147163,16.663956882805607
1.0,61.0,61.0,False,3.434138834476471,33.43793056602988,23.086063163918773
1.0,-25.0,-25.0,False,2.7455714344978333,11.695018491954626,6.275951447108819
1.0,67.0,67.0,False,3.8139754235744476,15.073507536840781,31.389653040343788
1.0,66.0,66.0,False,3.6044744551181793,12.598034756910623,26.65326240138274
1.0,-13.0,-13.0,False,4.285897493362427,23.97745830196175,17.34607261708314
1.0,-77.0,-77.0,False,1.932467520236969,12.610840514907467,18.347567783245577
1.0,11.0,11.0,False,2.892580509185791,19.68400336806655,18.482154383895995
1.0,3.0,3.0,False,1.8490177989006042,35.470979635596464,20.684698577853457
1.0,-65.0,-65.0,False,3.5345380008220673,19.92437867233294,22.13665679928357
1.0,23.0,23.0,False,3.503438502550125,12.757233493838733,27.885821991573998
1.0,4.0,4.0,False,4.364972651004791,32.566224805892226,36.226145347248455
1.0,38.0,38.0,False,2.6941354274749756,7.352185408403478,34.86739301952159
1.0,13.0,13.0,False,2.7455714344978333,23.575649508188977,6.275951447108819
1.0,-28.0,-28.0,False,1.5202252268791199,17.251193378466958,16.663956882805607
1.0,-1.0,-1.0,False,1.2560493350028992,21.69418337517395,16.021454404277176
1.0,-1.0,-1.0,False,2.281735122203827,32.590728019853664,13.345931221067742
1.0,-8.0,-8.0,False,2.584239363670349,30.698823428517983,30.443566268087675
1.0,-48.0,-48.0,False,1.8490177989006042,21.454036040385972,20.684698577853457
1.0,-1.0,-1.0,False,1.1539095640182495,9.283881125961615,22.870352392780184
1.0,57.0,57.0,False,1.1225295066833496,20.84884167296373,19.44561669252357
1.0,-12.0,-12.0,False,2.1339359283447266,8.070981790978871,12.790979128739066
1.0,14.0,14.0,False,4.588621377944946,11.480935423751225,26.73351009537184
1.0,-25.0,-25.0,False,0.7650613188743591,32.87587287237194,27.891195407879483
1.0,-5.0,-5.0,False,1.4538708925247192,28.78586929810986,33.1101627301152
1.0,1.0,1.0,True,1.3492640852928162,26.980777909366207,26.917476726503143
1.0,53.0,53.0,False,2.1890931725502014,32.10240662783919,34.291507379124056
1.0,-3.0,-3.0,False,1.3886414468288422,18.271812285147163,14.88476613756396
1.0,1.0,1.0,True,1.1608875393867493,28.310497760499825,18.904342883054355
1.0,1.0,1.0,True,3.928787589073181,32.74867340487791,24.21994336541356
1.0,-50.0,-50.0,False,2.259024202823639,31.526618125825994,25.542646014888405
1.0,-66.0,-66.0,False,2.6382824778556824,17.197484670843764,31.997555698978452
1.0,-66.0,-66.0,False,4.847734332084656,32.566224805892226,34.473429413248894
1.0,-18.0,-18.0,False,1.5405744314193726,34.58647276328661,25.815276525399156
1.0,77.0,77.0,False,4.1293825805187225,21.430079763551515,32.094003054207136
1.0,69.0,69.0,False,2.6276148557662964,33.817628778226684,27.34751404059315
1.0,-76.0,-76.0,False,2.2530740201473236,9.979230483666694,36.45980739701667
1.0,8.0,8.0,False,2.137230932712555,25.865808669670205,37.19225906565832
1.0,-9.0,-9.0,False,2.112471282482147,35.470979635596464,36.45980739701667
1.0,-51.0,-51.0,False,2.137230932712555,28.482254192102236,37.19225906565832
1.0,53.0,53.0,False,2.432694137096405,34.454048957459094,21.628208870484688
1.0,63.0,63.0,False,1.9459398686885834,26.71889741198827,18.735797945758986
1.0,25.0,25.0,False,2.854583263397217,11.405053355532429,14.381637500381617
1.0,-85.0,-85.0,False,1.3726705238223076,34.1664707147205,12.790979128739066
1.0,60.0,60.0,False,2.4344555735588074,28.73434036692554,12.149173667656775
1.0,49.0,49.0,False,3.1350640654563904,24.3966816255986,25.423970966651428
1.0,14.0,14.0,False,2.7279683351516724,18.131700132371662,24.80330589471663
1.0,47.0,47.0,False,2.4488449692726135,21.579732449687548,30.640371271976623
1.0,45.0,45.0,False,1.5202252268791199,17.251193378466958,22.451316065115762
1.0,-68.0,-68.0,False,2.7618104219436646,8.356178656582365,13.211638934499053
1.0,-27.0,-27.0,False,4.0956020057201385,14.358156104755082,13.211638934499053
1.0,-68.0,-68.0,False,1.1539095640182495,32.566224805892226,22.870352392780184
1.0,-75.0,-75.0,False,3.3369816541671753,28.482254192102236,36.488345558690554
1.0,-32.0,-32.0,False,1.256055235862732,27.36642616164743,25.010071003876767
1.0,-27.0,-27.0,False,4.145798534154892,24.900441352732123,13.211638934499053
1.0,40.0,40.0,False,2.7455714344978333,18.071420862335163,6.275951447108819
1.0,32.0,32.0,False,2.1827545762062073,37.27938219045583,27.20078144353423
1.0,-2.0,-2.0,False,1.3717246651649475,10.432750786391251,28.688738445070065
1.0,68.0,68.0,False,0.9726800937205553,32.920165522241525,17.526725198718847
1.0,66.0,66.0,False,0.8713243305683136,17.2458449072506,13.459427973083026
1.0,16.0,16.0,False,1.7432042956352234,36.999149222515946,6.843915893773635
1.0,-14.0,-14.0,False,2.121436297893524,34.7684997741593,26.917476726503143
1.0,-62.0,-62.0,False,2.3447704315185547,6.900261263116606,13.345931221067742
1.0,-62.0,-62.0,False,4.1291502714157104,17.06188829604046,18.556963881742636
1.0,-17.0,-17.0,False,2.9132061898708344,32.566224805892226,23.550614594784
1.0,10.0,10.0,False,1.467468500137329,18.382525816699165,31.393854760236884
1.0,65.0,65.0,False,3.2600836157798767,16.266521242278586,12.149173667656775
1.0,21.0,21.0,False,1.8252893090248108,21.990944754414517,15.73988283765683
1.0,-23.0,-23.0,False,2.297873020172119,31.123886103786543,23.550614594784
1.0,6.0,6.0,False,3.113304913043976,18.382525816699165,36.00490081065707
1.0,32.0,32.0,False,4.0956020057201385,14.358156104755082,28.688738445070065
1.0,-48.0,-48.0,False,2.5729753375053406,19.054387827288423,15.935682006068493
1.0,-1.0,-1.0,False,1.1539095640182495,16.913672462529796,22.870352392780184
1.0,74.0,74.0,False,1.873669445514679,21.47558849092369,9.703609730872426
1.0,55.0,55.0,False,1.3492640852928162,26.980777909366207,20.832267194806956
1.0,9.0,9.0,False,1.1539095640182495,23.943485198999987,22.870352392780184
1.0,-3.0,-3.0,False,2.9742051362991333,9.414402872477494,28.688738445070065
1.0,65.0,65.0,False,3.6044744551181793,12.598034756910623,25.354119565403323
1.0,64.0,64.0,False,1.7824150025844574,24.318990199055506,4.459602009074992
1.0,-65.0,-65.0,False,5.099364757537842,33.94543219612186,16.663956882805607
1.0,20.0,20.0,False,3.4269476532936096,21.394029790779992,18.556963881742636
1.0,50.0,50.0,False,2.2663206458091736,27.252485546881246,34.291507379124056
1.0,20.0,20.0,False,2.005629599094391,12.757233493838733,12.121604876693603
1.0,-76.0,-76.0,False,1.8889750838279724,8.356178656582365,26.590858669870467
1.0,13.0,13.0,False,1.9712557196617126,24.3966816255986,25.92918998238665
1.0,14.0,14.0,False,2.1574829816818237,17.3649708735702,36.45980739701667
1.0,-74.0,-74.0,False,3.571481168270111,27.539235648835106,34.473429413248894
1.0,-12.0,-12.0,False,2.2168503403663635,11.715322578212358,27.85440369997098
1.0,69.0,69.0,False,2.4882388561964035,5.497730914128355,23.635141365753462
1.0,-45.0,-45.0,False,2.330110728740692,21.454036040385972,9.135939690041774
1.0,-59.0,-59.0,False,1.292354255914688,31.123886103786543,23.74418119122861
1.0,-68.0,-68.0,False,2.5920780897140503,19.054387827288423,18.482154383895995
1.0,2.0,2.0,False,2.0878699719905853,9.837469028681046,18.556963881742636
1.0,28.0,28.0,False,2.184153288602829,18.81429327848667,24.31209032355875
1.0,11.0,11.0,False,2.259024202823639,11.879688020199664,25.542646014888405
1.0,-74.0,-74.0,False,0.9430700838565826,19.92437867233294,26.0158869549734
1.0,-73.0,-73.0,False,2.3126421570777893,24.37860119944642,13.345931221067742
1.0,43.0,43.0,False,3.2776045203208923,26.71889741198827,5.322838988611401
1.0,47.0,47.0,False,1.1853395104408264,20.272339448978727,13.842305058489188
1.0,-15.0,-15.0,False,3.7377941012382507,21.2870061542708,31.372164533540417
1.0,-28.0,-28.0,False,2.6941354274749756,7.352185408403478,21.673001722820217
1.0,69.0,69.0,False,2.3672818541526794,30.224336330678028,20.404745937374443
1.0,57.0,57.0,False,1.8228403329849243,20.55273625425399,18.71603246459624
1.0,81.0,81.0,False,2.3065582513809204,24.62772110364727,9.703609730872426
1.0,2.0,2.0,False,1.8445653915405273,17.901444301196697,27.114130329730248
1.0,-51.0,-51.0,False,1.7909663915634155,28.546783146452054,13.345931221067742
1.0,38.0,38.0,False,2.5233590602874756,11.879688020199664,18.572466194593446
1.0,8.0,8.0,False,1.8889750838279724,32.10240662783919,26.590858669870467
1.0,-65.0,-65.0,False,4.586745798587799,30.166673019225854,18.491774612026884
1.0,67.0,67.0,False,3.090128183364868,21.257601556428813,25.999587569266797
1.0,18.0,18.0,False,1.5169165879487991,29.354328056705803,31.458198301181287
1.0,-1.0,-1.0,False,4.0650928020477295,29.117216388103625,17.34607261708314
1.0,9.0,9.0,False,2.330110728740692,16.266521242278586,9.135939690041774
1.0,12.0,12.0,False,2.34214186668396,23.98909710551325,16.864353494882454
1.0,-8.0,-8.0,False,2.6376336216926575,18.81429327848667,17.103170362008466
1.0,-66.0,-66.0,False,4.133131325244904,6.029207031846006,31.324192704060167
1.0,68.0,68.0,False,1.5141531825065613,21.257601556428813,35.03910387051627
1.0,10.0,10.0,False,1.9712557196617126,18.382525816699165,25.92918998238665
1.0,12.0,12.0,False,2.024364173412323,33.12379333889426,9.135939690041774
1.0,9.0,9.0,False,2.6215956807136536,25.835971551947104,28.81607889054369
1.0,28.0,28.0,False,2.835283577442169,18.932011378617116,27.34751404059315
1.0,-41.0,-41.0,False,1.544833242893219,28.924202749595484,13.925708658208414
1.0,3.0,3.0,False,2.204734653234482,22.55268678158814,13.211638934499053
1.0,-9.0,-9.0,False,1.7946388721466064,16.256045698724925,34.995514936543344
1.0,-41.0,-41.0,False,2.1022221744060516,28.310497760499825,25.777320960078576
1.0,-4.0,-4.0,False,2.3672818541526794,30.224336330678028,22.13665679928357
1.0,44.0,44.0,False,2.7165763899683952,6.292859787474179,17.028606804639985
1.0,-56.0,-56.0,False,4.133131325244904,6.029207031846006,21.601983340477062
1.0,27.0,27.0,False,2.854583263397217,11.405053355532429,9.222443852448887
1.0,3.0,3.0,False,2.223728597164154,31.48916392668009,23.635141365753462
1.0,59.0,59.0,False,1.8228403329849243,20.55273625425399,14.381637500381617
1.0,49.0,49.0,False,3.06267911195755,26.19468808816503,17.028606804639985
1.0,-46.0,-46.0,False,1.7909663915634155,28.546783146452054,25.161065118225938
1.0,72.0,72.0,False,4.453752338886261,5.497730914128355,26.65326240138274
1.0,-52.0,-52.0,False,3.9675652384757996,8.161822231597412,19.978742985481023
1.0,2.0,2.0,False,2.259024202823639,21.23710802243027,25.542646014888405
1.0,59.0,59.0,False,3.3398843705654144,24.91128094834846,14.441248419520614
1.0,29.0,29.0,False,1.8228403329849243,20.55273625425399,23.322895360689596
1.0,24.0,24.0,False,2.4740418791770935,24.260197176717725,23.550614594784
1.0,-4.0,-4.0,False,3.7602983117103577,34.42764186819651,5.730275198301265
1.0,-76.0,-76.0,False,4.208551704883575,20.264143560963497,26.917476726503143
1.0,-53.0,-53.0,False,3.9675652384757996,20.09281261862067,19.978742985481023
1.0,-70.0,-70.0,False,4.078404068946838,20.608224138196064,35.24950029817092
1.0,-54.0,-54.0,False,1.8889750838279724,21.454036040385972,26.590858669870467
1.0,-77.0,-77.0,False,2.796890377998352,9.979230483666694,5.488275168201701
1.0,63.0,63.0,False,3.5602298974990845,20.872270462760632,4.459602009074992
1.0,76.0,76.0,False,1.1225295066833496,26.19468808816503,19.44561669252357
1.0,-71.0,-71.0,False,1.8081241250038147,19.92437867233294,25.032773089415056
1.0,71.0,71.0,False,2.980060338973999,31.591434820302673,14.441248419520614
1.0,60.0,60.0,False,2.121436297893524,34.7684997741593,23.635141365753462
1.0,-72.0,-72.0,False,1.544833242893219,8.356178656582365,13.925708658208414
1.0,17.0,17.0,False,1.2917852103710175,25.964089463148724,15.25211357103628
1.0,15.0,15.0,False,1.292354255914688,36.07260460993532,23.74418119122861
1.0,-1.0,-1.0,False,0.9430700838565826,23.95233383912604,26.0158869549734
1.0,77.0,77.0,False,2.7674158215522766,19.68400336806655,13.842305058489188
1.0,-69.0,-69.0,False,2.3158421516418457,6.029207031846006,27.85978593164864
1.0,-3.0,-3.0,False,1.7082156538963318,2.397342394599862,32.50178511192002
1.0,-57.0,-57.0,False,2.223728597164154,31.48916392668009,16.021454404277176
1.0,44.0,44.0,False,1.5202252268791199,17.251193378466958,26.855633309154914
1.0,68.0,68.0,False,1.1225295066833496,18.092657263771923,19.44561669252357
1.0,83.0,83.0,False,2.2656158804893494,18.722541183159475,30.748483635955846
1.0,41.0,41.0,False,2.2663206458091736,32.74867340487791,34.291507379124056
1.0,-4.0,-4.0,False,2.5402535796165466,20.84884167296373,23.797737191123563
1.0,-66.0,-66.0,False,2.796890377998352,9.979230483666694,23.797737191123563
1.0,-48.0,-48.0,False,2.2663206458091736,28.924202749595484,35.24950029817092
1.0,54.0,54.0,False,2.0878699719905853,9.837469028681046,22.684442004041646
1.0,45.0,45.0,False,2.9865552484989166,16.256045698724925,29.364341198068484
1.0,0.0,0.0,False,2.7246637418866158,5.308310348884172,22.42882863323334
1.0,-64.0,-64.0,False,5.084680497646332,11.695018491954626,16.663956882805607
1.0,49.0,49.0,False,1.418130338191986,6.683330341189405,24.34573540285666
1.0,-70.0,-70.0,False,3.200688511133194,28.289940677929867,29.345137363254686
1.0,-78.0,-78.0,False,3.200688511133194,19.92437867233294,29.345137363254686
1.0,6.0,6.0,False,0.8713243305683136,17.2458449072506,9.898161031449447
1.0,0.0,0.0,False,2.1696077287197113,12.156503120670179,17.103170362008466
1.0,2.0,2.0,False,2.6382824778556824,17.197484670843764,27.217077262975344
1.0,-3.0,-3.0,False,2.724195122718811,30.471989636464258,24.725313224389886
1.0,-65.0,-65.0,False,1.932467520236969,12.610840514907467,24.21994336541356
1.0,-15.0,-15.0,False,5.740044444799423,29.982450565604964,5.322838988611401
1.0,14.0,14.0,False,3.3369816541671753,28.482254192102236,32.094003054207136
1.0,4.0,4.0,False,3.409733474254608,35.44229116462919,4.059982693639992
1.0,4.0,4.0,False,1.3492640852928162,26.980777909366207,22.42882863323334
1.0,-1.0,-1.0,False,1.8490177989006042,24.62772110364727,20.684698577853457
1.0,-63.0,-63.0,False,1.932467520236969,12.610840514907467,24.18575183948218
1.0,40.0,40.0,False,3.3948099315166473,23.575649508188977,9.222443852448887
1.0,11.0,11.0,False,1.8445653915405273,16.752034305759633,27.114130329730248
1.0,57.0,57.0,False,2.6327826231718063,28.891166421986156,24.34573540285666
1.0,-10.0,-10.0,False,2.313730627298355,32.21881843507826,21.628208870484688
1.0,61.0,61.0,False,0.9726800937205553,32.920165522241525,13.459427973083026
1.0,41.0,41.0,False,1.4481301307678223,26.412447934476244,14.502795245961693
1.0,65.0,65.0,False,3.1013946533203125,27.252485546881246,34.86739301952159
1.0,-71.0,-71.0,False,2.724195122718811,30.471989636464258,34.78893146537332
1.0,26.0,26.0,False,1.6067794561386108,29.117216388103625,15.450379963866004
1.0,30.0,30.0,False,1.8552296459674835,24.038057372583577,18.314754308270544
1.0,1.0,1.0,True,2.7195218205451965,20.15381772055555,18.00471487813727
1.0,-20.0,-20.0,False,2.2663206458091736,28.924202749595484,33.427375529862545
1.0,-5.0,-5.0,False,1.5330131649971008,23.120343786013375,27.85978593164864
1.0,-2.0,-2.0,False,2.1827545762062073,33.11694312809771,27.20078144353423
1.0,6.0,6.0,False,1.7082156538963318,28.785823959742054,32.50178511192002
1.0,-76.0,-76.0,False,1.1539095640182495,16.233324268398587,22.870352392780184
1.0,78.0,78.0,False,3.321405053138733,27.252485546881246,23.250399842464486
1.0,44.0,44.0,False,2.554571032524109,35.76414691342274,28.826648887328254
1.0,-70.0,-70.0,False,2.3447704315185547,20.09281261862067,13.345931221067742
1.0,-62.0,-62.0,False,1.7632200717926025,24.37860119944642,28.69725605411431
1.0,21.0,21.0,False,1.8252893090248108,21.990944754414517,27.114130329730248
1.0,62.0,62.0,False,2.544541835784912,15.190937956078045,8.677939059470587
1.0,-38.0,-38.0,False,1.8552296459674835,24.038057372583577,17.887722609525632
1.0,73.0,73.0,False,1.7432042956352234,36.999149222515946,23.086063163918773
1.0,10.0,10.0,False,1.256055235862732,24.318990199055506,25.010071003876767
1.0,5.0,5.0,False,3.1350640654563904,24.3966816255986,29.395960646438574
1.0,9.0,9.0,False,1.9712557196617126,13.080491083241476,25.92918998238665
1.0,0.0,0.0,False,3.705036461353302,5.595276352617287,9.898161031449447
1.0,-60.0,-60.0,False,1.8445653915405273,16.233324268398587,27.114130329730248
1.0,-24.0,-24.0,False,1.0763228237628937,35.44229116462919,27.129592717646734
1.0,46.0,46.0,False,1.2560493350028992,21.69418337517395,17.36589670811351
1.0,3.0,3.0,False,1.1208710372447968,25.865808669670205,37.189747320918464
1.0,-58.0,-58.0,False,2.43341863155365,19.471234354430543,26.73351009537184
1.0,-63.0,-63.0,False,2.222232937812805,29.246128967272103,36.00490081065707
1.0,1.0,1.0,True,1.4505676552653313,20.15381772055555,16.479586949959025
1.0,-1.0,-1.0,False,2.005629599094391,10.68551135384107,12.121604876693603
1.0,63.0,63.0,False,2.2243512868881226,16.752034305759633,31.389653040343788
1.0,-77.0,-77.0,False,1.7582041025161743,29.51011279095896,27.891195407879483
1.0,1.0,1.0,True,2.0219754576683044,28.785823959742054,27.885821991573998
1.0,-58.0,-58.0,False,1.8889750838279724,14.091572189390325,26.590858669870467
1.0,56.0,56.0,False,2.1690545678138733,2.397342394599862,9.386108175383058
1.0,67.0,67.0,False,2.2243512868881226,16.752034305759633,18.00471487813727
1.0,-14.0,-14.0,False,2.2663206458091736,28.482254192102236,34.291507379124056
1.0,48.0,48.0,False,2.5439881682395935,22.69576102517743,27.217077262975344
1.0,-12.0,-12.0,False,3.6084189414978027,11.890907474726635,34.78893146537332
1.0,33.0,33.0,False,2.854583263397217,11.405053355532429,25.354119565403323
1.0,-3.0,-3.0,False,1.1539095640182495,5.308310348884172,22.870352392780184
1.0,-61.0,-61.0,False,3.5345380008220673,19.92437867233294,26.73351009537184
1.0,42.0,42.0,False,3.2600836157798767,23.575649508188977,12.149173667656775
1.0,-49.0,-49.0,False,2.5328515619039536,18.318841064185133,6.843915893773635
1.0,9.0,9.0,False,3.321405053138733,27.252485546881246,36.00490081065707
1.0,-58.0,-58.0,False,1.292354255914688,33.692975959809786,23.74418119122861
1.0,17.0,17.0,False,2.5402535796165466,20.84884167296373,33.427375529862545
1.0,70.0,70.0,False,3.2600836157798767,18.042106758135887,12.149173667656775
1.0,39.0,39.0,False,2.4344555735588074,28.73434036692554,23.550614594784
1.0,11.0,11.0,False,1.7632200717926025,27.252485546881246,28.69725605411431
1.0,-60.0,-60.0,False,1.8889750838279724,35.26816848148384,26.590858669870467
1.0,-12.0,-12.0,False,3.789187967777252,23.04407532319795,23.925503904642518
1.0,60.0,60.0,False,2.2168503403663635,7.160005208871321,27.85440369997098
1.0,11.0,11.0,False,2.9416578114032745,33.367131938097614,24.21994336541356
1.0,-13.0,-13.0,False,2.222232937812805,29.246128967272103,26.94049437977629
1.0,33.0,33.0,False,2.7455714344978333,21.579732449687548,6.275951447108819
1.0,-12.0,-12.0,False,1.6719534397125244,35.882794227985805,27.885821991573998
1.0,76.0,76.0,False,3.042448103427887,28.66604829461329,36.79542365643973
1.0,71.0,71.0,False,2.1696077287197113,12.156503120670179,25.999587569266797
1.0,45.0,45.0,False,2.3756235241889954,10.68551135384107,8.421414619276165
1.0,-3.0,-3.0,False,2.121436297893524,34.7684997741593,23.797737191123563
1.0,55.0,55.0,False,2.424413561820984,29.354328056705803,22.28576503126075
1.0,4.0,4.0,False,1.3492640852928162,26.980777909366207,18.482154383895995
1.0,-5.0,-5.0,False,1.3853058815002441,32.21881843507826,7.38210148692642
1.0,22.0,22.0,False,1.1225295066833496,21.2870061542708,19.44561669252357
1.0,-63.0,-63.0,False,2.8315558433532715,21.454036040385972,29.345137363254686
1.0,7.0,7.0,False,4.095898270606995,31.526618125825994,33.34591596266566
1.0,-68.0,-68.0,False,3.7449076175689697,6.029207031846006,15.388087029496816
1.0,-9.0,-9.0,False,1.1208710372447968,23.340449966793802,37.189747320918464
1.0,68.0,68.0,False,2.7674158215522766,11.480935423751225,13.842305058489188
1.0,24.0,24.0,False,2.4952675700187683,11.668381542238263,33.18791528934051
1.0,-5.0,-5.0,False,0.8713243305683136,17.2458449072506,26.917476726503143
1.0,65.0,65.0,False,2.1690545678138733,18.092657263771923,9.386108175383058
1.0,-34.0,-34.0,False,1.5202252268791199,17.251193378466958,37.34753186855824
1.0,-26.0,-26.0,False,1.3085340857505798,28.78586929810986,22.65700911730007
1.0,-7.0,-7.0,False,1.7143964767456055,28.289940677929867,17.36589670811351
1.0,-42.0,-42.0,False,4.0956020057201385,14.358156104755082,5.488275168201701
1.0,2.0,2.0,False,1.7082156538963318,28.891166421986156,32.50178511192002
1.0,46.0,46.0,False,1.8552296459674835,24.038057372583577,32.094003054207136
1.0,-4.0,-4.0,False,0.9430700838565826,34.42764186819651,26.0158869549734
1.0,-10.0,-10.0,False,2.112471282482147,35.470979635596464,18.347567783245577
1.0,-30.0,-30.0,False,1.1208710372447968,26.412447934476244,37.189747320918464
1.0,72.0,72.0,False,1.8808482885360718,19.21228347785371,12.224557574482837
1.0,-4.0,-4.0,False,3.557472825050354,17.461209111160006,25.161065118225938
1.0,-19.0,-19.0,False,1.8445653915405273,27.699845637913903,27.114130329730248
1.0,37.0,37.0,False,4.957804501056671,6.980770469595898,5.322838988611401
1.0,58.0,58.0,False,2.1690545678138733,18.002076797416475,9.386108175383058
1.0,62.0,62.0,False,1.0842550098896027,15.912019384037675,9.222443852448887
1.0,17.0,17.0,False,2.1574829816818237,17.3649708735702,16.663956882805607
1.0,-2.0,-2.0,False,1.9512507319450378,19.471234354430543,13.459427973083026
1.0,16.0,16.0,False,2.5233590602874756,11.879688020199664,24.80330589471663
1.0,5.0,5.0,False,4.453752338886261,20.09281261862067,26.65326240138274
1.0,-42.0,-42.0,False,1.845421314239502,20.264143560963497,19.136406682014858
1.0,53.0,53.0,False,2.4344555735588074,28.73434036692554,24.34573540285666
1.0,12.0,12.0,False,2.5729753375053406,5.595276352617287,15.935682006068493
1.0,49.0,49.0,False,2.1590104699134827,24.260197176717725,26.855633309154914
1.0,60.0,60.0,False,2.4882388561964035,6.980770469595898,23.635141365753462
1.0,-31.0,-31.0,False,1.292354255914688,18.932011378617116,23.74418119122861
1.0,17.0,17.0,False,2.34564071893692,18.318841064185133,14.502795245961693
1.0,8.0,8.0,False,2.980060338973999,31.591434820302673,28.10591164373176
1.0,23.0,23.0,False,1.845421314239502,18.8366001412891,19.136406682014858
1.0,61.0,61.0,False,1.8808482885360718,18.002076797416475,12.224557574482837
1.0,-25.0,-25.0,False,2.3815550804138184,35.89623352524368,15.346486300185452
1.0,60.0,60.0,False,2.2168503403663635,18.002076797416475,27.85440369997098
1.0,50.0,50.0,False,3.8521039485931396,11.890907474726635,26.633051483165268
1.0,-72.0,-72.0,False,3.8362979888916016,10.337173999226442,29.395960646438574
1.0,64.0,64.0,False,1.4505676552653313,28.891166421986156,16.479586949959025
1.0,28.0,28.0,False,2.7890952825546265,24.457773857498033,23.086063163918773
1.0,-14.0,-14.0,False,2.6276148557662964,33.817628778226684,36.488345558690554
1.0,-58.0,-58.0,False,2.9742051362991333,9.414402872477494,4.059982693639992
1.0,69.0,69.0,False,4.364972651004791,18.071420862335163,36.226145347248455
1.0,16.0,16.0,False,2.819375067949295,6.900261263116606,32.094003054207136
1.0,-7.0,-7.0,False,2.6376336216926575,18.81429327848667,5.488275168201701
1.0,47.0,47.0,False,2.3815550804138184,35.89623352524368,20.404745937374443
1.0,75.0,75.0,False,2.1590104699134827,33.367131938097614,26.855633309154914
1.0,-4.0,-4.0,False,6.271942555904388,5.497730914128355,14.88476613756396
1.0,-7.0,-7.0,False,2.3126421570777893,24.37860119944642,21.628208870484688
1.0,69.0,69.0,False,1.1608875393867493,24.318990199055506,18.904342883054355
1.0,-49.0,-49.0,False,1.4707392454147339,28.289940677929867,34.186290001247244
1.0,13.0,13.0,False,3.1350640654563904,24.3966816255986,26.73351009537184
1.0,-60.0,-60.0,False,3.9537346363067627,8.161822231597412,36.00490081065707
1.0,-9.0,-9.0,False,1.5703280568122864,22.872463252423415,13.620772799667288
1.0,16.0,16.0,False,1.4707392454147339,18.071420862335163,34.186290001247244
1.0,-45.0,-45.0,False,2.5328515619039536,31.526618125825994,6.843915893773635
1.0,16.0,16.0,False,1.544833242893219,28.66604829461329,13.925708658208414
1.0,56.0,56.0,False,3.542486071586609,24.91128094834846,36.79542365643973
1.0,18.0,18.0,False,3.4028690457344055,33.39123878753854,26.860130081969533
1.0,10.0,10.0,False,3.5351576805114746,26.98666649538852,20.357271871898902
1.0,50.0,50.0,False,2.3672818541526794,30.224336330678028,24.34573540285666
1.0,14.0,14.0,False,1.256055235862732,26.017286221272986,25.010071003876767
1.0,23.0,23.0,False,2.854583263397217,11.405053355532429,26.633051483165268
1.0,6.0,6.0,False,0.8713243305683136,17.2458449072506,13.925708658208414
1.0,-10.0,-10.0,False,0.7650613188743591,32.87587287237194,13.211638934499053
1.0,47.0,47.0,False,2.0219754576683044,28.785823959742054,5.322838988611401
1.0,-6.0,-6.0,False,3.8139754235744476,19.53523172304082,31.389653040343788
1.0,0.0,0.0,False,1.2560493350028992,21.69418337517395,32.7088542791458
1.0,7.0,7.0,False,2.0690821409225464,7.041759181872686,24.725313224389886
1.0,68.0,68.0,False,1.4505676552653313,37.27938219045583,16.479586949959025
1.0,56.0,56.0,False,1.9459398686885834,29.354328056705803,18.735797945758986
1.0,71.0,71.0,False,4.001388132572174,26.878686997980623,21.443932305063885
1.0,-45.0,-45.0,False,2.3158421516418457,24.457773857498033,27.85978593164864
1.0,79.0,79.0,False,3.4456048905849457,11.480935423751225,23.250399842464486
1.0,72.0,72.0,False,4.364972651004791,16.91620958897753,36.226145347248455
1.0,-64.0,-64.0,False,4.212924838066101,14.32970490475888,23.797737191123563
1.0,3.0,3.0,False,2.34214186668396,21.579732449687548,16.864353494882454
1.0,42.0,42.0,False,1.696217805147171,24.581949565757192,22.044037958767625
1.0,-10.0,-10.0,False,2.9742051362991333,9.414402872477494,22.684442004041646
1.0,7.0,7.0,False,2.3126421570777893,24.37860119944642,35.7411198290843
1.0,14.0,14.0,False,2.5328515619039536,33.367131938097614,6.843915893773635
1.0,4.0,4.0,False,2.112471282482147,35.470979635596464,24.18575183948218
1.0,-12.0,-12.0,False,2.3672818541526794,30.224336330678028,8.877931621074204
1.0,73.0,73.0,False,3.3398843705654144,18.131700132371662,14.441248419520614
1.0,-6.0,-6.0,False,2.2173951268196106,2.229340543531473,10.584261175218804
1.0,-6.0,-6.0,False,1.8759672045707703,19.397583628131407,33.59574605999905
1.0,6.0,6.0,False,2.1890931725502014,32.10240662783919,27.885821991573998
1.0,44.0,44.0,False,1.6091139912605286,18.79326381225736,20.404745937374443
1.0,-9.0,-9.0,False,1.3855701684951782,33.23884211739596,23.070727940431702
1.0,-64.0,-64.0,False,2.256247639656067,1.4004246748824198,19.807327750613894
1.0,36.0,36.0,False,2.8576496839523315,23.981890203636112,13.60363396170712
1.0,61.0,61.0,False,1.2619091272354126,3.8299915978959556,16.111183220420617
1.0,55.0,55.0,False,1.025617241859436,10.53219609298154,21.66091679303296
1.0,63.0,63.0,False,2.968902111053467,18.771814499197596,18.168074678691674
1.0,7.0,7.0,False,2.9021766036748886,27.81914819703672,20.232254824522744
1.0,-64.0,-64.0,False,3.061000242829323,24.56474779244528,27.08343006605822
1.0,13.0,13.0,False,0.7547401785850525,28.236702076317773,34.332284195311374
1.0,66.0,66.0,False,0.7860119640827179,23.644731708245953,15.554113648585941
1.0,-30.0,-30.0,False,2.038745105266571,8.928383452480293,27.525303470140926
1.0,15.0,15.0,False,4.4313002824783325,22.825345705052875,10.789298152352698
1.0,41.0,41.0,False,1.9076004922389984,27.886285815102458,10.373766032913382
1.0,3.0,3.0,False,2.3255516588687897,31.636081925122447,22.932121706530662
1.0,5.0,5.0,False,2.4759307503700256,22.14670993317648,14.191035968581444
1.0,8.0,8.0,False,2.1332965195178986,16.507205574660244,29.80101666924417
1.0,2.0,2.0,False,4.944322228431702,29.289972168559835,35.4961204558094
1.0,46.0,46.0,False,1.8400021195411682,11.196063637408479,34.54529820867691
1.0,-16.0,-16.0,False,1.7278519719839096,26.588705478702853,30.951478162357215
1.0,-60.0,-60.0,False,3.9049856066703796,32.86352628931437,13.55443772847143
1.0,0.0,0.0,False,1.8851812183856964,22.20035631821757,29.95005367891981
1.0,-5.0,-5.0,False,2.1343493461608887,15.43648547340851,9.936966599838144
1.0,0.0,0.0,False,4.398642539978027,29.289972168559835,21.6838537663432
1.0,-49.0,-49.0,False,1.1690983772277832,23.75471698699187,28.819082637696315
1.0,31.0,31.0,False,2.3697097301483154,12.26670632425062,19.76109533463322
1.0,56.0,56.0,False,2.644502818584442,27.11196974943268,29.35547817126013
1.0,5.0,5.0,False,1.3278776295483112,18.613236597573998,15.425552779916154
1.0,6.0,6.0,False,4.577015846967697,27.291633159432457,23.191720748035987
1.0,-13.0,-13.0,False,1.1690983772277832,19.395972929171165,28.819082637696315
1.0,8.0,8.0,False,1.4897490739822388,27.156398127495354,14.783862151300065
1.0,25.0,25.0,False,4.051753282546997,7.399773063272917,35.8901361839876
1.0,29.0,29.0,False,1.484149158000946,11.407751533231485,14.783862151300065
1.0,1.0,1.0,True,1.4029200673103333,12.128570384905387,19.190987360144835
1.0,-47.0,-47.0,False,1.911287009716034,13.635527157414769,15.425552779916154
1.0,57.0,57.0,False,3.0071485936641693,14.500542893605383,27.69092857195298
1.0,26.0,26.0,False,1.8813396394252777,4.541066447968284,15.554113648585941
1.0,-63.0,-63.0,False,2.2466151118278503,36.35954165943017,21.715646206390748
1.0,-65.0,-65.0,False,4.9511964321136475,11.607795371693683,21.715646206390748
1.0,-3.0,-3.0,False,2.4759307503700256,35.8835690462409,21.6838537663432
1.0,37.0,37.0,False,1.169504463672638,24.747671923334526,28.66270364122546
1.0,-65.0,-65.0,False,3.3219262957572937,0.20388417325411903,21.715646206390748
1.0,-61.0,-61.0,False,1.3855701684951782,33.23884211739596,29.95005367891981
1.0,-43.0,-43.0,False,3.805090367794037,16.585503837101772,30.088294068441893
1.0,-33.0,-33.0,False,2.0031283497810364,4.541066447968284,32.7939669486115
1.0,-28.0,-28.0,False,4.051753282546997,23.969196360185656,35.8901361839876
1.0,19.0,19.0,False,2.505820333957672,21.554996235244765,22.332783260498463
1.0,52.0,52.0,False,2.7081958651542664,21.254579028275046,14.191035968581444
1.0,28.0,28.0,False,1.957282543182373,7.451385614971742,9.173252398703118
1.0,-70.0,-70.0,False,2.25822913646698,37.31028390817789,26.028708014414743
1.0,46.0,46.0,False,2.505820333957672,21.554996235244765,23.773904836563524
1.0,-56.0,-56.0,False,1.3855701684951782,33.23884211739596,20.784379651739172
1.0,4.0,4.0,False,4.035412579774857,27.886285815102458,14.890834042341702
1.0,29.0,29.0,False,3.7292129695415497,27.81914819703672,13.86366001019117
1.0,45.0,45.0,False,2.452725648880005,11.196063637408479,25.237393168600697
1.0,48.0,48.0,False,3.866954505443573,14.442904331965138,23.773904836563524
1.0,-2.0,-2.0,False,1.7884196192026138,30.37281383292293,22.637484483381794
1.0,0.0,0.0,False,2.491289258003235,13.150866931723863,24.46397468281665
1.0,2.0,2.0,False,2.9066745340824127,31.980971042951428,17.448948646506132
1.0,-67.0,-67.0,False,1.2951814904808998,20.381952421875287,37.17818789534913
1.0,14.0,14.0,False,2.2380507588386536,27.142792610220813,10.789298152352698
1.0,27.0,27.0,False,1.495467722415924,17.776177029597722,22.332783260498463
1.0,61.0,61.0,False,1.211624264717102,27.396582400061675,33.2905940017119
1.0,0.0,0.0,False,2.1492964029312134,14.154299031064415,16.073084123505108
1.0,66.0,66.0,False,1.6537363529205322,36.067104594368345,23.070727940431702
1.0,6.0,6.0,False,1.1974170058965683,26.04058681436255,30.939200614658297
1.0,41.0,41.0,False,1.2619091272354126,28.313406755019702,16.111183220420617
1.0,-79.0,-79.0,False,2.1590104699134827,18.03779713259711,26.028708014414743
1.0,60.0,60.0,False,1.0687711536884308,20.4623437771808,6.576566026668097
1.0,6.0,6.0,False,2.25822913646698,37.31028390817789,25.930712370173293
1.0,-22.0,-22.0,False,2.1735879778862,20.85063165307064,18.16701189932174
1.0,4.0,4.0,False,3.394532322883606,12.032284382533444,27.257105189751815
1.0,-6.0,-6.0,False,2.911533832550049,24.79077257953717,23.070727940431702
1.0,9.0,9.0,False,1.169504463672638,24.747671923334526,7.747389815298783
1.0,-2.0,-2.0,False,2.8681333884596825,10.8529068599519,23.191720748035987
1.0,-41.0,-41.0,False,2.209943413734436,17.16965926421569,31.22754717074374
1.0,5.0,5.0,False,2.2063854932785034,29.21391053946516,12.350997805731332
1.0,1.0,1.0,True,2.7150739431381226,12.7204429755661,23.83423285576345
1.0,-14.0,-14.0,False,2.755120098590851,15.495179072647344,32.98359607696615
1.0,53.0,53.0,False,1.833470344543457,20.4623437771808,30.371787132860636
1.0,3.0,3.0,False,2.9584574103355408,29.289972168559835,33.2905940017119
1.0,-20.0,-20.0,False,2.0031283497810364,4.541066447968284,13.72655596920199
1.0,52.0,52.0,False,2.9584574103355408,14.442904331965138,33.2905940017119
1.0,-2.0,-2.0,False,1.025617241859436,10.53219609298154,27.259706920635185
1.0,65.0,65.0,False,1.2619091272354126,35.05879096610616,16.111183220420617
1.0,19.0,19.0,False,0.7860119640827179,23.644731708245953,36.32299968045223
1.0,33.0,33.0,False,2.489084303379059,15.43648547340851,24.57591700351628
1.0,-51.0,-51.0,False,1.1057563424110413,13.360590508025629,22.696161051396935
1.0,80.0,80.0,False,2.7572226226329803,11.940940480980236,14.535109796939341
1.0,68.0,68.0,False,2.8681333884596825,3.6058444636394777,18.16701189932174
1.0,5.0,5.0,False,3.637879192829132,20.381952421875287,23.191720748035987
1.0,6.0,6.0,False,1.3688139915466309,29.667130720245243,17.03656317751407
1.0,-47.0,-47.0,False,2.668264150619507,18.368390406164643,26.755709956742066
1.0,-37.0,-37.0,False,1.5767073035240173,37.31028390817789,36.32299968045223
1.0,-1.0,-1.0,False,1.1547312885522842,17.240223754174252,14.191035968581444
1.0,40.0,40.0,False,2.134064555168152,6.038699673391811,14.535109796939341
1.0,-1.0,-1.0,False,2.500232458114624,32.037999851526145,28.025967681811686
1.0,-43.0,-43.0,False,2.549496904015541,24.150885890721288,19.036834072957124
1.0,33.0,33.0,False,2.5286971628665924,13.26620931428087,21.167866119682234
1.0,-2.0,-2.0,False,2.270088851451874,14.51421402724706,17.622351697713622
1.0,-7.0,-7.0,False,0.9871111661195755,33.9947553404274,14.997450675495353
1.0,-31.0,-31.0,False,1.974980652332306,21.165244868227518,21.195011574070914
1.0,2.0,2.0,False,2.0455223321914673,22.03638241552771,22.27681821858426
1.0,-5.0,-5.0,False,1.4286006689071655,26.322430908970386,29.623035735991344
1.0,-3.0,-3.0,False,1.6847326159477234,31.402253187940847,19.43655474164376
1.0,-57.0,-57.0,False,3.1142754554748535,21.165244868227518,22.22465685567721
1.0,-2.0,-2.0,False,3.3875404000282288,31.926250350233445,16.124246032594172
1.0,0.0,0.0,False,3.2215608060359955,23.969196360185656,25.930712370173293
1.0,-7.0,-7.0,False,3.47938734292984,21.43055163180379,15.833461091714037
1.0,28.0,28.0,False,1.1325919535011053,29.997375071446886,23.478284907827803
1.0,4.0,4.0,False,0.6310068368911743,3.0842275783320283,23.347440660211134
1.0,-57.0,-57.0,False,3.145601809024811,13.230775670201846,8.444562880483018
1.0,1.0,1.0,True,2.03646357357502,32.11747322521458,7.747389815298783
1.0,30.0,30.0,False,1.0872142314910889,14.35373587808543,3.4618512533970858
1.0,-11.0,-11.0,False,1.8325973153114319,7.451385614971742,12.618172527399258
1.0,2.0,2.0,False,1.3477056622505188,22.825345705052875,25.89377353380788
1.0,-16.0,-16.0,False,1.3307491838932037,14.072769992533678,21.715646206390748
1.0,-5.0,-5.0,False,1.1057563424110413,13.360590508025629,19.190987360144835
1.0,-35.0,-35.0,False,3.769520342350006,23.987706055583597,7.112370658462748
1.0,19.0,19.0,False,2.0031283497810364,4.541066447968284,33.2905940017119
1.0,-47.0,-47.0,False,1.3613255023956299,21.43055163180379,30.360095366502836
1.0,-2.0,-2.0,False,2.1492964029312134,14.154299031064415,24.48611399226882
1.0,50.0,50.0,False,1.8851812183856964,22.20035631821757,27.551256788772253
1.0,-6.0,-6.0,False,1.4286006689071655,21.554996235244765,29.623035735991344
1.0,-106.0,-106.0,False,1.2951814904808998,24.074017668872628,37.17818789534913
1.0,-3.0,-3.0,False,3.2796393036842346,31.980971042951428,12.350997805731332
1.0,-21.0,-21.0,False,3.1142754554748535,33.366498171456804,22.22465685567721
1.0,-24.0,-24.0,False,1.957282543182373,12.7204429755661,9.173252398703118
1.0,57.0,57.0,False,1.0687711536884308,12.032284382533444,6.576566026668097
1.0,-1.0,-1.0,False,1.4286006689071655,21.308906319316122,29.623035735991344
1.0,45.0,45.0,False,3.479770749807358,7.451385614971742,33.02472858418494
1.0,85.0,85.0,False,1.495467722415924,17.776177029597722,16.44826291545071
1.0,-40.0,-40.0,False,1.2951814904808998,25.44320014991055,37.17818789534913
1.0,20.0,20.0,False,2.0031283497810364,4.541066447968284,20.88086083650963
1.0,60.0,60.0,False,0.7860119640827179,23.644731708245953,22.637484483381794
1.0,73.0,73.0,False,2.3255516588687897,31.636081925122447,25.930712370173293
1.0,6.0,6.0,False,1.26691272854805,33.647743729878414,29.032672054747025
1.0,62.0,62.0,False,1.7291684448719025,12.971138423995995,33.82089591718216
1.0,-52.0,-52.0,False,3.552094280719757,23.987706055583597,32.7939669486115
1.0,31.0,31.0,False,2.1659207344055176,5.264881387155174,3.4618512533970858
1.0,60.0,60.0,False,1.1049107313156128,14.604212406683603,27.551256788772253
1.0,46.0,46.0,False,2.644502818584442,14.442904331965138,29.35547817126013
1.0,52.0,52.0,False,2.505820333957672,21.554996235244765,23.191720748035987
1.0,27.0,27.0,False,1.1974170058965683,11.940940480980236,30.939200614658297
1.0,-17.0,-17.0,False,2.1736162900924683,7.451385614971742,31.37890515588041
1.0,43.0,43.0,False,2.5748146176338196,14.915250416161529,29.53206895772506
1.0,8.0,8.0,False,3.2796393036842346,35.72349719710085,12.350997805731332
1.0,68.0,68.0,False,1.854004979133606,29.563724629560348,18.16701189932174
1.0,23.0,23.0,False,2.78543883562088,16.255676246499807,25.237393168600697
1.0,0.0,0.0,False,2.2467360496520996,15.301989159273699,28.60564251171962
1.0,-9.0,-9.0,False,2.6400485038757324,29.831649995620115,17.03656317751407
1.0,32.0,32.0,False,1.6847326159477234,31.402253187940847,25.926908899877343
1.0,-22.0,-22.0,False,2.491289258003235,16.255676246499807,24.46397468281665
1.0,33.0,33.0,False,2.500232458114624,32.037999851526145,21.966324174417434
1.0,2.0,2.0,False,3.2467721700668335,24.870718275986253,27.08343006605822
1.0,-4.0,-4.0,False,2.8866467475891113,30.37281383292293,15.397531917270754
1.0,32.0,32.0,False,1.211624264717102,27.396582400061675,13.60363396170712
1.0,-53.0,-53.0,False,3.552094280719757,11.250590838705792,32.7939669486115
1.0,-22.0,-22.0,False,1.7992332577705383,23.287447561470163,25.926908899877343
1.0,-74.0,-74.0,False,4.765912473201752,21.165244868227518,26.028708014414743
1.0,58.0,58.0,False,0.8143888115882874,10.867922178729021,21.498617793165252
1.0,9.0,9.0,False,2.0818350315093994,33.647743729878414,34.332284195311374
1.0,41.0,41.0,False,1.6359896063804626,10.539498469311486,26.758977078899747
1.0,-6.0,-6.0,False,3.375158905982971,15.43648547340851,30.088294068441893
1.0,-59.0,-59.0,False,1.5075494349002838,21.07412027896364,8.00080897294121
1.0,61.0,61.0,False,2.2063854932785034,29.21391053946516,13.391043337115079
1.0,52.0,52.0,False,1.6620412170886993,14.722568931735625,22.637484483381794
1.0,-27.0,-27.0,False,1.957282543182373,24.79077257953717,9.173252398703118
1.0,-65.0,-65.0,False,2.2467360496520996,35.8835690462409,28.60564251171962
1.0,52.0,52.0,False,1.8851812183856964,22.20035631821757,33.2905940017119
1.0,-23.0,-23.0,False,1.7992332577705383,35.8835690462409,25.926908899877343
1.0,-2.0,-2.0,False,1.1690983772277832,7.451385614971742,28.819082637696315
1.0,-4.0,-4.0,False,2.003323793411255,20.4623437771808,17.03656317751407
1.0,-23.0,-23.0,False,2.0455223321914673,22.342812514478318,22.27681821858426
1.0,58.0,58.0,False,1.0687711536884308,32.11747322521458,6.576566026668097
1.0,24.0,24.0,False,0.7860119640827179,23.644731708245953,7.112370658462748
1.0,-63.0,-63.0,False,3.2326213717460632,23.987706055583597,16.073084123505108
1.0,2.0,2.0,False,1.484149158000946,11.407751533231485,16.073084123505108
1.0,3.0,3.0,False,2.8866467475891113,14.263448292185094,15.397531917270754
1.0,16.0,16.0,False,3.038868725299835,33.99188026073695,22.22465685567721
1.0,-24.0,-24.0,False,1.9351718723773956,11.607795371693683,15.217761624492063
1.0,-9.0,-9.0,False,3.866954505443573,14.442904331965138,14.890834042341702
1.0,43.0,43.0,False,3.120578348636627,13.080047101568873,12.77449976619156
1.0,-52.0,-52.0,False,2.491289258003235,10.8529068599519,24.46397468281665
1.0,3.0,3.0,False,1.8813396394252777,10.8529068599519,15.554113648585941
1.0,18.0,18.0,False,3.5289134681224823,12.028673921717324,26.755709956742066
1.0,69.0,69.0,False,1.169504463672638,24.747671923334526,14.191035968581444
1.0,62.0,62.0,False,3.115369200706482,17.859336766212902,20.88086083650963
1.0,47.0,47.0,False,2.505820333957672,21.554996235244765,25.237393168600697
1.0,13.0,13.0,False,2.549496904015541,2.3914149356797716,19.036834072957124
1.0,90.0,90.0,False,2.1492964029312134,14.154299031064415,16.44826291545071
1.0,-23.0,-23.0,False,2.9021766036748886,21.165244868227518,20.232254824522744
1.0,-3.0,-3.0,False,1.653806209564209,24.253494679440514,24.48611399226882
1.0,-42.0,-42.0,False,2.0632048547267914,17.24244701499591,18.94853971385652
1.0,-52.0,-52.0,False,3.0782365798950195,0.20388417325411903,32.598891484539976
1.0,50.0,50.0,False,2.1332965195178986,16.507205574660244,19.583417757001126
1.0,-1.0,-1.0,False,1.9402329921722412,35.05879096610616,36.513784666619216
1.0,-45.0,-45.0,False,2.209943413734436,17.16965926421569,28.60564251171962
1.0,3.0,3.0,False,4.02936327457428,21.308906319316122,29.95005367891981
1.0,21.0,21.0,False,2.0455223321914673,23.981890203636112,22.27681821858426
1.0,4.0,4.0,False,1.211624264717102,27.396582400061675,19.303263730227926
1.0,53.0,53.0,False,2.3254257142543793,4.268149722160793,29.53206895772506
1.0,-1.0,-1.0,False,2.2327051162719727,37.008920625182576,14.050918082111052
1.0,7.0,7.0,False,1.8813396394252777,23.07255628546916,15.554113648585941
1.0,3.0,3.0,False,1.1396648287773132,6.202034342705476,17.622351697713622
1.0,-36.0,-36.0,False,2.3961703777313232,27.81914819703672,24.48611399226882
1.0,-2.0,-2.0,False,2.3961703777313232,32.037999851526145,24.48611399226882
1.0,-38.0,-38.0,False,1.386199712753296,23.54033146225395,14.813230601131043
1.0,-40.0,-40.0,False,1.2951814904808998,26.636313045269024,37.17818789534913
1.0,-28.0,-28.0,False,1.2951814904808998,28.313406755019702,37.17818789534913
1.0,-1.0,-1.0,False,1.8613172471523285,28.33433793661778,1.8216702223472876
1.0,1.0,1.0,True,1.169504463672638,24.747671923334526,16.073084123505108
1.0,47.0,47.0,False,2.3254257142543793,4.268149722160793,12.77449976619156
1.0,-3.0,-3.0,False,2.4929940700531006,24.37551488088011,27.08343006605822
1.0,38.0,38.0,False,3.86049085855484,33.366498171456804,26.758977078899747
1.0,-32.0,-32.0,False,1.897935926914215,26.636313045269024,19.807327750613894
1.0,-46.0,-46.0,False,2.7082106471061707,13.230775670201846,24.105178279854403
1.0,-50.0,-50.0,False,2.9122816398739815,22.648887711386365,12.350997805731332
1.0,1.0,1.0,True,2.1632570028305054,27.520803749440127,16.073084123505108
1.0,-45.0,-45.0,False,2.0632048547267914,23.987706055583597,18.94853971385652
1.0,51.0,51.0,False,1.3278776295483112,18.613236597573998,21.6838537663432
1.0,12.0,12.0,False,1.9076004922389984,22.7787459348633,10.373766032913382
1.0,-2.0,-2.0,False,2.9584574103355408,1.4004246748824198,33.2905940017119
1.0,-15.0,-15.0,False,3.0577991604804993,30.37281383292293,29.53206895772506
1.0,58.0,58.0,False,1.8613172471523285,28.33433793661778,29.35547817126013
1.0,-18.0,-18.0,False,2.5762664079666138,18.35793015009459,22.332783260498463
1.0,-53.0,-53.0,False,2.2467360496520996,28.839668423231966,28.60564251171962
1.0,-42.0,-42.0,False,2.0632048547267914,13.230775670201846,18.94853971385652
1.0,54.0,54.0,False,2.271116465330124,12.971138423995995,27.69092857195298
1.0,6.0,6.0,False,1.1049107313156128,14.604212406683603,37.02007702663328
1.0,-69.0,-69.0,False,1.724009096622467,16.585503837101772,20.159885285671773
1.0,-43.0,-43.0,False,2.476476788520813,34.014413639449906,33.54051832677763
1.0,-34.0,-34.0,False,1.2951814904808998,22.7787459348633,37.17818789534913
1.0,-7.0,-7.0,False,1.495467722415924,17.776177029597722,22.050093342243983
1.0,65.0,65.0,False,2.500232458114624,32.037999851526145,13.391043337115079
1.0,-7.0,-7.0,False,2.003323793411255,20.4623437771808,24.48611399226882
1.0,4.0,4.0,False,1.8851812183856964,22.20035631821757,26.755709956742066
1.0,68.0,68.0,False,1.135451316833496,31.636081925122447,9.108802109987144
1.0,5.0,5.0,False,3.5289134681224823,12.028673921717324,5.3571150660929305
1.0,-1.0,-1.0,False,1.9735623598098755,35.54229307051256,17.03656317751407
1.0,-25.0,-25.0,False,3.2215608060359955,10.329253119234744,25.930712370173293
1.0,19.0,19.0,False,4.293379843235016,13.26620931428087,13.86366001019117
1.0,8.0,8.0,False,2.6785272359848022,24.56474779244528,24.542731330545305
1.0,21.0,21.0,False,2.0031283497810364,4.541066447968284,23.191720748035987
1.0,-32.0,-32.0,False,2.8576496839523315,27.526160680152085,13.60363396170712
1.0,-19.0,-19.0,False,2.9021766036748886,32.86352628931437,20.232254824522744
1.0,21.0,21.0,False,0.6310068368911743,3.0842275783320283,30.088294068441893
1.0,22.0,22.0,False,2.7572226226329803,11.940940480980236,12.350997805731332
1.0,-10.0,-10.0,False,2.519489347934723,16.350411860793542,32.7939669486115
1.0,9.0,9.0,False,0.6310068368911743,3.0842275783320283,11.385644983141223
1.0,-66.0,-66.0,False,2.8805870413780212,27.526160680152085,13.55443772847143
1.0,-45.0,-45.0,False,1.1547312885522842,17.240223754174252,30.088294068441893
1.0,-14.0,-14.0,False,2.8053160905838013,7.399773063272917,28.025967681811686
1.0,22.0,22.0,False,2.545100674033165,24.870718275986253,20.784379651739172
1.0,-48.0,-48.0,False,2.805292010307312,30.66371877295408,22.696161051396935
1.0,-34.0,-34.0,False,2.0956020653247833,24.68672932254849,26.028708014414743
1.0,18.0,18.0,False,2.5762664079666138,18.35793015009459,24.542731330545305
1.0,13.0,13.0,False,0.363904744386673,32.037999851526145,23.21971709546454
1.0,-52.0,-52.0,False,3.061000242829323,24.56474779244528,7.747389815298783
1.0,-29.0,-29.0,False,1.4221931397914886,15.440963171332521,17.448948646506132
1.0,-36.0,-36.0,False,1.974980652332306,24.79077257953717,21.195011574070914
1.0,-43.0,-43.0,False,2.350124418735504,12.26670632425062,14.997450675495353
1.0,11.0,11.0,False,1.7278519719839096,26.588705478702853,14.813230601131043
1.0,3.0,3.0,False,2.7889909744262695,14.277808377785224,4.665496043564878
1.0,6.0,6.0,False,2.1492964029312134,14.154299031064415,18.490912808900152
1.0,32.0,32.0,False,2.8576496839523315,18.404828753432515,13.60363396170712
1.0,36.0,36.0,False,2.8889299929142,13.721503848132285,28.66270364122546
1.0,38.0,38.0,False,2.4966152906417847,32.037999851526145,22.154978813862037
1.0,2.0,2.0,False,3.2326213717460632,15.301989159273699,16.073084123505108
1.0,67.0,67.0,False,3.5289134681224823,12.028673921717324,21.66091679303296
1.0,12.0,12.0,False,0.363904744386673,35.72349719710085,23.21971709546454
1.0,8.0,8.0,False,3.948358416557312,13.150866931723863,14.813230601131043
1.0,1.0,1.0,True,2.0450559258461,27.886285815102458,18.896257064201286
1.0,2.0,2.0,False,1.1939772367477417,12.67883369358755,29.80101666924417
1.0,38.0,38.0,False,1.7028566598892212,28.313406755019702,20.29496031342597
1.0,-38.0,-38.0,False,2.1343493461608887,22.14670993317648,9.936966599838144
1.0,56.0,56.0,False,2.500232458114624,32.037999851526145,16.124246032594172
1.0,-43.0,-43.0,False,2.545100674033165,22.648887711386365,20.784379651739172
1.0,12.0,12.0,False,2.545100674033165,10.867922178729021,20.784379651739172
1.0,-72.0,-72.0,False,1.1547312885522842,17.240223754174252,31.37890515588041
1.0,-28.0,-28.0,False,3.3219262957572937,0.20388417325411903,28.66270364122546
1.0,37.0,37.0,False,2.3798423409461975,18.404828753432515,23.478284907827803
1.0,-21.0,-21.0,False,0.363904744386673,27.81914819703672,23.21971709546454
1.0,-4.0,-4.0,False,2.549496904015541,7.451385614971742,19.036834072957124
1.0,0.0,0.0,False,3.850951611995697,34.014413639449906,23.191720748035987
1.0,-66.0,-66.0,False,0.1739487648010254,24.79077257953717,34.16479174579093
1.0,45.0,45.0,False,1.833470344543457,21.554996235244765,30.371787132860636
1.0,-62.0,-62.0,False,2.2467360496520996,29.289972168559835,28.60564251171962
1.0,15.0,15.0,False,2.1343493461608887,26.415752673858776,9.936966599838144
1.0,15.0,15.0,False,1.4897490739822388,26.588705478702853,14.783862151300065
1.0,-5.0,-5.0,False,1.0872142314910889,14.35373587808543,21.57449727981134
1.0,26.0,26.0,False,2.14375501871109,26.322430908970386,22.154978813862037
1.0,18.0,18.0,False,1.6038787364959717,14.78787399167316,9.173252398703118
1.0,29.0,29.0,False,1.854004979133606,29.563724629560348,7.112370658462748
1.0,-13.0,-13.0,False,4.474177598953247,16.255676246499807,13.72655596920199
1.0,-80.0,-80.0,False,2.1735879778862,20.85063165307064,12.350997805731332
1.0,-2.0,-2.0,False,2.3961703777313232,20.925789476129204,24.48611399226882
1.0,4.0,4.0,False,0.9791817665100098,14.33934628240216,20.88086083650963
1.0,-83.0,-83.0,False,2.050865352153778,20.85063165307064,19.303263730227926
1.0,-8.0,-8.0,False,1.897935926914215,26.636313045269024,9.936966599838144
1.0,-10.0,-10.0,False,1.025617241859436,10.53219609298154,27.42797609801445
1.0,-13.0,-13.0,False,1.7278519719839096,26.588705478702853,27.060032773924927
1.0,-7.0,-7.0,False,1.2619091272354126,21.07412027896364,16.111183220420617
1.0,4.0,4.0,False,1.025617241859436,10.53219609298154,29.2976935595282
1.0,-7.0,-7.0,False,3.637879192829132,20.381952421875287,27.69092857195298
1.0,-38.0,-38.0,False,1.1057563424110413,13.360590508025629,14.783862151300065
1.0,-63.0,-63.0,False,1.596057415008545,13.634343574482465,29.80101666924417
1.0,-23.0,-23.0,False,1.9076004922389984,18.368390406164643,10.373766032913382
1.0,-2.0,-2.0,False,4.254233509302139,23.969196360185656,4.665496043564878
1.0,26.0,26.0,False,3.805090367794037,18.74766571773381,30.088294068441893
1.0,61.0,61.0,False,3.94020015001297,29.423300037525813,14.191035968581444
1.0,-52.0,-52.0,False,2.4759307503700256,22.14670993317648,29.95005367891981
1.0,-38.0,-38.0,False,2.1736162900924683,8.928383452480293,31.37890515588041
1.0,-1.0,-1.0,False,4.398642539978027,13.635527157414769,21.6838537663432
1.0,8.0,8.0,False,1.1396648287773132,6.202034342705476,23.347440660211134
1.0,11.0,11.0,False,2.89000004529953,22.03638241552771,7.112370658462748
1.0,5.0,5.0,False,1.8325973153114319,18.74766571773381,12.618172527399258
1.0,42.0,42.0,False,1.7992332577705383,4.268149722160793,25.926908899877343
1.0,64.0,64.0,False,2.5029490888118744,13.00245793654656,26.497847631603328
1.0,60.0,60.0,False,1.5171781033277512,13.721503848132285,19.63359629914233
1.0,65.0,65.0,False,2.8889299929142,13.721503848132285,8.727024322283542
1.0,-1.0,-1.0,False,2.755120098590851,13.721503848132285,32.98359607696615
1.0,-28.0,-28.0,False,2.8576496839523315,30.66371877295408,13.60363396170712
1.0,0.0,0.0,False,1.6712040305137634,26.322430908970386,29.031283720425996
1.0,52.0,52.0,False,1.2619091272354126,29.831649995620115,16.111183220420617
1.0,-8.0,-8.0,False,2.0455223321914673,22.7787459348633,22.27681821858426
1.0,7.0,7.0,False,2.038745105266571,23.981890203636112,27.525303470140926
1.0,4.0,4.0,False,1.386199712753296,23.54033146225395,8.727024322283542
1.0,58.0,58.0,False,5.104032099246979,16.15727862213961,23.773904836563524
1.0,58.0,58.0,False,2.03646357357502,32.11747322521458,7.709455693645639
1.0,47.0,47.0,False,2.2380507588386536,27.142792610220813,33.02472858418494
1.0,-46.0,-46.0,False,2.0818350315093994,17.24244701499591,34.332284195311374
1.0,-11.0,-11.0,False,1.2517655193805695,29.831649995620115,27.60473837398402
1.0,2.0,2.0,False,2.8866467475891113,17.24244701499591,15.397531917270754
1.0,-13.0,-13.0,False,2.0818350315093994,6.038699673391811,34.332284195311374
1.0,-75.0,-75.0,False,2.0818350315093994,20.85063165307064,34.332284195311374
1.0,-62.0,-62.0,False,1.1547312885522842,17.240223754174252,22.22465685567721
1.0,8.0,8.0,False,3.2796393036842346,16.15727862213961,12.350997805731332
1.0,-53.0,-53.0,False,1.911287009716034,16.585503837101772,15.425552779916154
1.0,-51.0,-51.0,False,1.6712040305137634,21.43055163180379,29.031283720425996
1.0,-11.0,-11.0,False,3.4802945256233215,15.495179072647344,17.622351697713622
1.0,53.0,53.0,False,1.6847326159477234,31.402253187940847,7.419783062501226
1.0,-74.0,-74.0,False,3.1827771067619324,33.44276412454627,30.951478162357215
1.0,42.0,42.0,False,2.89000004529953,22.03638241552771,23.773904836563524
1.0,71.0,71.0,False,1.8813396394252777,3.6058444636394777,15.554113648585941
1.0,42.0,42.0,False,1.9351718723773956,23.981890203636112,15.217761624492063
1.0,-1.0,-1.0,False,1.3506002556532621,16.781192260870174,27.525303470140926
1.0,28.0,28.0,False,1.9076004922389984,14.442904331965138,10.373766032913382
1.0,52.0,52.0,False,2.5748146176338196,14.915250416161529,21.6838537663432
1.0,62.0,62.0,False,3.2935408651828766,3.6058444636394777,27.551256788772253
1.0,11.0,11.0,False,1.26691272854805,20.925789476129204,29.032672054747025
1.0,26.0,26.0,False,3.569861948490143,15.301989159273699,13.72655596920199
1.0,31.0,31.0,False,1.6537363529205322,36.067104594368345,7.112370658462748
1.0,40.0,40.0,False,2.551477551460266,30.839295240456444,35.8901361839876
1.0,63.0,63.0,False,3.0071485936641693,14.500542893605383,20.29496031342597
1.0,-5.0,-5.0,False,1.8788059055805206,26.322430908970386,23.347440660211134
1.0,-7.0,-7.0,False,1.1547312885522842,17.240223754174252,15.397531917270754
1.0,48.0,48.0,False,3.355584442615509,7.399773063272917,36.64442886746504
1.0,19.0,19.0,False,3.2467721700668335,24.870718275986253,29.2976935595282
1.0,-23.0,-23.0,False,1.7028566598892212,28.313406755019702,28.60564251171962
1.0,59.0,59.0,False,3.47938734292984,2.3914149356797716,15.833461091714037
1.0,-10.0,-10.0,False,2.6400485038757324,29.831649995620115,16.073084123505108
1.0,33.0,33.0,False,3.375158905982971,15.43648547340851,13.86366001019117
1.0,-4.0,-4.0,False,3.86049085855484,33.366498171456804,13.72655596920199
1.0,-11.0,-11.0,False,3.47938734292984,16.585503837101772,15.833461091714037
1.0,29.0,29.0,False,1.025617241859436,10.53219609298154,3.4618512533970858
1.0,54.0,54.0,False,1.8851812183856964,22.20035631821757,22.862808147041086
1.0,7.0,7.0,False,5.487721741199493,10.867922178729021,29.95005367891981
1.0,48.0,48.0,False,1.025617241859436,10.53219609298154,29.35547817126013
1.0,42.0,42.0,False,1.9351718723773956,27.886285815102458,15.217761624492063
1.0,-53.0,-53.0,False,2.62064927816391,22.648887711386365,18.490912808900152
1.0,-2.0,-2.0,False,0.8143888115882874,11.607795371693683,21.498617793165252
1.0,-70.0,-70.0,False,3.1745946407318115,30.37281383292293,30.951478162357215
1.0,10.0,10.0,False,3.0782365798950195,17.859336766212902,32.598891484539976
1.0,-52.0,-52.0,False,1.1974170058965683,27.526160680152085,30.939200614658297
1.0,-12.0,-12.0,False,1.2951814904808998,17.776177029597722,37.17818789534913
1.0,21.0,21.0,False,2.0632048547267914,17.37065731638652,18.94853971385652
1.0,5.0,5.0,False,0.363904744386673,14.35373587808543,23.21971709546454
1.0,54.0,54.0,False,2.6785272359848022,7.451385614971742,24.542731330545305
1.0,27.0,27.0,False,1.1325919535011053,29.997375071446886,35.8901361839876
1.0,-67.0,-67.0,False,2.8805870413780212,27.526160680152085,21.715646206390748
1.0,-16.0,-16.0,False,3.0612006783485413,7.451385614971742,22.050093342243983
1.0,16.0,16.0,False,2.968902111053467,18.771814499197596,26.755709956742066
1.0,-61.0,-61.0,False,1.596057415008545,13.634343574482465,1.8216702223472876
1.0,-52.0,-52.0,False,2.9066745340824127,23.969196360185656,17.448948646506132
1.0,63.0,63.0,False,2.1492964029312134,14.154299031064415,26.497847631603328
1.0,-52.0,-52.0,False,1.911287009716034,30.37281383292293,15.425552779916154
1.0,3.0,3.0,False,2.7889909744262695,14.277808377785224,20.88086083650963
1.0,-2.0,-2.0,False,1.957282543182373,4.541066447968284,9.173252398703118
1.0,60.0,60.0,False,1.4029200673103333,20.925789476129204,19.190987360144835
1.0,-30.0,-30.0,False,1.3855701684951782,33.23884211739596,9.173252398703118
1.0,-60.0,-60.0,False,1.1690983772277832,33.23884211739596,28.819082637696315
1.0,4.0,4.0,False,1.0687711536884308,23.54033146225395,6.576566026668097
1.0,21.0,21.0,False,1.3506002556532621,16.781192260870174,14.783862151300065
1.0,19.0,19.0,False,2.537031054496765,16.255676246499807,32.22843963519767
1.0,38.0,38.0,False,1.0687711536884308,6.038699673391811,6.576566026668097
1.0,18.0,18.0,False,2.5286971628665924,27.291633159432457,21.167866119682234
1.0,30.0,30.0,False,2.095318078994751,4.106874931078852,3.4618512533970858
1.0,-36.0,-36.0,False,4.56722104549408,14.263448292185094,14.813230601131043
1.0,-91.0,-91.0,False,2.1735879778862,20.85063165307064,28.60564251171962
1.0,56.0,56.0,False,2.3697097301483154,22.03638241552771,19.76109533463322
1.0,-63.0,-63.0,False,2.9122816398739815,22.648887711386365,29.80101666924417
1.0,62.0,62.0,False,2.78543883562088,15.301989159273699,25.237393168600697
1.0,8.0,8.0,False,2.038745105266571,2.3914149356797716,27.525303470140926
1.0,-5.0,-5.0,False,1.1057563424110413,13.360590508025629,19.63359629914233
1.0,-66.0,-66.0,False,2.2466151118278503,36.35954165943017,22.932121706530662
1.0,57.0,57.0,False,2.095318078994751,4.106874931078852,23.191720748035987
1.0,71.0,71.0,False,0.8143888115882874,33.99188026073695,21.498617793165252
1.0,-48.0,-48.0,False,2.668264150619507,18.368390406164643,17.448948646506132
1.0,18.0,18.0,False,1.6712040305137634,24.870718275986253,29.031283720425996
1.0,52.0,52.0,False,4.165761888027191,10.867922178729021,20.406335243409245
1.0,2.0,2.0,False,2.2327051162719727,24.37972366339127,14.050918082111052
1.0,-31.0,-31.0,False,1.9402329921722412,6.038699673391811,36.513784666619216
1.0,55.0,55.0,False,1.8851812183856964,22.20035631821757,25.930712370173293
1.0,-38.0,-38.0,False,2.2466151118278503,36.35954165943017,13.72655596920199
1.0,36.0,36.0,False,2.1736162900924683,35.05879096610616,21.966324174417434
1.0,22.0,22.0,False,4.0535314083099365,13.080047101568873,13.72655596920199
1.0,-26.0,-26.0,False,3.86049085855484,33.366498171456804,14.890834042341702
1.0,-50.0,-50.0,False,1.9076004922389984,20.85063165307064,10.373766032913382
1.0,64.0,64.0,False,2.6785272359848022,10.867922178729021,24.542731330545305
1.0,18.0,18.0,False,2.209943413734436,17.16965926421569,36.64442886746504
1.0,-64.0,-64.0,False,3.6616504192352295,12.7204429755661,17.622351697713622
1.0,2.0,2.0,False,3.9049856066703796,27.886285815102458,13.55443772847143
1.0,34.0,34.0,False,1.1325919535011053,29.997375071446886,12.77449976619156
1.0,32.0,32.0,False,3.86049085855484,33.366498171456804,21.6838537663432
1.0,65.0,65.0,False,1.1396648287773132,6.202034342705476,12.186622627173163
1.0,58.0,58.0,False,3.181066572666168,27.11196974943268,20.29496031342597
1.0,-35.0,-35.0,False,4.84693306684494,16.255676246499807,14.890834042341702
1.0,10.0,10.0,False,2.901324152946472,17.37065731638652,37.02007702663328
1.0,-47.0,-47.0,False,0.9791817665100098,14.33934628240216,33.32145540484293
1.0,-71.0,-71.0,False,1.1547312885522842,17.240223754174252,22.050093342243983
1.0,-18.0,-18.0,False,1.3105721473693848,23.372927487134504,24.979656048186605
1.0,12.0,12.0,False,1.1690983772277832,13.721503848132285,28.819082637696315
1.0,20.0,20.0,False,1.26691272854805,33.99188026073695,29.032672054747025
1.0,-62.0,-62.0,False,2.350124418735504,13.635527157414769,14.997450675495353
1.0,54.0,54.0,False,1.3278776295483112,18.613236597573998,13.86366001019117
1.0,37.0,37.0,False,2.2327051162719727,15.43648547340851,14.050918082111052
1.0,-46.0,-46.0,False,0.363904744386673,13.634343574482465,23.21971709546454
1.0,-14.0,-14.0,False,1.2517655193805695,7.399773063272917,27.60473837398402
1.0,20.0,20.0,False,1.3613255023956299,14.500542893605383,30.360095366502836
1.0,-7.0,-7.0,False,2.814973294734955,26.415752673858776,35.19892727561111
1.0,-14.0,-14.0,False,1.1325919535011053,29.997375071446886,28.35860882189127
1.0,7.0,7.0,False,3.0577991604804993,13.26620931428087,29.53206895772506
1.0,-3.0,-3.0,False,2.69498610496521,27.11196974943268,1.8216702223472876
1.0,-17.0,-17.0,False,2.3961703777313232,11.196063637408479,24.48611399226882
1.0,3.0,3.0,False,0.1739487648010254,14.154299031064415,34.16479174579093
1.0,2.0,2.0,False,0.1739487648010254,28.236702076317773,34.16479174579093
1.0,-33.0,-33.0,False,1.4221931397914886,15.440963171332521,8.00080897294121
1.0,48.0,48.0,False,2.2380507588386536,27.142792610220813,21.6838537663432
1.0,-5.0,-5.0,False,2.5748146176338196,14.915250416161529,8.444562880483018
1.0,-63.0,-63.0,False,1.596057415008545,13.634343574482465,30.951478162357215
1.0,66.0,66.0,False,4.333980858325958,18.74766571773381,12.186622627173163
1.0,-11.0,-11.0,False,1.780469536781311,21.308906319316122,28.35860882189127
1.0,49.0,49.0,False,2.537031054496765,29.423300037525813,32.22843963519767
1.0,-65.0,-65.0,False,4.252207159996033,21.165244868227518,27.060032773924927
1.0,-41.0,-41.0,False,2.549496904015541,28.839668423231966,19.036834072957124
1.0,4.0,4.0,False,2.5748146176338196,14.915250416161529,11.385644983141223
1.0,-1.0,-1.0,False,1.0872142314910889,14.35373587808543,37.02007702663328
1.0,46.0,46.0,False,1.4029200673103333,7.451385614971742,19.190987360144835
1.0,5.0,5.0,False,2.9122816398739815,22.648887711386365,20.88086083650963
1.0,-52.0,-52.0,False,3.552094280719757,21.43055163180379,32.7939669486115
1.0,18.0,18.0,False,2.4400781989097595,12.26670632425062,21.6838537663432
1.0,10.0,10.0,False,1.3307491838932037,14.072769992533678,9.936966599838144
1.0,-6.0,-6.0,False,2.003323793411255,20.4623437771808,27.060032773924927
1.0,-21.0,-21.0,False,3.0292474031448364,33.366498171456804,37.02007702663328
1.0,64.0,64.0,False,1.135451316833496,17.37065731638652,9.108802109987144
1.0,-4.0,-4.0,False,1.9402329921722412,13.721503848132285,36.513784666619216
1.0,-64.0,-64.0,False,2.3699543476104736,23.07255628546916,21.715646206390748
1.0,-9.0,-9.0,False,2.320078492164612,30.764191864871613,35.19892727561111
1.0,26.0,26.0,False,2.0818350315093994,16.507205574660244,34.332284195311374
1.0,-7.0,-7.0,False,1.8613172471523285,28.33433793661778,33.297987877709694
1.0,-2.0,-2.0,False,1.1396648287773132,6.202034342705476,17.519815207469218
1.0,-25.0,-25.0,False,2.0450559258461,24.68672932254849,18.896257064201286
1.0,8.0,8.0,False,2.0455223321914673,18.602074690956446,22.27681821858426
1.0,19.0,19.0,False,1.3613255023956299,17.37065731638652,30.360095366502836
1.0,7.0,7.0,False,1.1939772367477417,12.67883369358755,17.03656317751407
1.0,36.0,36.0,False,1.135451316833496,10.539498469311486,9.108802109987144
1.0,-65.0,-65.0,False,1.724009096622467,21.43055163180379,20.159885285671773
1.0,-38.0,-38.0,False,2.050865352153778,13.26620931428087,19.303263730227926
1.0,-7.0,-7.0,False,0.7860119640827179,23.644731708245953,28.35860882189127
1.0,-91.0,-91.0,False,4.806871473789215,15.295421184465797,21.715646206390748
1.0,-64.0,-64.0,False,2.5203680396080017,23.75471698699187,17.519815207469218
1.0,-63.0,-63.0,False,3.1142754554748535,33.44276412454627,22.22465685567721
1.0,48.0,48.0,False,1.8851812183856964,22.20035631821757,20.29496031342597
1.0,-29.0,-29.0,False,3.0612006783485413,22.7787459348633,22.050093342243983
1.0,-3.0,-3.0,False,1.8361008763313293,29.31257756269722,36.513784666619216
1.0,44.0,44.0,False,3.948358416557312,13.150866931723863,23.773904836563524
1.0,-22.0,-22.0,False,2.0818350315093994,3.3790689594584893,34.332284195311374
1.0,-2.0,-2.0,False,4.436095774173737,33.647743729878414,35.19892727561111
1.0,34.0,34.0,False,1.169504463672638,24.747671923334526,21.966324174417434
1.0,-49.0,-49.0,False,1.3477056622505188,36.35954165943017,25.89377353380788
1.0,44.0,44.0,False,1.6537363529205322,36.067104594368345,20.232254824522744
1.0,69.0,69.0,False,1.6537363529205322,36.067104594368345,26.758977078899747
1.0,-59.0,-59.0,False,3.7961829602718353,11.250590838705792,19.43655474164376
1.0,-1.0,-1.0,False,5.0179208517074585,21.165244868227518,26.497847631603328
1.0,15.0,15.0,False,1.8361008763313293,29.31257756269722,22.696161051396935
1.0,19.0,19.0,False,2.0455223321914673,20.925789476129204,22.27681821858426
1.0,47.0,47.0,False,1.3278776295483112,18.613236597573998,20.406335243409245
1.0,-8.0,-8.0,False,1.3307491838932037,14.072769992533678,27.259706920635185
1.0,-41.0,-41.0,False,2.8698076605796814,25.44320014991055,33.297987877709694
1.0,28.0,28.0,False,1.7278519719839096,26.588705478702853,15.217761624492063
1.0,35.0,35.0,False,2.2327051162719727,8.986060685951955,14.050918082111052
1.0,-5.0,-5.0,False,3.0292474031448364,31.980971042951428,37.02007702663328
1.0,-2.0,-2.0,False,1.780469536781311,29.31257756269722,28.35860882189127
1.0,30.0,30.0,False,4.02936327457428,21.308906319316122,35.8901361839876
1.0,65.0,65.0,False,1.169504463672638,24.747671923334526,12.186622627173163
1.0,68.0,68.0,False,2.5029490888118744,13.00245793654656,18.16701189932174
1.0,-36.0,-36.0,False,2.9759533405303955,30.66371877295408,10.789298152352698
1.0,12.0,12.0,False,1.653806209564209,24.253494679440514,29.2976935595282
1.0,-44.0,-44.0,False,2.805292010307312,31.926250350233445,22.696161051396935
1.0,64.0,64.0,False,3.5134567618370056,35.72349719710085,23.191720748035987
1.0,66.0,66.0,False,1.8361008763313293,29.31257756269722,8.727024322283542
1.0,20.0,20.0,False,1.4221931397914886,15.440963171332521,13.86366001019117
1.0,64.0,64.0,False,1.135451316833496,36.067104594368345,9.108802109987144
1.0,92.0,92.0,False,1.484149158000946,11.407751533231485,16.44826291545071
1.0,-61.0,-61.0,False,0.9791817665100098,14.33934628240216,28.025967681811686
1.0,3.0,3.0,False,2.7572226226329803,11.940940480980236,26.028708014414743
1.0,3.0,3.0,False,2.9122816398739815,22.648887711386365,35.4961204558094
1.0,45.0,45.0,False,1.7884196192026138,27.156398127495354,22.637484483381794
1.0,2.0,2.0,False,1.6537363529205322,36.067104594368345,32.98359607696615
1.0,-37.0,-37.0,False,1.1547312885522842,17.240223754174252,22.332783260498463
1.0,59.0,59.0,False,2.901324152946472,17.37065731638652,16.124246032594172
1.0,-9.0,-9.0,False,2.166251093149185,21.306032872009844,32.22843963519767
1.0,4.0,4.0,False,3.0092331171035767,23.981890203636112,14.890834042341702
1.0,-1.0,-1.0,False,0.7368019223213196,8.928383452480293,33.43314654094307
1.0,60.0,60.0,False,2.767876148223877,21.749817770709758,20.29496031342597
1.0,3.0,3.0,False,1.9735623598098755,35.54229307051256,19.43655474164376
1.0,15.0,15.0,False,1.345807433128357,17.19762718778066,17.448948646506132
1.0,0.0,0.0,False,1.596057415008545,13.634343574482465,20.29496031342597
1.0,33.0,33.0,False,0.7368019223213196,35.72349719710085,33.43314654094307
1.0,-10.0,-10.0,False,2.69498610496521,21.308906319316122,1.8216702223472876
1.0,-46.0,-46.0,False,3.884622037410736,22.342812514478318,30.951478162357215
1.0,-6.0,-6.0,False,1.0872142314910889,14.35373587808543,31.22754717074374
1.0,65.0,65.0,False,2.8866467475891113,12.028673921717324,15.397531917270754
1.0,-52.0,-52.0,False,2.9066745340824127,30.37281383292293,17.448948646506132
1.0,89.0,89.0,False,4.137571394443512,16.15727862213961,16.44826291545071
1.0,0.0,0.0,False,3.637879192829132,20.381952421875287,21.6838537663432
1.0,44.0,44.0,False,1.6038787364959717,14.78787399167316,24.542731330545305
1.0,-50.0,-50.0,False,1.3477056622505188,22.14670993317648,25.89377353380788
1.0,-53.0,-53.0,False,2.4759307503700256,35.8835690462409,19.036834072957124
1.0,34.0,34.0,False,2.500232458114624,32.037999851526145,13.60363396170712
1.0,5.0,5.0,False,1.4286006689071655,13.080047101568873,29.623035735991344
1.0,27.0,27.0,False,2.7572226226329803,11.940940480980236,17.448948646506132
1.0,18.0,18.0,False,1.7028566598892212,28.313406755019702,23.478284907827803
1.0,39.0,39.0,False,1.7992332577705383,35.72349719710085,25.926908899877343
1.0,-67.0,-67.0,False,1.4286006689071655,25.407130227318856,29.623035735991344
1.0,6.0,6.0,False,1.0687711536884308,22.648887711386365,6.576566026668097
1.0,-75.0,-75.0,False,4.554896295070648,16.585503837101772,33.297987877709694
1.0,42.0,42.0,False,2.1776112020015717,27.156398127495354,27.551256788772253
1.0,4.0,4.0,False,3.145601809024811,3.6058444636394777,8.444562880483018
1.0,60.0,60.0,False,1.1049107313156128,14.604212406683603,34.54529820867691
1.0,1.0,1.0,True,0.9791817665100098,14.33934628240216,9.108802109987144
1.0,60.0,60.0,False,2.5029490888118744,13.00245793654656,20.29496031342597
1.0,5.0,5.0,False,2.7150739431381226,30.66371877295408,23.83423285576345
1.0,-57.0,-57.0,False,1.596057415008545,13.634343574482465,17.622351697713622
1.0,-57.0,-57.0,False,2.038745105266571,23.287447561470163,27.525303470140926
1.0,-7.0,-7.0,False,3.8913519382476807,37.008920625182576,27.551256788772253
1.0,2.0,2.0,False,2.7889909744262695,14.277808377785224,13.86366001019117
1.0,-54.0,-54.0,False,2.166251093149185,21.306032872009844,24.979656048186605
1.0,-3.0,-3.0,False,3.7961829602718353,11.250590838705792,7.419783062501226
1.0,29.0,29.0,False,2.7136234045028687,8.986060685951955,36.64442886746504
1.0,13.0,13.0,False,2.9066745340824127,27.11196974943268,17.448948646506132
1.0,11.0,11.0,False,3.181066572666168,27.11196974943268,27.257105189751815
1.0,2.0,2.0,False,2.9584574103355408,23.75471698699187,33.2905940017119
1.0,54.0,54.0,False,3.355584442615509,5.264881387155174,36.64442886746504
1.0,8.0,8.0,False,2.2063854932785034,29.21391053946516,11.385644983141223
1.0,-6.0,-6.0,False,1.4897490739822388,26.636313045269024,14.783862151300065
1.0,1.0,1.0,True,1.135451316833496,20.381952421875287,9.108802109987144
1.0,6.0,6.0,False,1.3506002556532621,16.781192260870174,27.69774381352422
1.0,-93.0,-93.0,False,2.1735879778862,20.85063165307064,22.932121706530662
1.0,-2.0,-2.0,False,1.780469536781311,21.749817770709758,28.35860882189127
1.0,-46.0,-46.0,False,2.4400781989097595,12.26670632425062,27.08343006605822
1.0,19.0,19.0,False,2.03646357357502,32.11747322521458,10.789298152352698
1.0,-71.0,-71.0,False,1.3835196495056152,31.136897498036355,28.35860882189127
1.0,41.0,41.0,False,2.2063854932785034,29.21391053946516,12.77449976619156
1.0,57.0,57.0,False,3.8319743871688843,17.859336766212902,20.29496031342597
1.0,-43.0,-43.0,False,1.3613255023956299,13.634343574482465,30.360095366502836
1.0,66.0,66.0,False,1.0687711536884308,29.31257756269722,6.576566026668097
1.0,-7.0,-7.0,False,0.1739487648010254,26.415752673858776,34.16479174579093
1.0,-3.0,-3.0,False,3.752386152744293,1.4004246748824198,18.168074678691674
1.0,-41.0,-41.0,False,4.408951997756958,16.255676246499807,27.08343006605822
1.0,-52.0,-52.0,False,1.724009096622467,18.35793015009459,20.159885285671773
1.0,-13.0,-13.0,False,2.320078492164612,30.764191864871613,14.997450675495353
1.0,5.0,5.0,False,2.0134760588407516,11.322171455479959,35.4961204558094
1.0,47.0,47.0,False,1.7278519719839096,26.588705478702853,33.02472858418494
1.0,-16.0,-16.0,False,1.2951814904808998,18.613236597573998,37.17818789534913
1.0,7.0,7.0,False,0.6310068368911743,3.0842275783320283,8.00080897294121
1.0,45.0,45.0,False,2.7058019936084747,20.26526744471222,15.833461091714037
1.0,13.0,13.0,False,1.3105721473693848,23.372927487134504,9.173252398703118
1.0,1.0,1.0,True,2.8681333884596825,27.526160680152085,18.16701189932174
1.0,34.0,34.0,False,1.7291684448719025,22.7787459348633,33.82089591718216
1.0,28.0,28.0,False,2.270088851451874,14.51421402724706,22.332783260498463
1.0,-6.0,-6.0,False,3.752386152744293,1.4004246748824198,23.773904836563524
1.0,17.0,17.0,False,1.3613255023956299,18.771814499197596,30.360095366502836
1.0,-28.0,-28.0,False,4.067907899618149,22.7787459348633,27.060032773924927
1.0,5.0,5.0,False,2.755120098590851,24.870718275986253,32.98359607696615
1.0,5.0,5.0,False,2.551477551460266,30.839295240456444,8.444562880483018
1.0,-62.0,-62.0,False,1.0002091377973557,30.886151481408614,18.896257064201286
1.0,2.0,2.0,False,1.1325919535011053,29.997375071446886,29.2976935595282
1.0,65.0,65.0,False,2.901324152946472,17.37065731638652,18.168074678691674
1.0,-6.0,-6.0,False,1.4029200673103333,30.37281383292293,19.190987360144835
1.0,39.0,39.0,False,1.8361008763313293,29.31257756269722,19.583417757001126
1.0,60.0,60.0,False,3.2935408651828766,3.6058444636394777,20.29496031342597
1.0,9.0,9.0,False,1.9402329921722412,11.940940480980236,36.513784666619216
1.0,11.0,11.0,False,3.5134567618370056,35.72349719710085,11.385644983141223
1.0,15.0,15.0,False,2.0818350315093994,27.520803749440127,34.332284195311374
1.0,52.0,52.0,False,2.452725648880005,11.196063637408479,18.16701189932174
1.0,-3.0,-3.0,False,4.448122084140778,22.825345705052875,7.747389815298783
1.0,34.0,34.0,False,2.134064555168152,6.038699673391811,36.64442886746504
1.0,-15.0,-15.0,False,1.8851812183856964,22.20035631821757,22.932121706530662
1.0,-11.0,-11.0,False,2.3317264318466187,23.287447561470163,29.53206895772506
1.0,-37.0,-37.0,False,3.0612006783485413,8.928383452480293,22.050093342243983
1.0,-1.0,-1.0,False,2.2467360496520996,3.6058444636394777,28.60564251171962
1.0,17.0,17.0,False,1.484149158000946,11.407751533231485,24.46397468281665
1.0,-1.0,-1.0,False,2.3961703777313232,3.6058444636394777,24.48611399226882
1.0,-67.0,-67.0,False,4.198556572198868,27.291633159432457,15.704218888020936
1.0,60.0,60.0,False,1.2619091272354126,35.54229307051256,16.111183220420617
1.0,-37.0,-37.0,False,2.209943413734436,17.16965926421569,18.490912808900152
1.0,69.0,69.0,False,1.1049107313156128,14.604212406683603,15.554113648585941
1.0,71.0,71.0,False,1.1939772367477417,12.67883369358755,8.727024322283542
1.0,-57.0,-57.0,False,3.2796393036842346,12.7204429755661,12.350997805731332
1.0,-45.0,-45.0,False,1.1547312885522842,17.240223754174252,13.72655596920199
1.0,-65.0,-65.0,False,2.4759307503700256,35.8835690462409,1.8216702223472876
1.0,-8.0,-8.0,False,2.7058019936084747,20.26526744471222,35.19892727561111
1.0,0.0,0.0,False,2.452725648880005,11.196063637408479,24.46397468281665
1.0,11.0,11.0,False,1.3688139915466309,29.667130720245243,18.490912808900152
1.0,8.0,8.0,False,2.1332965195178986,16.507205574660244,22.932121706530662
1.0,-25.0,-25.0,False,2.1659207344055176,23.07255628546916,3.4618512533970858
1.0,24.0,24.0,False,1.345807433128357,17.19762718778066,36.32299968045223
1.0,62.0,62.0,False,1.8400021195411682,24.37551488088011,34.54529820867691
1.0,60.0,60.0,False,1.5171781033277512,20.925789476129204,19.63359629914233
1.0,7.0,7.0,False,2.551477551460266,30.839295240456444,19.43655474164376
1.0,22.0,22.0,False,2.0455223321914673,12.028673921717324,22.27681821858426
1.0,-43.0,-43.0,False,2.4400781989097595,12.26670632425062,27.060032773924927
1.0,5.0,5.0,False,3.038868725299835,33.99188026073695,29.80101666924417
1.0,39.0,39.0,False,2.3798423409461975,32.037999851526145,23.478284907827803
1.0,-6.0,-6.0,False,2.095318078994751,4.106874931078852,17.622351697713622
1.0,43.0,43.0,False,1.7028566598892212,28.313406755019702,22.637484483381794
1.0,-62.0,-62.0,False,2.69498610496521,24.56474779244528,1.8216702223472876
1.0,16.0,16.0,False,1.6038787364959717,14.78787399167316,15.217761624492063
1.0,11.0,11.0,False,1.5767073035240173,26.322430908970386,36.32299968045223
1.0,-63.0,-63.0,False,3.2326213717460632,21.43055163180379,16.073084123505108
1.0,-1.0,-1.0,False,2.644502818584442,31.926250350233445,29.35547817126013
1.0,-75.0,-75.0,False,2.8053160905838013,25.407130227318856,28.025967681811686
1.0,6.0,6.0,False,3.2215608060359955,17.24244701499591,25.930712370173293
1.0,40.0,40.0,False,3.135462999343872,19.395972929171165,22.862808147041086
1.0,39.0,39.0,False,1.169504463672638,24.747671923334526,35.8901361839876
1.0,8.0,8.0,False,2.0134760588407516,11.322171455479959,23.191720748035987
1.0,21.0,21.0,False,1.4221931397914886,15.440963171332521,12.186622627173163
1.0,-7.0,-7.0,False,2.271116465330124,12.971138423995995,15.704218888020936
1.0,4.0,4.0,False,2.03646357357502,32.11747322521458,32.7939669486115
1.0,-73.0,-73.0,False,1.3855701684951782,33.23884211739596,27.42797609801445
1.0,-57.0,-57.0,False,1.5075494349002838,16.585503837101772,8.00080897294121
1.0,11.0,11.0,False,1.211624264717102,27.396582400061675,25.89377353380788
1.0,-6.0,-6.0,False,2.505820333957672,21.554996235244765,37.02007702663328
1.0,-6.0,-6.0,False,2.0450559258461,33.647743729878414,18.896257064201286
1.0,-28.0,-28.0,False,3.637879192829132,20.381952421875287,22.332783260498463
1.0,4.0,4.0,False,2.0134760588407516,11.322171455479959,7.419783062501226
1.0,64.0,64.0,False,3.5134567618370056,35.72349719710085,13.391043337115079
1.0,-48.0,-48.0,False,3.061000242829323,24.56474779244528,27.69774381352422
1.0,5.0,5.0,False,0.5339774936437607,27.0961449080524,12.186622627173163
1.0,-64.0,-64.0,False,3.162229537963867,1.4004246748824198,17.03656317751407
1.0,-12.0,-12.0,False,2.2063854932785034,29.21391053946516,15.704218888020936
1.0,-18.0,-18.0,False,1.642915040254593,26.04058681436255,26.028708014414743
1.0,-15.0,-15.0,False,1.780469536781311,26.322430908970386,28.35860882189127
1.0,17.0,17.0,False,3.6629240214824677,5.264881387155174,13.72655596920199
1.0,18.0,18.0,False,2.7082106471061707,14.500542893605383,24.105178279854403
1.0,-4.0,-4.0,False,2.050865352153778,29.831649995620115,19.303263730227926
1.0,13.0,13.0,False,1.6712040305137634,29.563724629560348,29.031283720425996
1.0,56.0,56.0,False,1.3278776295483112,18.613236597573998,22.862808147041086
1.0,49.0,49.0,False,2.452725648880005,11.196063637408479,4.665496043564878
1.0,67.0,67.0,False,2.1632570028305054,27.520803749440127,25.930712370173293
1.0,-60.0,-60.0,False,1.4286006689071655,10.8529068599519,29.623035735991344
1.0,-42.0,-42.0,False,4.372309386730194,13.26620931428087,17.622351697713622
1.0,-4.0,-4.0,False,2.1590104699134827,18.03779713259711,7.709455693645639
1.0,63.0,63.0,False,4.126550018787384,18.404828753432515,13.391043337115079
1.0,-55.0,-55.0,False,2.549496904015541,1.4004246748824198,19.036834072957124
1.0,-48.0,-48.0,False,1.1690983772277832,37.31028390817789,28.819082637696315
1.0,-56.0,-56.0,False,1.4286006689071655,35.8835690462409,29.623035735991344
1.0,-39.0,-39.0,False,1.386199712753296,23.54033146225395,33.54051832677763
1.0,6.0,6.0,False,2.3255516588687897,31.636081925122447,27.060032773924927
1.0,51.0,51.0,False,2.505820333957672,21.554996235244765,12.186622627173163
1.0,58.0,58.0,False,1.4029200673103333,18.404828753432515,19.190987360144835
1.0,-4.0,-4.0,False,3.592115640640259,3.3790689594584893,22.332783260498463
1.0,-73.0,-73.0,False,2.7986382246017456,24.79077257953717,22.932121706530662
1.0,2.0,2.0,False,0.363904744386673,14.442904331965138,23.21971709546454
1.0,28.0,28.0,False,1.7884196192026138,3.3790689594584893,22.637484483381794
1.0,3.0,3.0,False,0.9791817665100098,14.33934628240216,26.497847631603328
1.0,65.0,65.0,False,1.1396648287773132,6.202034342705476,4.665496043564878
1.0,-18.0,-18.0,False,2.6400485038757324,29.831649995620115,33.297987877709694
1.0,14.0,14.0,False,3.3875404000282288,22.342812514478318,16.124246032594172
1.0,31.0,31.0,False,1.6847326159477234,31.402253187940847,10.373766032913382
1.0,-49.0,-49.0,False,3.9020661115646362,13.230775670201846,24.979656048186605
1.0,-17.0,-17.0,False,4.981891572475433,7.399773063272917,30.951478162357215
1.0,4.0,4.0,False,0.363904744386673,18.613236597573998,23.21971709546454
1.0,-70.0,-70.0,False,2.1590104699134827,18.03779713259711,21.715646206390748
1.0,40.0,40.0,False,2.0956020653247833,24.68672932254849,20.88086083650963
1.0,-30.0,-30.0,False,2.7136234045028687,8.986060685951955,5.3571150660929305
1.0,-44.0,-44.0,False,2.2467360496520996,12.26670632425062,28.60564251171962
1.0,65.0,65.0,False,1.211624264717102,27.396582400061675,14.050918082111052
1.0,-32.0,-32.0,False,3.769520342350006,32.86352628931437,7.112370658462748
1.0,31.0,31.0,False,2.8698076605796814,25.44320014991055,21.66091679303296
1.0,8.0,8.0,False,1.4286006689071655,21.749817770709758,29.623035735991344
1.0,49.0,49.0,False,1.7291684448719025,30.764191864871613,33.82089591718216
1.0,1.0,1.0,True,2.755120098590851,27.886285815102458,32.98359607696615
1.0,-25.0,-25.0,False,2.3798423409461975,21.165244868227518,23.478284907827803
1.0,5.0,5.0,False,2.901324152946472,17.37065731638652,14.890834042341702
1.0,-25.0,-25.0,False,4.067907899618149,22.7787459348633,17.622351697713622
1.0,17.0,17.0,False,0.7368019223213196,22.03638241552771,33.43314654094307
1.0,-10.0,-10.0,False,1.025617241859436,10.53219609298154,27.060032773924927
1.0,-42.0,-42.0,False,2.0031283497810364,4.541066447968284,14.890834042341702
1.0,-47.0,-47.0,False,0.9804791808128357,24.56474779244528,33.32145540484293
1.0,-41.0,-41.0,False,1.4897490739822388,37.008920625182576,14.783862151300065
1.0,2.0,2.0,False,2.3317264318466187,23.287447561470163,12.186622627173163
1.0,-55.0,-55.0,False,2.166251093149185,21.306032872009844,19.036834072957124
1.0,0.0,0.0,False,1.3506002556532621,16.781192260870174,18.490912808900152
1.0,-53.0,-53.0,False,3.850951611995697,34.014413639449906,11.385644983141223
1.0,-13.0,-13.0,False,2.8805870413780212,27.526160680152085,27.69092857195298
1.0,-36.0,-36.0,False,4.069573700428009,8.928383452480293,21.715646206390748
1.0,60.0,60.0,False,2.8681333884596825,5.264881387155174,18.16701189932174
1.0,-36.0,-36.0,False,2.1735879778862,20.85063165307064,27.69092857195298
1.0,-18.0,-18.0,False,2.519489347934723,16.350411860793542,21.57449727981134
1.0,-21.0,-21.0,False,1.9076004922389984,20.381952421875287,10.373766032913382
1.0,-13.0,-13.0,False,3.9049856066703796,7.399773063272917,13.55443772847143
1.0,1.0,1.0,True,1.211624264717102,27.396582400061675,21.57449727981134
1.0,-3.0,-3.0,False,2.549496904015541,7.399773063272917,19.036834072957124
1.0,-3.0,-3.0,False,4.254233509302139,23.969196360185656,26.497847631603328
1.0,7.0,7.0,False,1.1690983772277832,33.647743729878414,28.819082637696315
1.0,0.0,0.0,False,1.1057563424110413,13.360590508025629,7.709455693645639
1.0,0.0,0.0,False,3.7961829602718353,11.250590838705792,4.665496043564878
1.0,92.0,92.0,False,2.551477551460266,30.839295240456444,16.44826291545071
1.0,17.0,17.0,False,1.3613255023956299,29.563724629560348,30.360095366502836
1.0,41.0,41.0,False,1.7992332577705383,21.749817770709758,25.926908899877343
1.0,48.0,48.0,False,2.2520612478256226,18.602074690956446,20.29496031342597
1.0,3.0,3.0,False,1.386199712753296,23.54033146225395,4.665496043564878
1.0,26.0,26.0,False,3.375158905982971,15.43648547340851,20.406335243409245
1.0,7.0,7.0,False,1.345807433128357,17.19762718778066,19.303263730227926
1.0,15.0,15.0,False,2.545100674033165,3.8299915978959556,20.784379651739172
1.0,6.0,6.0,False,1.386199712753296,23.54033146225395,14.535109796939341
1.0,-52.0,-52.0,False,1.26691272854805,21.43055163180379,29.032672054747025
1.0,-46.0,-46.0,False,0.9791817665100098,14.33934628240216,24.105178279854403
1.0,11.0,11.0,False,1.5075494349002838,18.771814499197596,8.00080897294121
1.0,48.0,48.0,False,1.833470344543457,29.831649995620115,30.371787132860636
1.0,3.0,3.0,False,1.7884196192026138,14.277808377785224,22.637484483381794
1.0,-20.0,-20.0,False,1.9351718723773956,17.24244701499591,15.217761624492063
1.0,-31.0,-31.0,False,3.7292129695415497,27.81914819703672,35.19892727561111
1.0,22.0,22.0,False,0.7547401785850525,28.236702076317773,36.32299968045223
1.0,33.0,33.0,False,1.9351718723773956,5.264881387155174,15.217761624492063
1.0,60.0,60.0,False,2.3697097301483154,7.399773063272917,19.76109533463322
1.0,40.0,40.0,False,1.6359896063804626,10.539498469311486,13.391043337115079
1.0,33.0,33.0,False,1.0872142314910889,14.35373587808543,20.232254824522744
1.0,-8.0,-8.0,False,2.4420157372951508,20.925789476129204,15.704218888020936
1.0,-60.0,-60.0,False,2.0450559258461,14.263448292185094,18.896257064201286
1.0,2.0,2.0,False,2.166251093149185,21.306032872009844,14.050918082111052
1.0,37.0,37.0,False,1.8813396394252777,26.636313045269024,15.554113648585941
1.0,-59.0,-59.0,False,2.1590104699134827,18.03779713259711,19.036834072957124
1.0,4.0,4.0,False,5.198195576667786,32.86352628931437,12.186622627173163
1.0,0.0,0.0,False,0.7547401785850525,28.236702076317773,19.807327750613894
1.0,-25.0,-25.0,False,1.0687711536884308,15.295421184465797,6.576566026668097
1.0,-74.0,-74.0,False,3.7961829602718353,11.250590838705792,26.028708014414743
1.0,38.0,38.0,False,1.211624264717102,27.396582400061675,25.926908899877343
1.0,50.0,50.0,False,0.6310068368911743,3.0842275783320283,27.69092857195298
1.0,50.0,50.0,False,2.78543883562088,26.415752673858776,25.237393168600697
1.0,48.0,48.0,False,1.3105721473693848,23.372927487134504,21.167866119682234
1.0,-60.0,-60.0,False,3.1142754554748535,16.585503837101772,22.22465685567721
1.0,51.0,51.0,False,1.495467722415924,17.776177029597722,16.124246032594172
1.0,62.0,62.0,False,1.7291684448719025,29.563724629560348,33.82089591718216
1.0,-9.0,-9.0,False,2.0956020653247833,24.68672932254849,24.46397468281665
1.0,-10.0,-10.0,False,3.1827771067619324,33.44276412454627,21.6838537663432
1.0,-7.0,-7.0,False,1.780469536781311,14.51421402724706,28.35860882189127
1.0,2.0,2.0,False,1.4286006689071655,33.647743729878414,29.623035735991344
1.0,27.0,27.0,False,0.8143888115882874,8.928383452480293,21.498617793165252
1.0,-7.0,-7.0,False,2.1736162900924683,35.05879096610616,26.028708014414743
1.0,7.0,7.0,False,2.89000004529953,22.03638241552771,13.72655596920199
1.0,-24.0,-24.0,False,0.9791817665100098,14.33934628240216,28.66270364122546
1.0,5.0,5.0,False,4.229128956794739,17.24244701499591,22.862808147041086
1.0,33.0,33.0,False,1.4897490739822388,24.870718275986253,14.783862151300065
1.0,25.0,25.0,False,1.974980652332306,14.915250416161529,21.195011574070914
1.0,-23.0,-23.0,False,1.3477056622505188,3.3790689594584893,25.89377353380788
1.0,62.0,62.0,False,1.8613172471523285,28.33433793661778,7.419783062501226
1.0,-51.0,-51.0,False,1.8788059055805206,31.926250350233445,23.347440660211134
1.0,27.0,27.0,False,3.7292129695415497,27.81914819703672,27.551256788772253
1.0,59.0,59.0,False,1.8400021195411682,35.54229307051256,34.54529820867691
1.0,62.0,62.0,False,1.4029200673103333,18.74766571773381,19.190987360144835
1.0,-8.0,-8.0,False,4.333980858325958,18.74766571773381,26.028708014414743
1.0,50.0,50.0,False,0.8143888115882874,30.764191864871613,21.498617793165252
1.0,-7.0,-7.0,False,3.8319743871688843,23.969196360185656,20.29496031342597
1.0,-6.0,-6.0,False,2.9122816398739815,22.648887711386365,27.69092857195298
1.0,-10.0,-10.0,False,2.2380507588386536,27.142792610220813,14.890834042341702
1.0,51.0,51.0,False,1.7278519719839096,26.588705478702853,33.2905940017119
1.0,-45.0,-45.0,False,3.0596103072166443,29.289972168559835,12.623945324345435
1.0,50.0,50.0,False,2.911533832550049,7.399773063272917,23.070727940431702
1.0,-62.0,-62.0,False,4.9511964321136475,11.607795371693683,14.890834042341702
1.0,-4.0,-4.0,False,3.2796393036842346,15.495179072647344,12.350997805731332
1.0,53.0,53.0,False,3.6629240214824677,5.264881387155174,21.6838537663432
1.0,9.0,9.0,False,1.3307491838932037,14.072769992533678,13.72655596920199
1.0,-32.0,-32.0,False,2.8576496839523315,23.969196360185656,13.60363396170712
1.0,38.0,38.0,False,2.1659207344055176,20.925789476129204,3.4618512533970858
1.0,-6.0,-6.0,False,2.1590104699134827,18.03779713259711,26.497847631603328
1.0,57.0,57.0,False,3.479770749807358,18.404828753432515,33.02472858418494
1.0,-1.0,-1.0,False,1.8361008763313293,29.31257756269722,28.60564251171962
1.0,51.0,51.0,False,2.7572226226329803,11.940940480980236,19.583417757001126
1.0,53.0,53.0,False,2.452725648880005,11.196063637408479,14.191035968581444
1.0,3.0,3.0,False,0.7860119640827179,23.644731708245953,29.623035735991344
1.0,-16.0,-16.0,False,1.9402329921722412,27.142792610220813,36.513784666619216
1.0,24.0,24.0,False,1.5767073035240173,13.00245793654656,36.32299968045223
1.0,-10.0,-10.0,False,1.3506002556532621,16.781192260870174,30.951478162357215
1.0,78.0,78.0,False,1.1396648287773132,6.202034342705476,21.167866119682234
1.0,-51.0,-51.0,False,1.3477056622505188,21.165244868227518,25.89377353380788
1.0,55.0,55.0,False,2.2327051162719727,14.344882097633969,14.050918082111052
1.0,-66.0,-66.0,False,3.162229537963867,16.585503837101772,17.03656317751407
1.0,-35.0,-35.0,False,2.491289258003235,18.35793015009459,24.46397468281665
1.0,-26.0,-26.0,False,2.1659207344055176,11.607795371693683,3.4618512533970858
1.0,-8.0,-8.0,False,3.1827771067619324,33.44276412454627,35.4961204558094
1.0,56.0,56.0,False,4.448122084140778,22.825345705052875,14.535109796939341
1.0,-56.0,-56.0,False,3.123547285795212,12.128570384905387,21.57449727981134
1.0,-26.0,-26.0,False,1.9076004922389984,34.014413639449906,10.373766032913382
1.0,26.0,26.0,False,3.5289134681224823,12.028673921717324,14.813230601131043
1.0,8.0,8.0,False,4.029935657978058,10.867922178729021,27.257105189751815
1.0,61.0,61.0,False,4.126550018787384,18.404828753432515,13.86366001019117
1.0,69.0,69.0,False,2.3254257142543793,4.268149722160793,23.83423285576345
1.0,52.0,52.0,False,3.4802945256233215,15.495179072647344,7.709455693645639
1.0,-68.0,-68.0,False,3.637879192829132,20.381952421875287,33.297987877709694
1.0,1.0,1.0,True,1.911287009716034,15.495179072647344,15.425552779916154
1.0,26.0,26.0,False,0.7368019223213196,21.308906319316122,33.43314654094307
1.0,35.0,35.0,False,0.7368019223213196,27.520803749440127,33.43314654094307
1.0,31.0,31.0,False,1.642915040254593,26.04058681436255,10.373766032913382
1.0,30.0,30.0,False,1.642915040254593,26.04058681436255,19.583417757001126
1.0,15.0,15.0,False,2.7572226226329803,11.940940480980236,5.3571150660929305
1.0,-47.0,-47.0,False,0.363904744386673,20.381952421875287,23.21971709546454
1.0,-17.0,-17.0,False,1.6359896063804626,10.539498469311486,7.747389815298783
1.0,-63.0,-63.0,False,2.2467360496520996,23.75471698699187,28.60564251171962
1.0,-12.0,-12.0,False,0.7860119640827179,23.644731708245953,15.704218888020936
1.0,-10.0,-10.0,False,2.814973294734955,26.415752673858776,13.55443772847143
1.0,28.0,28.0,False,3.7292129695415497,27.81914819703672,35.4961204558094
1.0,-77.0,-77.0,False,1.1974170058965683,10.329253119234744,30.939200614658297
1.0,27.0,27.0,False,1.7992332577705383,7.399773063272917,25.926908899877343
1.0,-53.0,-53.0,False,0.363904744386673,27.526160680152085,23.21971709546454
1.0,45.0,45.0,False,2.3697097301483154,33.366498171456804,19.76109533463322
1.0,57.0,57.0,False,1.3278776295483112,18.613236597573998,25.930712370173293
1.0,-33.0,-33.0,False,2.1735879778862,20.85063165307064,15.833461091714037
1.0,-2.0,-2.0,False,2.1343493461608887,22.7787459348633,9.936966599838144
1.0,-8.0,-8.0,False,3.948358416557312,13.150866931723863,27.259706920635185
1.0,78.0,78.0,False,2.7572226226329803,11.940940480980236,8.727024322283542
1.0,11.0,11.0,False,2.0455223321914673,14.915250416161529,22.27681821858426
1.0,-33.0,-33.0,False,1.974980652332306,27.526160680152085,21.195011574070914
1.0,-67.0,-67.0,False,4.806871473789215,15.295421184465797,14.813230601131043
1.0,57.0,57.0,False,1.642915040254593,26.04058681436255,7.709455693645639
1.0,-1.0,-1.0,False,4.254233509302139,23.969196360185656,8.727024322283542
1.0,46.0,46.0,False,2.3255516588687897,31.636081925122447,23.478284907827803
1.0,4.0,4.0,False,4.4999008774757385,23.75471698699187,23.191720748035987
1.0,31.0,31.0,False,1.6359896063804626,10.539498469311486,32.22843963519767
1.0,14.0,14.0,False,1.9076004922389984,19.395972929171165,10.373766032913382
1.0,-15.0,-15.0,False,1.6359896063804626,10.539498469311486,19.036834072957124
1.0,-54.0,-54.0,False,3.2796393036842346,23.987706055583597,12.350997805731332
1.0,18.0,18.0,False,1.6537363529205322,36.067104594368345,12.623945324345435
1.0,14.0,14.0,False,2.968902111053467,18.771814499197596,29.2976935595282
1.0,29.0,29.0,False,2.545100674033165,11.940940480980236,20.784379651739172
1.0,-68.0,-68.0,False,1.9402329921722412,11.250590838705792,36.513784666619216
1.0,52.0,52.0,False,3.6629240214824677,5.264881387155174,20.29496031342597
1.0,-61.0,-61.0,False,1.596057415008545,13.634343574482465,22.050093342243983
1.0,51.0,51.0,False,2.9584574103355408,31.980971042951428,33.2905940017119
1.0,-7.0,-7.0,False,2.644502818584442,11.250590838705792,29.35547817126013
1.0,39.0,39.0,False,1.6359896063804626,10.539498469311486,4.665496043564878
1.0,6.0,6.0,False,1.7884196192026138,31.926250350233445,22.637484483381794
1.0,-4.0,-4.0,False,3.1745946407318115,30.37281383292293,18.168074678691674
1.0,-85.0,-85.0,False,2.9066745340824127,24.074017668872628,17.448948646506132
1.0,62.0,62.0,False,0.9871111661195755,33.9947553404274,24.542731330545305
1.0,4.0,4.0,False,3.061000242829323,24.56474779244528,20.88086083650963
1.0,4.0,4.0,False,1.8325973153114319,18.771814499197596,12.618172527399258
1.0,12.0,12.0,False,2.2380507588386536,27.142792610220813,13.72655596920199
1.0,-4.0,-4.0,False,2.7081958651542664,21.254579028275046,27.69774381352422
1.0,1.0,1.0,True,3.3219262957572937,0.20388417325411903,13.391043337115079
1.0,-10.0,-10.0,False,3.1745946407318115,30.37281383292293,16.124246032594172
1.0,-88.0,-88.0,False,5.076361179351807,24.074017668872628,29.95005367891981
1.0,-14.0,-14.0,False,2.4400781989097595,12.26670632425062,7.112370658462748
1.0,12.0,12.0,False,2.0818350315093994,18.404828753432515,34.332284195311374
1.0,-6.0,-6.0,False,4.051753282546997,13.26620931428087,35.8901361839876
1.0,1.0,1.0,True,3.135462999343872,19.395972929171165,10.789298152352698
1.0,62.0,62.0,False,2.9584574103355408,16.15727862213961,33.2905940017119
1.0,8.0,8.0,False,2.270088851451874,14.51421402724706,27.257105189751815
1.0,-73.0,-73.0,False,1.2951814904808998,23.969196360185656,37.17818789534913
1.0,1.0,1.0,True,2.668264150619507,18.368390406164643,13.86366001019117
1.0,-63.0,-63.0,False,2.7986382246017456,14.263448292185094,22.932121706530662
1.0,39.0,39.0,False,1.7884196192026138,19.395972929171165,22.637484483381794
1.0,53.0,53.0,False,2.2520612478256226,18.602074690956446,21.66091679303296
1.0,-2.0,-2.0,False,3.001493811607361,21.07412027896364,14.535109796939341
1.0,52.0,52.0,False,4.02936327457428,21.308906319316122,21.6838537663432
1.0,-9.0,-9.0,False,2.519489347934723,16.350411860793542,27.257105189751815
1.0,-11.0,-11.0,False,2.505820333957672,21.554996235244765,5.3571150660929305
1.0,40.0,40.0,False,1.9351718723773956,14.154299031064415,15.217761624492063
1.0,-53.0,-53.0,False,3.346085786819458,1.4004246748824198,27.69774381352422
1.0,-33.0,-33.0,False,2.7136234045028687,8.986060685951955,28.025967681811686
1.0,-21.0,-21.0,False,2.209943413734436,17.16965926421569,33.54051832677763
1.0,3.0,3.0,False,1.1325919535011053,29.997375071446886,22.696161051396935
1.0,-55.0,-55.0,False,2.0818350315093994,24.79077257953717,34.332284195311374
1.0,-62.0,-62.0,False,2.2467360496520996,20.381952421875287,28.60564251171962
1.0,0.0,0.0,False,2.2520612478256226,18.602074690956446,32.7939669486115
1.0,-12.0,-12.0,False,2.829960584640503,25.407130227318856,35.4961204558094
1.0,23.0,23.0,False,2.4400781989097595,12.26670632425062,22.862808147041086
1.0,11.0,11.0,False,2.549496904015541,18.771814499197596,19.036834072957124
1.0,-45.0,-45.0,False,2.25822913646698,37.31028390817789,26.755709956742066
1.0,51.0,51.0,False,2.320078492164612,30.764191864871613,23.070727940431702
1.0,2.0,2.0,False,2.4929940700531006,24.37551488088011,17.03656317751407
1.0,-1.0,-1.0,False,1.5075494349002838,20.26526744471222,8.00080897294121
1.0,-31.0,-31.0,False,2.134064555168152,6.038699673391811,22.932121706530662
1.0,-21.0,-21.0,False,0.5339774936437607,27.0961449080524,35.8901361839876
1.0,-32.0,-32.0,False,1.4221931397914886,15.440963171332521,32.7939669486115
1.0,18.0,18.0,False,1.2619091272354126,4.541066447968284,16.111183220420617
1.0,-8.0,-8.0,False,3.4629849791526794,29.423300037525813,27.42797609801445
1.0,26.0,26.0,False,2.489084303379059,16.255676246499807,24.57591700351628
1.0,17.0,17.0,False,1.3688139915466309,29.667130720245243,32.598891484539976
1.0,-14.0,-14.0,False,0.9871111661195755,33.9947553404274,33.297987877709694
1.0,14.0,14.0,False,2.491289258003235,16.15727862213961,24.46397468281665
1.0,-57.0,-57.0,False,1.1547312885522842,17.240223754174252,28.819082637696315
1.0,17.0,17.0,False,3.0071485936641693,14.500542893605383,29.2976935595282
1.0,-46.0,-46.0,False,2.4400781989097595,12.26670632425062,22.932121706530662
1.0,-10.0,-10.0,False,1.3835196495056152,31.136897498036355,30.371787132860636
1.0,24.0,24.0,False,1.5767073035240173,3.6058444636394777,36.32299968045223
1.0,-67.0,-67.0,False,1.1547312885522842,17.240223754174252,17.622351697713622
1.0,2.0,2.0,False,2.271116465330124,12.971138423995995,17.03656317751407
1.0,37.0,37.0,False,2.1332965195178986,16.507205574660244,9.936966599838144
1.0,3.0,3.0,False,1.495467722415924,17.776177029597722,7.747389815298783
1.0,-23.0,-23.0,False,1.7028566598892212,28.313406755019702,24.48611399226882
1.0,-38.0,-38.0,False,2.476476788520813,32.86352628931437,33.54051832677763
1.0,46.0,46.0,False,1.8851812183856964,22.20035631821757,29.35547817126013
1.0,-9.0,-9.0,False,3.0525990277528763,3.8299915978959556,33.297987877709694
1.0,14.0,14.0,False,2.320078492164612,30.764191864871613,10.789298152352698
1.0,-7.0,-7.0,False,2.3961703777313232,33.647743729878414,24.48611399226882
1.0,10.0,10.0,False,2.1492964029312134,14.154299031064415,19.036834072957124
1.0,1.0,1.0,True,1.1690983772277832,22.825345705052875,28.819082637696315
1.0,10.0,10.0,False,1.135451316833496,28.839668423231966,9.108802109987144
1.0,-2.0,-2.0,False,1.1396648287773132,6.202034342705476,28.35860882189127
1.0,13.0,13.0,False,1.8813396394252777,11.322171455479959,15.554113648585941
1.0,-58.0,-58.0,False,1.386199712753296,23.54033146225395,35.19892727561111
1.0,11.0,11.0,False,1.26691272854805,32.037999851526145,29.032672054747025
1.0,-3.0,-3.0,False,1.4221931397914886,15.440963171332521,25.926908899877343
1.0,9.0,9.0,False,1.5075494349002838,27.11196974943268,8.00080897294121
1.0,-3.0,-3.0,False,2.4420157372951508,20.925789476129204,17.519815207469218
1.0,-18.0,-18.0,False,1.2951814904808998,14.442904331965138,37.17818789534913
1.0,-10.0,-10.0,False,2.537031054496765,23.969196360185656,32.22843963519767
1.0,-36.0,-36.0,False,2.25822913646698,37.31028390817789,13.72655596920199
1.0,1.0,1.0,True,3.221945881843567,13.080047101568873,21.57449727981134
1.0,-10.0,-10.0,False,2.0956020653247833,24.68672932254849,17.448948646506132
1.0,36.0,36.0,False,1.3105721473693848,23.372927487134504,8.727024322283542
1.0,-101.0,-101.0,False,2.69498610496521,24.074017668872628,1.8216702223472876
1.0,-5.0,-5.0,False,1.3613255023956299,28.313406755019702,30.360095366502836
1.0,23.0,23.0,False,1.7992332577705383,22.03638241552771,25.926908899877343
1.0,74.0,74.0,False,3.038868725299835,33.99188026073695,22.862808147041086
1.0,7.0,7.0,False,1.642915040254593,26.04058681436255,26.755709956742066
1.0,-44.0,-44.0,False,2.491289258003235,22.648887711386365,24.46397468281665
1.0,14.0,14.0,False,3.142816483974457,28.839668423231966,8.727024322283542
1.0,-97.0,-97.0,False,2.1735879778862,20.85063165307064,15.704218888020936
1.0,61.0,61.0,False,5.332962244749069,10.867922178729021,13.391043337115079
1.0,-49.0,-49.0,False,2.0632048547267914,16.585503837101772,18.94853971385652
1.0,-32.0,-32.0,False,1.3105721473693848,23.372927487134504,17.519815207469218
1.0,79.0,79.0,False,1.6171891689300537,5.5056686666045085,14.191035968581444
1.0,-49.0,-49.0,False,3.142816483974457,28.839668423231966,14.890834042341702
1.0,-19.0,-19.0,False,0.7368019223213196,24.150885890721288,33.43314654094307
1.0,9.0,9.0,False,2.271116465330124,12.971138423995995,7.747389815298783
1.0,-14.0,-14.0,False,1.1325919535011053,29.997375071446886,17.519815207469218
1.0,-10.0,-10.0,False,4.071359097957611,21.43055163180379,27.69092857195298
1.0,-20.0,-20.0,False,2.7081958651542664,21.254579028275046,30.951478162357215
1.0,-54.0,-54.0,False,3.120578348636627,24.074017668872628,12.77449976619156
1.0,-67.0,-67.0,False,4.252207159996033,23.969196360185656,27.060032773924927
1.0,7.0,7.0,False,2.050865352153778,24.37551488088011,19.303263730227926
1.0,-5.0,-5.0,False,1.9402329921722412,35.72349719710085,36.513784666619216
1.0,-1.0,-1.0,False,1.8325973153114319,29.21391053946516,12.618172527399258
1.0,34.0,34.0,False,1.6359896063804626,10.539498469311486,20.29496031342597
1.0,32.0,32.0,False,1.642915040254593,26.04058681436255,25.926908899877343
1.0,1.0,1.0,True,3.6616504192352295,12.7204429755661,14.535109796939341
1.0,-73.0,-73.0,False,3.752386152744293,1.4004246748824198,33.297987877709694
1.0,2.0,2.0,False,3.0596103072166443,7.399773063272917,12.623945324345435
1.0,40.0,40.0,False,3.135462999343872,19.395972929171165,7.709455693645639
1.0,13.0,13.0,False,3.0292474031448364,24.870718275986253,37.02007702663328
1.0,-3.0,-3.0,False,2.7082106471061707,22.03638241552771,24.105178279854403
1.0,3.0,3.0,False,3.162229537963867,15.301989159273699,17.03656317751407
1.0,-8.0,-8.0,False,1.957282543182373,18.35793015009459,9.173252398703118
1.0,65.0,65.0,False,2.1736162900924683,35.05879096610616,18.168074678691674
1.0,-5.0,-5.0,False,3.842632532119751,16.15727862213961,29.80101666924417
1.0,3.0,3.0,False,5.0179208517074585,21.165244868227518,14.535109796939341
1.0,36.0,36.0,False,4.126550018787384,18.404828753432515,19.583417757001126
1.0,-22.0,-22.0,False,1.3105721473693848,23.372927487134504,29.623035735991344
1.0,12.0,12.0,False,0.8143888115882874,18.35793015009459,21.498617793165252
1.0,-9.0,-9.0,False,3.5134567618370056,35.72349719710085,15.704218888020936
1.0,1.0,1.0,True,1.8813396394252777,24.79077257953717,15.554113648585941
1.0,-63.0,-63.0,False,2.166251093149185,21.306032872009844,17.622351697713622
1.0,9.0,9.0,False,2.3798423409461975,15.43648547340851,23.478284907827803
1.0,3.0,3.0,False,1.1057563424110413,13.360590508025629,14.191035968581444
1.0,-24.0,-24.0,False,3.552094280719757,8.928383452480293,32.7939669486115
1.0,21.0,21.0,False,2.8576496839523315,7.399773063272917,13.60363396170712
1.0,-13.0,-13.0,False,1.8851812183856964,22.20035631821757,22.050093342243983
1.0,-47.0,-47.0,False,1.5767073035240173,33.44276412454627,36.32299968045223
1.0,-28.0,-28.0,False,2.0450559258461,6.038699673391811,18.896257064201286
1.0,-67.0,-67.0,False,2.350124418735504,23.969196360185656,14.997450675495353
1.0,-10.0,-10.0,False,1.642915040254593,26.04058681436255,20.159885285671773
1.0,-68.0,-68.0,False,3.1827771067619324,33.44276412454627,5.3571150660929305
1.0,3.0,3.0,False,2.25822913646698,37.31028390817789,13.86366001019117
1.0,-2.0,-2.0,False,1.2619091272354126,0.20388417325411903,16.111183220420617
1.0,-17.0,-17.0,False,1.3105721473693848,23.372927487134504,27.69774381352422
1.0,72.0,72.0,False,3.0071485936641693,14.500542893605383,14.191035968581444
1.0,13.0,13.0,False,1.169504463672638,24.747671923334526,29.031283720425996
1.0,17.0,17.0,False,2.271116465330124,12.971138423995995,20.784379651739172
1.0,-43.0,-43.0,False,0.5339774936437607,27.0961449080524,30.360095366502836
1.0,-28.0,-28.0,False,1.3613255023956299,4.541066447968284,30.360095366502836
1.0,-54.0,-54.0,False,2.491289258003235,21.07412027896364,24.46397468281665
1.0,68.0,68.0,False,1.1939772367477417,12.67883369358755,18.168074678691674
1.0,-56.0,-56.0,False,0.7368019223213196,15.295421184465797,33.43314654094307
1.0,-34.0,-34.0,False,2.2467360496520996,8.986060685951955,28.60564251171962
1.0,72.0,72.0,False,1.495467722415924,17.776177029597722,21.167866119682234
1.0,-60.0,-60.0,False,1.0002091377973557,30.886151481408614,19.807327750613894
1.0,23.0,23.0,False,4.398642539978027,16.255676246499807,21.6838537663432
1.0,29.0,29.0,False,2.1343493461608887,14.500542893605383,9.936966599838144
1.0,68.0,68.0,False,1.495467722415924,17.776177029597722,19.76109533463322
1.0,-66.0,-66.0,False,3.001493811607361,21.07412027896364,21.57449727981134
1.0,59.0,59.0,False,5.198195576667786,33.647743729878414,12.186622627173163
1.0,-68.0,-68.0,False,2.1590104699134827,18.03779713259711,19.807327750613894
1.0,5.0,5.0,False,1.025617241859436,10.53219609298154,17.448948646506132
1.0,68.0,68.0,False,4.279532313346863,2.3914149356797716,22.862808147041086
1.0,-9.0,-9.0,False,2.03646357357502,32.11747322521458,22.050093342243983
1.0,-65.0,-65.0,False,1.3835196495056152,31.136897498036355,21.57449727981134
1.0,-66.0,-66.0,False,0.1739487648010254,17.240223754174252,34.16479174579093
1.0,59.0,59.0,False,1.025617241859436,10.53219609298154,24.542731330545305
1.0,-14.0,-14.0,False,1.724009096622467,26.322430908970386,20.159885285671773
1.0,-98.0,-98.0,False,1.2951814904808998,10.329253119234744,37.17818789534913
1.0,-7.0,-7.0,False,2.03646357357502,32.11747322521458,16.073084123505108
1.0,-4.0,-4.0,False,2.166251093149185,21.306032872009844,36.64442886746504
1.0,35.0,35.0,False,1.1396648287773132,6.202034342705476,13.60363396170712
1.0,55.0,55.0,False,2.6400485038757324,29.831649995620115,8.727024322283542
1.0,41.0,41.0,False,4.051753282546997,2.3914149356797716,35.8901361839876
1.0,-26.0,-26.0,False,1.9076004922389984,24.37972366339127,10.373766032913382
1.0,-13.0,-13.0,False,2.2520612478256226,18.602074690956446,24.48611399226882
1.0,-67.0,-67.0,False,2.8053160905838013,23.969196360185656,28.025967681811686
1.0,-29.0,-29.0,False,3.355584442615509,15.295421184465797,36.64442886746504
1.0,25.0,25.0,False,2.7572226226329803,11.940940480980236,32.598891484539976
1.0,-17.0,-17.0,False,1.26691272854805,33.366498171456804,29.032672054747025
1.0,64.0,64.0,False,1.0687711536884308,24.253494679440514,6.576566026668097
1.0,13.0,13.0,False,1.211624264717102,27.396582400061675,26.755709956742066
1.0,-1.0,-1.0,False,0.7860119640827179,23.644731708245953,12.618172527399258
1.0,24.0,24.0,False,1.5767073035240173,24.37551488088011,36.32299968045223
1.0,-35.0,-35.0,False,2.1343493461608887,20.381952421875287,9.936966599838144
1.0,52.0,52.0,False,1.3278776295483112,18.613236597573998,34.54529820867691
1.0,12.0,12.0,False,2.5762664079666138,18.35793015009459,15.397531917270754
1.0,0.0,0.0,False,1.854004979133606,29.563724629560348,18.896257064201286
1.0,20.0,20.0,False,2.2883381843566895,15.157644463325253,33.54051832677763
1.0,46.0,46.0,False,1.833470344543457,31.980971042951428,30.371787132860636
1.0,-61.0,-61.0,False,2.755120098590851,17.24244701499591,32.98359607696615
1.0,32.0,32.0,False,0.9871111661195755,33.9947553404274,35.8901361839876
1.0,-63.0,-63.0,False,2.4759307503700256,22.14670993317648,13.55443772847143
1.0,76.0,76.0,False,2.1332965195178986,16.507205574660244,20.88086083650963
1.0,22.0,22.0,False,3.038868725299835,33.99188026073695,29.2976935595282
1.0,19.0,19.0,False,3.884622037410736,22.342812514478318,7.419783062501226
1.0,66.0,66.0,False,2.4929940700531006,24.37551488088011,13.391043337115079
1.0,5.0,5.0,False,2.8698076605796814,25.44320014991055,19.583417757001126
1.0,63.0,63.0,False,1.6537363529205322,36.067104594368345,25.237393168600697
1.0,-63.0,-63.0,False,1.0002091377973557,30.886151481408614,22.050093342243983
1.0,-1.0,-1.0,False,4.067907899618149,22.7787459348633,10.789298152352698
1.0,-7.0,-7.0,False,1.1547312885522842,17.240223754174252,16.111183220420617
1.0,8.0,8.0,False,2.4420157372951508,20.925789476129204,7.747389815298783
1.0,15.0,15.0,False,0.9804791808128357,27.886285815102458,33.32145540484293
1.0,15.0,15.0,False,1.3477056622505188,4.268149722160793,25.89377353380788
1.0,4.0,4.0,False,1.8325973153114319,24.37551488088011,12.618172527399258
1.0,10.0,10.0,False,1.1690983772277832,18.404828753432515,28.819082637696315
1.0,58.0,58.0,False,2.270088851451874,14.51421402724706,18.168074678691674
1.0,-9.0,-9.0,False,4.198556572198868,16.15727862213961,15.704218888020936
1.0,0.0,0.0,False,2.0450559258461,3.6058444636394777,18.896257064201286
1.0,15.0,15.0,False,1.1396648287773132,6.202034342705476,24.105178279854403
1.0,-53.0,-53.0,False,1.1690983772277832,24.37972366339127,28.819082637696315
1.0,0.0,0.0,False,2.452725648880005,11.196063637408479,12.623945324345435
1.0,-67.0,-67.0,False,3.4629849791526794,12.7204429755661,27.42797609801445
1.0,10.0,10.0,False,3.142816483974457,28.839668423231966,27.551256788772253
1.0,55.0,55.0,False,3.3875404000282288,35.72349719710085,16.124246032594172
1.0,-5.0,-5.0,False,2.644502818584442,18.368390406164643,29.35547817126013
1.0,52.0,52.0,False,4.4264931082725525,7.399773063272917,22.862808147041086
1.0,-2.0,-2.0,False,3.8913519382476807,21.43055163180379,27.551256788772253
1.0,12.0,12.0,False,2.5286971628665924,24.37972366339127,21.167866119682234
1.0,-66.0,-66.0,False,2.7986382246017456,30.66371877295408,22.932121706530662
1.0,3.0,3.0,False,1.3688139915466309,29.667130720245243,1.8216702223472876
1.0,-1.0,-1.0,False,2.270088851451874,14.51421402724706,21.57449727981134
1.0,20.0,20.0,False,0.7860119640827179,23.644731708245953,13.72655596920199
1.0,64.0,64.0,False,2.5029490888118744,13.00245793654656,13.86366001019117
1.0,-50.0,-50.0,False,1.5075494349002838,17.24244701499591,8.00080897294121
1.0,-1.0,-1.0,False,3.8319743871688843,13.230775670201846,20.29496031342597
1.0,-2.0,-2.0,False,2.7150739431381226,24.79077257953717,23.83423285576345
1.0,8.0,8.0,False,2.755120098590851,33.99188026073695,32.98359607696615
1.0,-25.0,-25.0,False,1.9076004922389984,0.20388417325411903,10.373766032913382
1.0,3.0,3.0,False,1.345807433128357,17.19762718778066,17.622351697713622
1.0,43.0,43.0,False,3.0577991604804993,21.308906319316122,29.53206895772506
1.0,0.0,0.0,False,1.484149158000946,11.407751533231485,22.050093342243983
1.0,20.0,20.0,False,1.169504463672638,24.747671923334526,22.27681821858426
1.0,17.0,17.0,False,1.3307491838932037,14.072769992533678,22.332783260498463
1.0,75.0,75.0,False,2.1332965195178986,16.507205574660244,24.57591700351628
1.0,-29.0,-29.0,False,2.491289258003235,13.26620931428087,24.46397468281665
1.0,0.0,0.0,False,2.668264150619507,18.368390406164643,18.168074678691674
1.0,5.0,5.0,False,2.2467360496520996,31.636081925122447,28.60564251171962
1.0,-34.0,-34.0,False,2.8698076605796814,25.44320014991055,21.715646206390748
1.0,0.0,0.0,False,2.8805870413780212,27.526160680152085,25.930712370173293
1.0,-31.0,-31.0,False,2.256247639656067,8.986060685951955,19.807327750613894
1.0,78.0,78.0,False,2.5286971628665924,3.6058444636394777,21.167866119682234
1.0,-56.0,-56.0,False,4.554896295070648,16.585503837101772,29.95005367891981
1.0,19.0,19.0,False,2.1332965195178986,16.507205574660244,37.02007702663328
1.0,7.0,7.0,False,1.1049107313156128,14.604212406683603,7.747389815298783
1.0,-7.0,-7.0,False,1.897935926914215,26.636313045269024,10.789298152352698
1.0,1.0,1.0,True,1.3506002556532621,16.781192260870174,22.22465685567721
1.0,-57.0,-57.0,False,2.4759307503700256,35.8835690462409,18.490912808900152
1.0,-63.0,-63.0,False,1.8325973153114319,27.526160680152085,12.618172527399258
1.0,-19.0,-19.0,False,2.452725648880005,11.196063637408479,30.951478162357215
1.0,-27.0,-27.0,False,1.6038787364959717,14.78787399167316,17.519815207469218
1.0,-47.0,-47.0,False,2.476476788520813,24.79077257953717,33.54051832677763
1.0,14.0,14.0,False,1.6537363529205322,36.067104594368345,24.979656048186605
1.0,-3.0,-3.0,False,2.8576496839523315,16.255676246499807,13.60363396170712
1.0,12.0,12.0,False,1.6712040305137634,20.925789476129204,29.031283720425996
1.0,-1.0,-1.0,False,2.256247639656067,13.080047101568873,19.807327750613894
1.0,50.0,50.0,False,1.3307491838932037,14.072769992533678,8.727024322283542
1.0,54.0,54.0,False,1.135451316833496,29.423300037525813,9.108802109987144
1.0,-68.0,-68.0,False,1.780469536781311,21.306032872009844,28.35860882189127
1.0,-13.0,-13.0,False,1.6359896063804626,10.539498469311486,11.385644983141223
1.0,66.0,66.0,False,4.126550018787384,18.404828753432515,14.191035968581444
1.0,17.0,17.0,False,2.4966152906417847,16.350411860793542,22.154978813862037
1.0,55.0,55.0,False,3.0071485936641693,14.500542893605383,29.53206895772506
1.0,-55.0,-55.0,False,4.254233509302139,23.969196360185656,24.979656048186605
1.0,-9.0,-9.0,False,2.755120098590851,21.308906319316122,32.98359607696615
1.0,32.0,32.0,False,2.6785272359848022,3.3790689594584893,24.542731330545305
1.0,4.0,4.0,False,3.346085786819458,21.308906319316122,27.69774381352422
1.0,-72.0,-72.0,False,1.3855701684951782,33.23884211739596,16.073084123505108
1.0,-22.0,-22.0,False,3.0782365798950195,27.81914819703672,32.598891484539976
1.0,15.0,15.0,False,4.02936327457428,21.308906319316122,14.813230601131043
1.0,-2.0,-2.0,False,1.833470344543457,37.31028390817789,30.371787132860636
1.0,-50.0,-50.0,False,2.4400781989097595,12.26670632425062,33.297987877709694
1.0,49.0,49.0,False,4.256662309169769,7.451385614971742,13.86366001019117
1.0,0.0,0.0,False,3.3219262957572937,0.20388417325411903,21.66091679303296
1.0,-50.0,-50.0,False,3.131074070930481,24.150885890721288,8.444562880483018
1.0,-10.0,-10.0,False,3.001493811607361,21.07412027896364,33.02472858418494
1.0,31.0,31.0,False,1.9735623598098755,35.54229307051256,21.966324174417434
1.0,23.0,23.0,False,2.476476788520813,13.00245793654656,33.54051832677763
1.0,-13.0,-13.0,False,3.744077682495117,33.366498171456804,26.755709956742066
1.0,-5.0,-5.0,False,2.78543883562088,24.37972366339127,25.237393168600697
1.0,-4.0,-4.0,False,2.1590104699134827,18.03779713259711,13.391043337115079
1.0,-37.0,-37.0,False,2.545100674033165,24.150885890721288,20.784379651739172
1.0,-38.0,-38.0,False,4.4313002824783325,11.607795371693683,10.789298152352698
1.0,56.0,56.0,False,4.02936327457428,21.308906319316122,4.665496043564878
1.0,-65.0,-65.0,False,2.2467360496520996,21.43055163180379,28.60564251171962
1.0,35.0,35.0,False,0.7368019223213196,13.00245793654656,33.43314654094307
1.0,34.0,34.0,False,3.355584442615509,22.7787459348633,36.64442886746504
1.0,18.0,18.0,False,0.9871111661195755,33.9947553404274,30.088294068441893
1.0,8.0,8.0,False,1.4221931397914886,15.440963171332521,29.53206895772506
1.0,-55.0,-55.0,False,2.3317264318466187,23.287447561470163,37.02007702663328
1.0,3.0,3.0,False,1.8613172471523285,28.33433793661778,31.22754717074374
1.0,-5.0,-5.0,False,2.519489347934723,16.350411860793542,20.784379651739172
1.0,13.0,13.0,False,3.0782365798950195,3.6058444636394777,32.598891484539976
1.0,57.0,57.0,False,2.8866467475891113,33.647743729878414,15.397531917270754
1.0,-11.0,-11.0,False,2.350124418735504,29.831649995620115,14.997450675495353
1.0,10.0,10.0,False,1.6171891689300537,5.5056686666045085,14.997450675495353
1.0,-56.0,-56.0,False,2.4759307503700256,22.14670993317648,37.02007702663328
1.0,-48.0,-48.0,False,2.7082106471061707,30.66371877295408,24.105178279854403
1.0,-4.0,-4.0,False,2.4759307503700256,35.8835690462409,23.773904836563524
1.0,-8.0,-8.0,False,1.3506002556532621,16.781192260870174,24.48611399226882
1.0,-29.0,-29.0,False,2.9021766036748886,33.44276412454627,20.232254824522744
1.0,-5.0,-5.0,False,3.4629849791526794,10.867922178729021,27.42797609801445
1.0,-24.0,-24.0,False,1.4221931397914886,15.440963171332521,22.27681821858426
1.0,-3.0,-3.0,False,3.293184280395508,24.79077257953717,26.758977078899747
1.0,67.0,67.0,False,1.1049107313156128,14.604212406683603,14.191035968581444
1.0,43.0,43.0,False,3.120578348636627,17.859336766212902,12.77449976619156
1.0,-30.0,-30.0,False,2.050865352153778,3.3790689594584893,19.303263730227926
1.0,3.0,3.0,False,1.4897490739822388,14.78787399167316,14.783862151300065
1.0,33.0,33.0,False,2.0956020653247833,24.68672932254849,29.35547817126013
1.0,-54.0,-54.0,False,2.545100674033165,33.44276412454627,20.784379651739172
1.0,-14.0,-14.0,False,1.3477056622505188,6.038699673391811,25.89377353380788
1.0,-10.0,-10.0,False,2.038745105266571,13.150866931723863,27.525303470140926
1.0,63.0,63.0,False,1.211624264717102,27.396582400061675,22.862808147041086
1.0,54.0,54.0,False,4.165761888027191,17.859336766212902,20.406335243409245
1.0,0.0,0.0,False,2.2380507588386536,27.142792610220813,32.598891484539976
1.0,-46.0,-46.0,False,2.4400781989097595,12.26670632425062,30.951478162357215
1.0,9.0,9.0,False,1.8788059055805206,4.268149722160793,23.347440660211134
1.0,34.0,34.0,False,2.03646357357502,32.11747322521458,20.232254824522744
1.0,52.0,52.0,False,2.6785272359848022,21.254579028275046,24.542731330545305
1.0,-3.0,-3.0,False,3.0612006783485413,16.15727862213961,22.050093342243983
1.0,73.0,73.0,False,1.8813396394252777,35.05879096610616,15.554113648585941
1.0,-33.0,-33.0,False,2.7136234045028687,8.986060685951955,27.42797609801445
1.0,-64.0,-64.0,False,2.668264150619507,18.368390406164643,1.8216702223472876
1.0,4.0,4.0,False,1.724009096622467,24.870718275986253,20.159885285671773
1.0,-61.0,-61.0,False,3.3219262957572937,0.20388417325411903,35.19892727561111
1.0,52.0,52.0,False,1.4029200673103333,14.915250416161529,19.190987360144835
1.0,48.0,48.0,False,1.135451316833496,7.399773063272917,9.108802109987144
1.0,52.0,52.0,False,3.866954505443573,14.442904331965138,26.497847631603328
1.0,-16.0,-16.0,False,1.7278519719839096,26.588705478702853,22.932121706530662
1.0,-19.0,-19.0,False,1.3307491838932037,14.072769992533678,30.951478162357215
1.0,-14.0,-14.0,False,2.166251093149185,21.306032872009844,29.53206895772506
1.0,2.0,2.0,False,2.6400485038757324,29.831649995620115,11.385644983141223
1.0,12.0,12.0,False,2.14375501871109,26.322430908970386,13.72655596920199
1.0,5.0,5.0,False,1.6712040305137634,5.264881387155174,29.031283720425996
1.0,-33.0,-33.0,False,3.293184280395508,24.79077257953717,28.66270364122546
1.0,-19.0,-19.0,False,1.1325919535011053,29.997375071446886,33.297987877709694
1.0,-30.0,-30.0,False,2.8698076605796814,25.44320014991055,35.19892727561111
1.0,15.0,15.0,False,0.7860119640827179,23.644731708245953,22.27681821858426
1.0,38.0,38.0,False,1.1939772367477417,12.67883369358755,22.332783260498463
1.0,17.0,17.0,False,2.4400781989097595,12.26670632425062,20.29496031342597
1.0,47.0,47.0,False,2.89000004529953,22.03638241552771,20.88086083650963
1.0,5.0,5.0,False,2.4759307503700256,22.14670993317648,24.542731330545305
1.0,-3.0,-3.0,False,0.9804791808128357,21.254579028275046,33.32145540484293
1.0,-4.0,-4.0,False,2.500232458114624,32.037999851526145,22.932121706530662
1.0,50.0,50.0,False,1.025617241859436,10.53219609298154,33.02472858418494
1.0,-56.0,-56.0,False,2.8681333884596825,10.8529068599519,29.95005367891981
1.0,-4.0,-4.0,False,2.4966152906417847,22.342812514478318,22.154978813862037
1.0,65.0,65.0,False,2.4420157372951508,20.925789476129204,13.391043337115079
1.0,41.0,41.0,False,1.5171781033277512,27.156398127495354,19.63359629914233
1.0,48.0,48.0,False,2.1776112020015717,27.156398127495354,14.535109796939341
1.0,-5.0,-5.0,False,1.8788059055805206,27.142792610220813,23.347440660211134
1.0,9.0,9.0,False,3.552094280719757,17.859336766212902,32.7939669486115
1.0,-1.0,-1.0,False,2.814973294734955,26.415752673858776,12.350997805731332
1.0,-61.0,-61.0,False,3.221945881843567,0.20388417325411903,21.57449727981134
1.0,-64.0,-64.0,False,3.1887640357017517,12.7204429755661,31.22754717074374
1.0,46.0,46.0,False,2.78543883562088,7.451385614971742,25.237393168600697
1.0,2.0,2.0,False,3.2326213717460632,27.886285815102458,16.073084123505108
1.0,-10.0,-10.0,False,2.03646357357502,32.11747322521458,31.37890515588041
1.0,-5.0,-5.0,False,2.5203680396080017,13.080047101568873,17.519815207469218
1.0,74.0,74.0,False,2.3697097301483154,21.749817770709758,19.76109533463322
1.0,62.0,62.0,False,3.86049085855484,33.366498171456804,16.44826291545071
1.0,-3.0,-3.0,False,1.3307491838932037,14.072769992533678,29.031283720425996
1.0,1.0,1.0,True,1.26691272854805,29.831649995620115,29.032672054747025
1.0,-4.0,-4.0,False,1.8851812183856964,22.20035631821757,37.02007702663328
1.0,-50.0,-50.0,False,3.884622037410736,22.342812514478318,33.297987877709694
1.0,46.0,46.0,False,1.3307491838932037,14.072769992533678,7.419783062501226
1.0,5.0,5.0,False,1.897935926914215,26.636313045269024,35.8901361839876
1.0,15.0,15.0,False,1.8361008763313293,29.31257756269722,24.105178279854403
1.0,22.0,22.0,False,1.3835196495056152,31.136897498036355,16.44826291545071
1.0,-6.0,-6.0,False,2.89000004529953,22.03638241552771,24.979656048186605
1.0,6.0,6.0,False,3.0292474031448364,27.11196974943268,37.02007702663328
1.0,75.0,75.0,False,2.5286971628665924,17.859336766212902,21.167866119682234
1.0,4.0,4.0,False,4.096244394779205,23.987706055583597,14.535109796939341
1.0,-5.0,-5.0,False,3.8913519382476807,23.969196360185656,27.551256788772253
1.0,-35.0,-35.0,False,3.135462999343872,19.395972929171165,26.028708014414743
1.0,6.0,6.0,False,0.9791817665100098,14.33934628240216,26.758977078899747
1.0,-1.0,-1.0,False,2.0956020653247833,24.68672932254849,14.813230601131043
1.0,-31.0,-31.0,False,2.209943413734436,17.16965926421569,32.598891484539976
1.0,-53.0,-53.0,False,1.1057563424110413,13.360590508025629,32.598891484539976
1.0,49.0,49.0,False,3.94020015001297,29.423300037525813,20.406335243409245
1.0,-2.0,-2.0,False,4.554896295070648,16.585503837101772,23.191720748035987
1.0,-19.0,-19.0,False,2.9021766036748886,20.381952421875287,20.232254824522744
1.0,-44.0,-44.0,False,1.3613255023956299,37.31028390817789,30.360095366502836
1.0,-47.0,-47.0,False,1.1763822436332703,13.069226882822766,23.36516753878079
1.0,42.0,42.0,False,1.690717339515686,13.498121943352698,11.407519795009568
1.0,6.0,6.0,False,3.057655155658722,31.251883244035522,24.739668259859712
1.0,1.0,1.0,True,1.815648376941681,28.974636512694783,11.322340420983755
1.0,-4.0,-4.0,False,2.5438554883003235,28.974636512694783,22.20779994684309
1.0,-8.0,-8.0,False,1.720358431339264,21.94809228084235,19.466707909335685
1.0,-21.0,-21.0,False,2.4420506954193115,21.50671601193832,23.601764878860937
1.0,-34.0,-34.0,False,1.3328260779380798,18.925572129423866,7.812408690872659
1.0,16.0,16.0,False,2.038060784339905,22.082360943192633,6.986305806265895
1.0,31.0,31.0,False,1.7071422040462494,12.102206366337118,11.661772455252919
1.0,10.0,10.0,False,1.1009776890277863,13.985660293588438,17.964341871828744
1.0,-49.0,-49.0,False,3.112639009952545,8.128042033064283,15.472497505388723
1.0,-9.0,-9.0,False,3.481535494327545,29.30442428775754,6.772599992376509
1.0,-51.0,-51.0,False,4.97470760345459,18.925572129423866,19.13772411551578
1.0,14.0,14.0,False,0.8607585430145264,12.102206366337118,33.67433922904527
1.0,0.0,0.0,False,4.767040193080902,8.985981938493188,15.656702335851163
1.0,-6.0,-6.0,False,1.8873049020767212,15.149202009782664,20.658899272980218
1.0,-21.0,-21.0,False,2.85295107960701,13.328336939853951,29.390172927519032
1.0,-11.0,-11.0,False,2.470914304256439,28.48127245053513,7.075390757091763
1.0,39.0,39.0,False,3.083520829677582,18.623559601661366,17.5054822781333
1.0,-35.0,-35.0,False,4.96685403585434,35.094092240876975,16.604083678047328
1.0,10.0,10.0,False,1.9519140720367432,7.94379541847817,14.600606316557412
1.0,6.0,6.0,False,3.9474279284477234,25.73803684884532,25.700536608010683
1.0,1.0,1.0,True,3.612617641687393,24.87248708022397,20.92012209169198
1.0,55.0,55.0,False,1.5431808829307556,9.519559500945462,21.5726892473755
1.0,47.0,47.0,False,2.1808409690856934,12.102206366337118,23.286637920613444
1.0,27.0,27.0,False,2.310873508453369,29.65687680963811,29.272632482947095
1.0,-5.0,-5.0,False,3.610709547996521,16.16664895649887,25.94942845356426
1.0,5.0,5.0,False,1.3328260779380798,8.143214130702876,7.812408690872659
1.0,15.0,15.0,False,2.1808409690856934,12.102206366337118,22.565072797932128
1.0,-56.0,-56.0,False,2.5211090445518494,8.985981938493188,25.611931515552207
1.0,-41.0,-41.0,False,6.489714026451111,18.31172225394208,3.7611411850548784
1.0,4.0,4.0,False,3.0084061324596405,22.068793504143258,6.984796635064125
1.0,-13.0,-13.0,False,3.799658954143524,27.774074387256324,17.666706600983787
1.0,-8.0,-8.0,False,2.355129063129425,10.540948132137547,36.3700195258746
1.0,-17.0,-17.0,False,2.5211090445518494,3.665212227165845,25.611931515552207
1.0,25.0,25.0,False,2.520230859518051,30.674939601499855,14.91249628570587
1.0,-35.0,-35.0,False,1.469541311264038,17.652512335346852,11.144738848892322
1.0,-8.0,-8.0,False,2.2697450518608093,23.121919168986143,16.67902882188907
1.0,0.0,0.0,False,3.4538830369710922,25.214716384294174,28.05617863201362
1.0,12.0,12.0,False,2.8896366953849792,13.00140901412378,5.156926521078115
1.0,2.0,2.0,False,0.8607585430145264,33.77604813096517,33.67433922904527
1.0,16.0,16.0,False,2.8975179195404053,29.45493127763379,32.270875369677285
1.0,-12.0,-12.0,False,1.1009776890277863,27.788261086718485,17.964341871828744
1.0,-30.0,-30.0,False,3.0471349358558655,25.914628499669426,29.390172927519032
1.0,-20.0,-20.0,False,3.639323115348816,18.877777703634294,19.179454123015287
1.0,42.0,42.0,False,1.6703471541404724,33.77604813096517,19.608684390851902
1.0,17.0,17.0,False,3.3168275356292725,23.07862090015114,33.39893047482026
1.0,-28.0,-28.0,False,2.7882960438728333,20.33537417733268,23.42159920009009
1.0,14.0,14.0,False,1.5431808829307556,9.519559500945462,29.390172927519032
1.0,28.0,28.0,False,2.6353782415390015,5.621830789202421,28.76932234574952
1.0,3.0,3.0,False,1.454693466424942,17.889269515082614,29.450593664535923
1.0,56.0,56.0,False,2.8791944086551666,25.4559451250963,28.92648151794152
1.0,-29.0,-29.0,False,1.8995965123176575,19.282092331056585,11.925203271249002
1.0,21.0,21.0,False,3.057655155658722,21.408469270259996,24.739668259859712
1.0,-50.0,-50.0,False,5.184918284416199,4.269450948645864,7.075390757091763
1.0,37.0,37.0,False,3.083520829677582,18.623559601661366,10.010453291927558
1.0,32.0,32.0,False,1.690717339515686,19.282092331056585,11.407519795009568
1.0,-57.0,-57.0,False,2.240532100200653,12.177774471164945,36.3700195258746
1.0,-47.0,-47.0,False,2.2171352803707123,16.10490777340726,21.432586907678125
1.0,24.0,24.0,False,1.5461947321891785,8.143214130702876,22.405336156535423
1.0,-17.0,-17.0,False,2.7954235672950745,18.877777703634294,21.775403238235203
1.0,-3.0,-3.0,False,3.224966049194336,29.118997831286816,31.17154387869443
1.0,-49.0,-49.0,False,4.076880156993866,24.87248708022397,31.17154387869443
1.0,8.0,8.0,False,3.1548267006874084,21.408469270259996,26.59797012787058
1.0,18.0,18.0,False,2.969773769378662,20.04679681490654,29.390172927519032
1.0,11.0,11.0,False,2.279119312763214,10.540948132137547,33.30459982001199
1.0,-36.0,-36.0,False,2.531366467475891,4.269450948645864,23.601764878860937
1.0,-40.0,-40.0,False,1.1075152456760406,2.9829085177218655,22.667111233484132
1.0,-9.0,-9.0,False,0.8856760263442993,20.545154363145606,19.466707909335685
1.0,-11.0,-11.0,False,3.8368955552577972,4.953484266470807,12.207675764235274
1.0,3.0,3.0,False,1.5767922401428223,35.64301821489085,18.685995290134002
1.0,1.0,1.0,True,2.3495916724205017,28.974636512694783,22.565072797932128
1.0,16.0,16.0,False,1.690717339515686,23.668314710733796,11.407519795009568
1.0,-1.0,-1.0,False,2.3531020879745483,35.95620230279203,31.427190830821097
1.0,-37.0,-37.0,False,4.8667778968811035,12.487750994629483,16.090010954934346
1.0,43.0,43.0,False,3.0758352279663086,12.654105035311266,25.700536608010683
1.0,-43.0,-43.0,False,1.7391014695167542,27.87401965688256,11.76589738548257
1.0,8.0,8.0,False,1.1652879118919373,35.95620230279203,26.846448929169505
1.0,-13.0,-13.0,False,1.083086371421814,9.906819179801936,21.04090161081526
1.0,23.0,23.0,False,2.3432028889656067,10.45612177066192,14.058084294785923
1.0,2.0,2.0,False,2.8975179195404053,29.45493127763379,31.360814158930864
1.0,31.0,31.0,False,2.0545459985733032,4.441145138542712,14.91249628570587
1.0,-47.0,-47.0,False,3.795088082551956,20.87972329435026,31.17154387869443
1.0,-4.0,-4.0,False,2.395481824874878,23.668314710733796,32.15142430165799
1.0,-17.0,-17.0,False,2.393783390522003,27.37562248532525,7.075390757091763
1.0,45.0,45.0,False,2.355129063129425,10.540948132137547,20.566083137893944
1.0,34.0,34.0,False,0.8856760263442993,20.545154363145606,17.827753649897005
1.0,-42.0,-42.0,False,2.7882960438728333,20.33537417733268,5.486075808683789
1.0,-16.0,-16.0,False,4.350866675376892,13.290779733911918,11.613195517153274
1.0,9.0,9.0,False,2.531366467475891,24.22648473466966,23.601764878860937
1.0,38.0,38.0,False,4.029307663440704,11.134416859451996,9.753408765346878
1.0,-8.0,-8.0,False,3.3789584040641785,13.290779733911918,29.450593664535923
1.0,11.0,11.0,False,3.2967675924301147,8.750938855619857,29.05224218333081
1.0,20.0,20.0,False,1.6578553318977356,35.64301821489085,11.322340420983755
1.0,-8.0,-8.0,False,1.1763822436332703,33.77604813096517,23.36516753878079
1.0,-34.0,-34.0,False,2.038060784339905,27.788261086718485,6.986305806265895
1.0,5.0,5.0,False,2.1808409690856934,12.102206366337118,21.425325990776315
1.0,-24.0,-24.0,False,3.481535494327545,4.953484266470807,6.772599992376509
1.0,-5.0,-5.0,False,1.7735437750816345,28.69564432793034,29.390172927519032
1.0,-1.0,-1.0,False,3.0084061324596405,35.16230812603524,6.984796635064125
1.0,26.0,26.0,False,2.7954235672950745,25.21623731761567,21.775403238235203
1.0,2.0,2.0,False,4.114123523235321,25.21623731761567,36.3700195258746
1.0,36.0,36.0,False,2.0605387091636658,13.553051201723022,29.06320570222248
1.0,-9.0,-9.0,False,1.5895408391952515,25.4559451250963,15.189796211377434
1.0,-5.0,-5.0,False,1.083086371421814,9.906819179801936,14.61283185727243
1.0,-6.0,-6.0,False,2.310873508453369,22.068793504143258,29.272632482947095
1.0,0.0,0.0,False,2.2426000237464905,7.355621287688285,22.565072797932128
1.0,-1.0,-1.0,False,3.159904420375824,24.87248708022397,31.176806005860364
1.0,51.0,51.0,False,2.8623024225234985,23.413098381285796,11.650492946690235
1.0,-3.0,-3.0,False,0.9522127211093903,24.325106786981618,19.426632507929533
1.0,4.0,4.0,False,2.2354462146759033,12.177774471164945,19.40622031782402
1.0,-11.0,-11.0,False,2.391067624092102,19.583554890238315,21.04090161081526
1.0,-26.0,-26.0,False,2.6496592462062836,2.9829085177218655,22.19777965697299
1.0,1.0,1.0,True,2.996400475502014,32.391910687557825,9.943003204326772
1.0,-1.0,-1.0,False,0.8856760263442993,20.545154363145606,22.786044313575033
1.0,6.0,6.0,False,2.279119312763214,35.95620230279203,33.30459982001199
1.0,-20.0,-20.0,False,2.8896366953849792,24.87248708022397,5.156926521078115
1.0,36.0,36.0,False,1.6863956451416016,33.83197402729039,13.095326913639752
1.0,38.0,38.0,False,2.470914304256439,28.48127245053513,14.761517957667863
1.0,48.0,48.0,False,2.569388270378113,19.84249554371024,12.004715469846126
1.0,0.0,0.0,False,1.720358431339264,20.185462423663747,19.466707909335685
1.0,4.0,4.0,False,1.9618884325027466,14.3585442602628,15.656702335851163
1.0,-32.0,-32.0,False,3.2967675924301147,14.026986542766315,29.05224218333081
1.0,-8.0,-8.0,False,1.701384574174881,16.804592726407844,31.176806005860364
1.0,33.0,33.0,False,1.3333891034126282,28.41593247711583,22.549584768494217
1.0,28.0,28.0,False,2.5664627254009247,26.403445123083387,7.849799874056926
1.0,5.0,5.0,False,1.976272463798523,29.65687680963811,19.32349773948807
1.0,-36.0,-36.0,False,1.5637148022651672,22.068793504143258,22.40927788826835
1.0,-2.0,-2.0,False,1.2968163192272186,24.826470657842346,13.574556538063339
1.0,-9.0,-9.0,False,1.1075152456760406,32.391910687557825,22.667111233484132
1.0,30.0,30.0,False,1.8995965123176575,19.282092331056585,25.94942845356426
1.0,36.0,36.0,False,2.794911742210388,7.94379541847817,14.91249628570587
1.0,11.0,11.0,False,2.0897932052612305,22.082360943192633,22.786044313575033
1.0,41.0,41.0,False,1.556410312652588,16.45267928661812,13.935948067378915
1.0,9.0,9.0,False,1.6863956451416016,16.10490777340726,13.095326913639752
1.0,-17.0,-17.0,False,2.5211090445518494,28.974636512694783,25.611931515552207
1.0,4.0,4.0,False,2.355129063129425,10.540948132137547,8.598424964658573
1.0,46.0,46.0,False,2.3531020879745483,35.95620230279203,22.400878006893755
1.0,-10.0,-10.0,False,1.1763822436332703,28.974636512694783,23.36516753878079
1.0,41.0,41.0,False,2.0605387091636658,13.553051201723022,19.606360458340127
1.0,10.0,10.0,False,2.969773769378662,20.04679681490654,11.613195517153274
1.0,-4.0,-4.0,False,2.310873508453369,34.94301090895083,29.272632482947095
1.0,-6.0,-6.0,False,3.7687016129493713,19.84249554371024,15.232630734479766
1.0,4.0,4.0,False,1.1137652397155762,7.389762457099909,8.205016755453665
1.0,-12.0,-12.0,False,2.038917601108551,28.843150040657545,5.156926521078115
1.0,16.0,16.0,False,2.4420506954193115,21.50671601193832,10.010453291927558
1.0,-35.0,-35.0,False,2.4420506954193115,21.50671601193832,16.090010954934346
1.0,-23.0,-23.0,False,3.4312442541122437,21.35464233116776,36.3700195258746
1.0,-41.0,-41.0,False,4.628456771373749,17.652512335346852,10.180820826505887
1.0,40.0,40.0,False,3.4538830369710922,25.214716384294174,19.608684390851902
1.0,20.0,20.0,False,2.0897932052612305,20.04679681490654,22.786044313575033
1.0,-23.0,-23.0,False,2.8896366953849792,13.069226882822766,5.156926521078115
1.0,-2.0,-2.0,False,3.950010895729065,2.9829085177218655,18.055967212124973
1.0,32.0,32.0,False,2.1023517549037933,10.963947690330286,32.15142430165799
1.0,-15.0,-15.0,False,2.114328622817993,35.63345680917223,8.872488875480206
1.0,8.0,8.0,False,2.3239591121673584,20.181818395828632,9.344867601186419
1.0,21.0,21.0,False,3.0084061324596405,18.877777703634294,6.984796635064125
1.0,-5.0,-5.0,False,2.2426000237464905,7.355621287688285,24.496396811862375
1.0,34.0,34.0,False,3.581760883331299,13.00140901412378,29.06320570222248
1.0,21.0,21.0,False,2.0288710594177246,12.654105035311266,25.57215130211619
1.0,1.0,1.0,True,0.959078460931778,35.02351718734399,3.7611411850548784
1.0,26.0,26.0,False,3.4086297750473022,18.495815422437293,22.549584768494217
1.0,15.0,15.0,False,0.959078460931778,35.02351718734399,21.180271412206373
1.0,32.0,32.0,False,1.8995965123176575,19.282092331056585,23.286637920613444
1.0,-54.0,-54.0,False,1.9785938560962677,17.439272445236625,2.7524335670596414
1.0,1.0,1.0,True,1.1652879118919373,22.03258840404882,26.846448929169505
1.0,-40.0,-40.0,False,2.279119312763214,16.624814398166933,33.30459982001199
1.0,19.0,19.0,False,0.9522127211093903,24.325106786981618,6.897693425418707
1.0,-37.0,-37.0,False,3.2967675924301147,18.925572129423866,29.05224218333081
1.0,-8.0,-8.0,False,1.690717339515686,18.495815422437293,11.407519795009568
1.0,-37.0,-37.0,False,5.005165338516235,23.800538590692256,19.179454123015287
1.0,-38.0,-38.0,False,1.1652879118919373,2.9829085177218655,26.846448929169505
1.0,16.0,16.0,False,1.376738429069519,15.956772255634165,9.344867601186419
1.0,14.0,14.0,False,3.6630271077156067,17.652512335346852,21.013256884030795
1.0,6.0,6.0,False,2.8791944086551666,22.068793504143258,28.92648151794152
1.0,-43.0,-43.0,False,6.489714026451111,18.31172225394208,31.360814158930864
1.0,-45.0,-45.0,False,1.3028225898742676,23.121919168986143,24.831444510584532
1.0,-48.0,-48.0,False,2.8296436965465546,36.733803689879586,31.427190830821097
1.0,46.0,46.0,False,2.9898432195186615,27.551069263817165,31.75954853863623
1.0,-4.0,-4.0,False,2.4602173268795013,16.8714642246673,6.984796635064125
1.0,-29.0,-29.0,False,2.5664627254009247,26.403445123083387,7.075390757091763
1.0,0.0,0.0,False,1.6703471541404724,33.77604813096517,9.344867601186419
1.0,36.0,36.0,False,3.094663769006729,5.621830789202421,13.785703739526472
1.0,18.0,18.0,False,2.8791944086551666,4.953484266470807,28.92648151794152
1.0,32.0,32.0,False,1.5431808829307556,9.519559500945462,17.087926789809142
1.0,-34.0,-34.0,False,2.907618761062622,12.487750994629483,11.77150398076806
1.0,6.0,6.0,False,2.2354462146759033,29.533219658293433,19.40622031782402
1.0,19.0,19.0,False,1.5461947321891785,3.665212227165845,22.405336156535423
1.0,-11.0,-11.0,False,1.1763822436332703,32.69811652589213,23.36516753878079
1.0,-19.0,-19.0,False,1.5578313171863556,16.624814398166933,19.092682404335495
1.0,-34.0,-34.0,False,2.114328622817993,16.696267671443643,8.872488875480206
1.0,12.0,12.0,False,2.1808409690856934,12.102206366337118,6.772599992376509
1.0,-9.0,-9.0,False,2.3782461881637573,28.974636512694783,21.425325990776315
1.0,1.0,1.0,True,0.930705800652504,32.391910687557825,33.34853220773684
1.0,-50.0,-50.0,False,1.720358431339264,16.696267671443643,19.466707909335685
1.0,7.0,7.0,False,2.7141529321670532,8.907436626421944,26.59797012787058
1.0,-37.0,-37.0,False,2.3495916724205017,20.33537417733268,22.565072797932128
1.0,-2.0,-2.0,False,1.5637148022651672,25.214716384294174,22.40927788826835
1.0,-6.0,-6.0,False,1.9785938560962677,17.439272445236625,32.20473811196656
1.0,38.0,38.0,False,1.1009776890277863,21.408469270259996,17.964341871828744
1.0,-63.0,-63.0,False,0.8508817702531815,10.79974918780669,36.3700195258746
1.0,-36.0,-36.0,False,1.7425355911254883,12.487750994629483,19.59079645945597
1.0,12.0,12.0,False,2.4420506954193115,23.668314710733796,20.566083137893944
1.0,29.0,29.0,False,2.2165926694869995,19.337265776662562,25.700536608010683
1.0,-56.0,-56.0,False,2.4602173268795013,16.8714642246673,31.360814158930864
1.0,3.0,3.0,False,0.930705800652504,13.00140901412378,33.34853220773684
1.0,-1.0,-1.0,False,2.3495916724205017,33.83197402729039,22.565072797932128
1.0,-34.0,-34.0,False,1.3328260779380798,20.718453199467273,7.812408690872659
1.0,-1.0,-1.0,False,2.240532100200653,12.177774471164945,12.004715469846126
1.0,-14.0,-14.0,False,3.4538830369710922,25.214716384294174,17.229573027843777
1.0,35.0,35.0,False,1.5461947321891785,22.082360943192633,22.405336156535423
1.0,-14.0,-14.0,False,3.058390736579895,16.16664895649887,14.91249628570587
1.0,-4.0,-4.0,False,3.034048855304718,33.83197402729039,9.344867601186419
1.0,-6.0,-6.0,False,2.3531020879745483,35.95620230279203,25.611931515552207
1.0,-21.0,-21.0,False,3.0396704375743866,16.696267671443643,17.666706600983787
1.0,-51.0,-51.0,False,1.3333891034126282,28.41593247711583,19.59079645945597
1.0,5.0,5.0,False,1.3308157920837402,13.553051201723022,5.25321498705272
1.0,-6.0,-6.0,False,3.3154278993606567,31.585760025027774,3.7611411850548784
1.0,-10.0,-10.0,False,2.0753629207611084,21.94809228084235,2.7524335670596414
1.0,21.0,21.0,False,1.5578313171863556,8.143214130702876,19.092682404335495
1.0,6.0,6.0,False,2.463175654411316,35.63345680917223,25.700536608010683
1.0,-13.0,-13.0,False,1.5578313171863556,27.774074387256324,19.092682404335495
1.0,65.0,65.0,False,4.1777971386909485,25.21623731761567,15.656702335851163
1.0,33.0,33.0,False,1.7735437750816345,28.69564432793034,14.761517957667863
1.0,-4.0,-4.0,False,2.794911742210388,7.94379541847817,16.090010954934346
1.0,-4.0,-4.0,False,1.370439052581787,31.251883244035522,14.61283185727243
1.0,-47.0,-47.0,False,2.391067624092102,27.788261086718485,21.04090161081526
1.0,21.0,21.0,False,5.114697754383087,25.4559451250963,9.943003204326772
1.0,5.0,5.0,False,2.3782461881637573,7.94379541847817,21.425325990776315
1.0,-34.0,-34.0,False,1.5767922401428223,35.63345680917223,18.685995290134002
1.0,4.0,4.0,False,3.112639009952545,21.408469270259996,15.472497505388723
1.0,-2.0,-2.0,False,4.362847208976746,8.128042033064283,17.5054822781333
1.0,25.0,25.0,False,3.4312442541122437,21.35464233116776,25.700536608010683
1.0,9.0,9.0,False,3.1903167366981506,25.21623731761567,28.05618760579378
1.0,-4.0,-4.0,False,3.0396704375743866,16.696267671443643,21.013256884030795
1.0,2.0,2.0,False,3.0241456031799316,26.113776246360285,20.658899272980218
1.0,-12.0,-12.0,False,3.058390736579895,27.788261086718485,14.91249628570587
1.0,-24.0,-24.0,False,3.4538830369710922,25.214716384294174,16.318003139111692
1.0,-46.0,-46.0,False,1.720358431339264,25.538032816716818,19.466707909335685
1.0,39.0,39.0,False,1.6863956451416016,21.35464233116776,13.095326913639752
1.0,-19.0,-19.0,False,2.0753629207611084,32.391910687557825,2.7524335670596414
1.0,7.0,7.0,False,1.976272463798523,21.35464233116776,19.32349773948807
1.0,57.0,57.0,False,2.6353782415390015,20.04679681490654,28.76932234574952
1.0,-12.0,-12.0,False,1.1009776890277863,17.62794026408365,17.964341871828744
1.0,57.0,57.0,False,1.6863956451416016,5.143286297315873,13.095326913639752
1.0,49.0,49.0,False,2.1808409690856934,12.102206366337118,20.92012209169198
1.0,1.0,1.0,True,1.6549068093299866,22.03258840404882,29.05224218333081
1.0,-19.0,-19.0,False,1.0354681313037872,13.15530823442525,28.973738585457145
1.0,-56.0,-56.0,False,4.713200569152832,18.450413413442885,11.613195517153274
1.0,-61.0,-61.0,False,0.8508817702531815,10.79974918780669,15.232630734479766
1.0,-30.0,-30.0,False,3.9552570283412933,12.223712352503956,31.17154387869443
1.0,3.0,3.0,False,1.9618884325027466,14.3585442602628,6.984796635064125
1.0,16.0,16.0,False,2.310873508453369,13.985660293588438,29.272632482947095
1.0,18.0,18.0,False,3.1548267006874084,25.21623731761567,26.59797012787058
1.0,19.0,19.0,False,1.6578553318977356,35.64301821489085,12.913825483506784
1.0,-22.0,-22.0,False,4.628456771373749,17.652512335346852,19.179454123015287
1.0,-45.0,-45.0,False,2.391067624092102,20.87972329435026,21.04090161081526
1.0,24.0,24.0,False,1.5216529071331024,31.331500321063057,21.775403238235203
1.0,85.0,85.0,False,1.376738429069519,15.956772255634165,22.549584768494217
1.0,-17.0,-17.0,False,1.556410312652588,7.006683700981207,13.935948067378915
1.0,1.0,1.0,True,1.6578553318977356,35.64301821489085,21.432586907678125
1.0,-50.0,-50.0,False,1.1763822436332703,21.332945114815452,23.36516753878079
1.0,14.0,14.0,False,2.355129063129425,10.540948132137547,16.604083678047328
1.0,0.0,0.0,False,3.1882269978523254,24.217068521517607,20.92012209169198
1.0,32.0,32.0,False,2.2697450518608093,12.660397036203834,16.67902882188907
1.0,35.0,35.0,False,2.3531020879745483,35.95620230279203,28.973738585457145
1.0,-12.0,-12.0,False,1.8603802025318146,8.143214130702876,25.611931515552207
1.0,2.0,2.0,False,2.1808409690856934,12.102206366337118,8.598424964658573
1.0,-48.0,-48.0,False,2.2920127511024475,31.25858207352135,15.472497505388723
1.0,36.0,36.0,False,2.6175689697265625,23.82017197259405,21.5726892473755
1.0,28.0,28.0,False,2.8896366953849792,8.750938855619857,5.156926521078115
1.0,-23.0,-23.0,False,2.0897932052612305,25.73803684884532,22.786044313575033
1.0,11.0,11.0,False,0.9522127211093903,24.325106786981618,33.30459982001199
1.0,-10.0,-10.0,False,1.1137652397155762,7.389762457099909,13.935948067378915
1.0,-24.0,-24.0,False,3.748796582221985,18.495815422437293,33.39893047482026
1.0,35.0,35.0,False,3.3168275356292725,23.07862090015114,20.92012209169198
1.0,23.0,23.0,False,2.049254983663559,28.48127245053513,23.706947415766667
1.0,8.0,8.0,False,2.5211090445518494,20.04679681490654,25.611931515552207
1.0,8.0,8.0,False,2.9082139134407043,29.118997831286816,5.486075808683789
1.0,0.0,0.0,False,2.4153857231140137,23.67471920841878,18.055967212124973
1.0,6.0,6.0,False,2.0542421340942383,31.585760025027774,17.732120804216624
1.0,39.0,39.0,False,2.8623024225234985,23.413098381285796,20.566083137893944
1.0,12.0,12.0,False,2.470914304256439,28.48127245053513,24.739668259859712
1.0,1.0,1.0,True,3.9474279284477234,25.914628499669426,25.700536608010683
1.0,3.0,3.0,False,1.370439052581787,12.962174221495438,14.61283185727243
1.0,23.0,23.0,False,1.1088089644908905,11.990516889182693,29.06320570222248
1.0,-45.0,-45.0,False,1.5767922401428223,16.10490777340726,18.685995290134002
1.0,2.0,2.0,False,3.19845449924469,26.113776246360285,32.20473811196656
1.0,-56.0,-56.0,False,5.25382661819458,18.450413413442885,31.17154387869443
1.0,7.0,7.0,False,2.4153857231140137,23.67471920841878,19.608684390851902
1.0,-21.0,-21.0,False,1.9519140720367432,21.50671601193832,14.600606316557412
1.0,-1.0,-1.0,False,3.272226333618164,21.25918380649088,21.5726892473755
1.0,-26.0,-26.0,False,1.5895408391952515,32.69811652589213,15.189796211377434
1.0,41.0,41.0,False,1.7735437750816345,28.69564432793034,7.849799874056926
1.0,-36.0,-36.0,False,1.6461179852485657,14.3585442602628,23.296192673452314
1.0,38.0,38.0,False,2.310873508453369,23.413098381285796,29.272632482947095
1.0,-17.0,-17.0,False,1.720358431339264,32.391910687557825,19.466707909335685
1.0,2.0,2.0,False,2.0089523792266846,5.143286297315873,28.05618760579378
1.0,38.0,38.0,False,3.0084061324596405,9.916925592541663,6.984796635064125
1.0,11.0,11.0,False,2.5664627254009247,26.403445123083387,14.91249628570587
1.0,-11.0,-11.0,False,1.1088089644908905,11.990516889182693,21.180271412206373
1.0,-20.0,-20.0,False,1.1137652397155762,7.389762457099909,23.706947415766667
1.0,-47.0,-47.0,False,3.248768925666809,21.25918380649088,31.427190830821097
1.0,20.0,20.0,False,0.930705800652504,27.551069263817165,33.34853220773684
1.0,0.0,0.0,False,1.6578553318977356,35.64301821489085,19.426632507929533
1.0,-10.0,-10.0,False,3.6223358511924744,18.495815422437293,25.94942845356426
1.0,54.0,54.0,False,2.1023517549037933,10.963947690330286,16.67902882188907
1.0,-47.0,-47.0,False,2.391067624092102,20.718453199467273,21.04090161081526
1.0,14.0,14.0,False,0.9522127211093903,24.325106786981618,6.772599992376509
1.0,-33.0,-33.0,False,2.0288710594177246,2.9829085177218655,25.57215130211619
1.0,-27.0,-27.0,False,2.6496592462062836,16.16664895649887,22.19777965697299
1.0,-28.0,-28.0,False,1.3308157920837402,35.094092240876975,5.25321498705272
1.0,-17.0,-17.0,False,1.469541311264038,32.69811652589213,11.144738848892322
1.0,-33.0,-33.0,False,5.138247787952423,29.533219658293433,16.604083678047328
1.0,51.0,51.0,False,0.959078460931778,35.02351718734399,9.753408765346878
1.0,44.0,44.0,False,3.0084061324596405,31.585760025027774,6.984796635064125
1.0,9.0,9.0,False,3.795088082551956,20.87972329435026,11.650492946690235
1.0,16.0,16.0,False,3.9906313121318817,4.953484266470807,14.058084294785923
1.0,27.0,27.0,False,1.631830096244812,26.403445123083387,7.647563880536387
1.0,-51.0,-51.0,False,1.469541311264038,14.3585442602628,11.144738848892322
1.0,-4.0,-4.0,False,2.0605387091636658,13.553051201723022,23.601764878860937
1.0,-60.0,-60.0,False,3.1903167366981506,23.121919168986143,28.05618760579378
1.0,-9.0,-9.0,False,3.058390736579895,26.113776246360285,14.91249628570587
1.0,-51.0,-51.0,False,1.1137652397155762,7.389762457099909,11.77150398076806
1.0,9.0,9.0,False,2.395481824874878,32.391910687557825,32.15142430165799
1.0,8.0,8.0,False,5.138247787952423,29.533219658293433,15.656702335851163
1.0,17.0,17.0,False,0.8856760263442993,20.545154363145606,18.14799114701457
1.0,20.0,20.0,False,1.3308157920837402,27.551069263817165,5.25321498705272
1.0,-37.0,-37.0,False,2.7954235672950745,8.128042033064283,21.775403238235203
1.0,-26.0,-26.0,False,2.3782461881637573,21.50671601193832,21.425325990776315
1.0,-41.0,-41.0,False,2.7954235672950745,18.450413413442885,21.775403238235203
1.0,35.0,35.0,False,1.7735437750816345,28.69564432793034,20.658899272980218
1.0,-52.0,-52.0,False,4.989925742149353,2.9829085177218655,19.13772411551578
1.0,46.0,46.0,False,2.992960512638092,16.45267928661812,14.761517957667863
1.0,-37.0,-37.0,False,3.1882269978523254,24.217068521517607,18.948094693424622
1.0,14.0,14.0,False,3.0241456031799316,17.652512335346852,20.658899272980218
1.0,-38.0,-38.0,False,1.9618884325027466,14.3585442602628,19.179454123015287
1.0,-34.0,-34.0,False,1.3333891034126282,28.41593247711583,23.51126875464974
1.0,21.0,21.0,False,1.1652879118919373,31.331500321063057,26.846448929169505
1.0,19.0,19.0,False,2.4420506954193115,23.668314710733796,29.06320570222248
1.0,5.0,5.0,False,2.6496592462062836,32.391910687557825,22.19777965697299
1.0,9.0,9.0,False,1.3328260779380798,13.498121943352698,7.812408690872659
1.0,-6.0,-6.0,False,3.248768925666809,31.585760025027774,31.427190830821097
1.0,49.0,49.0,False,3.7731508016586304,21.94809228084235,19.939878889842877
1.0,-10.0,-10.0,False,1.1009776890277863,20.87972329435026,17.964341871828744
1.0,-7.0,-7.0,False,3.205887258052826,5.621830789202421,29.05224218333081
1.0,-41.0,-41.0,False,1.9519140720367432,13.069226882822766,14.600606316557412
1.0,11.0,11.0,False,2.3531020879745483,35.95620230279203,21.775403238235203
1.0,-2.0,-2.0,False,2.8623024225234985,23.413098381285796,3.7611411850548784
1.0,5.0,5.0,False,2.4153857231140137,23.67471920841878,14.058084294785923
1.0,-46.0,-46.0,False,1.720358431339264,23.67471920841878,19.466707909335685
1.0,-26.0,-26.0,False,1.5895408391952515,29.65687680963811,15.189796211377434
1.0,-42.0,-42.0,False,1.8873049020767212,15.149202009782664,19.179454123015287
1.0,-53.0,-53.0,False,3.060185670852661,16.624814398166933,7.075390757091763
1.0,10.0,10.0,False,2.7190994024276733,3.665212227165845,23.42159920009009
1.0,32.0,32.0,False,3.8885015845298767,13.290779733911918,23.286637920613444
1.0,-4.0,-4.0,False,2.279119312763214,10.957171771394489,33.30459982001199
1.0,-64.0,-64.0,False,1.5895408391952515,15.149202009782664,15.189796211377434
1.0,41.0,41.0,False,1.083086371421814,9.906819179801936,11.650492946690235
1.0,-16.0,-16.0,False,1.8995965123176575,19.282092331056585,11.77150398076806
1.0,-41.0,-41.0,False,2.463175654411316,35.63345680917223,22.640712213973508
1.0,-8.0,-8.0,False,2.9898432195186615,8.985981938493188,31.75954853863623
1.0,2.0,2.0,False,3.19845449924469,26.113776246360285,21.013256884030795
1.0,-17.0,-17.0,False,1.5461947321891785,16.16664895649887,22.405336156535423
1.0,-54.0,-54.0,False,2.4602173268795013,16.8714642246673,31.427190830821097
1.0,-5.0,-5.0,False,5.285555839538574,23.800538590692256,20.566083137893944
1.0,-12.0,-12.0,False,1.1009776890277863,20.718453199467273,17.964341871828744
1.0,-3.0,-3.0,False,1.370439052581787,23.82017197259405,14.61283185727243
1.0,-4.0,-4.0,False,1.9618884325027466,14.3585442602628,31.75954853863623
1.0,-27.0,-27.0,False,2.3632264733314514,27.37562248532525,11.925203271249002
1.0,9.0,9.0,False,2.2171352803707123,16.10490777340726,9.753408765346878
1.0,-16.0,-16.0,False,1.469541311264038,28.974636512694783,11.144738848892322
1.0,-39.0,-39.0,False,1.9785938560962677,17.439272445236625,17.732120804216624
1.0,-12.0,-12.0,False,1.1137652397155762,7.389762457099909,28.973738585457145
1.0,-50.0,-50.0,False,2.7882960438728333,20.33537417733268,8.598424964658573
1.0,-26.0,-26.0,False,2.5664627254009247,26.403445123083387,11.77150398076806
1.0,-44.0,-44.0,False,2.2171352803707123,16.10490777340726,11.613195517153274
1.0,-50.0,-50.0,False,1.469541311264038,23.800538590692256,11.144738848892322
1.0,-18.0,-18.0,False,2.5438554883003235,28.974636512694783,7.075390757091763
1.0,3.0,3.0,False,3.5101229548454285,20.718453199467273,17.545477603424633
1.0,45.0,45.0,False,3.0792325735092163,22.082360943192633,20.566083137893944
1.0,0.0,0.0,False,2.907618761062622,27.551069263817165,11.77150398076806
1.0,5.0,5.0,False,1.8603802025318146,8.143214130702876,28.05617863201362
1.0,-8.0,-8.0,False,3.58842933177948,34.94301090895083,25.700536608010683
1.0,-2.0,-2.0,False,2.7954235672950745,13.00140901412378,21.775403238235203
1.0,3.0,3.0,False,3.0084061324596405,16.624814398166933,6.984796635064125
1.0,17.0,17.0,False,2.969773769378662,20.04679681490654,26.59797012787058
1.0,-3.0,-3.0,False,1.6971588134765625,16.624814398166933,18.355121369777635
1.0,-13.0,-13.0,False,1.0354681313037872,13.15530823442525,17.827753649897005
1.0,-59.0,-59.0,False,2.3632264733314514,29.533219658293433,11.925203271249002
1.0,22.0,22.0,False,1.1652879118919373,20.04679681490654,26.846448929169505
1.0,86.0,86.0,False,1.6578553318977356,35.64301821489085,22.549584768494217
1.0,34.0,34.0,False,2.2697450518608093,32.69811652589213,16.67902882188907
1.0,46.0,46.0,False,2.8791944086551666,31.585760025027774,28.92648151794152
1.0,-21.0,-21.0,False,3.4312442541122437,21.35464233116776,10.180820826505887
1.0,2.0,2.0,False,1.6863956451416016,16.16664895649887,13.095326913639752
1.0,-5.0,-5.0,False,1.0354681313037872,13.15530823442525,9.753408765346878
1.0,33.0,33.0,False,1.6971588134765625,27.37562248532525,18.355121369777635
1.0,-43.0,-43.0,False,1.5895408391952515,25.73803684884532,15.189796211377434
1.0,34.0,34.0,False,1.6971588134765625,28.69564432793034,18.355121369777635
1.0,-3.0,-3.0,False,2.0542421340942383,12.660397036203834,17.732120804216624
1.0,17.0,17.0,False,2.0089523792266846,5.143286297315873,9.344867601186419
1.0,-18.0,-18.0,False,1.8603802025318146,8.143214130702876,12.810013878760461
1.0,-1.0,-1.0,False,4.97470760345459,18.925572129423866,32.20473811196656
1.0,-13.0,-13.0,False,2.3632264733314514,27.551069263817165,11.925203271249002
1.0,41.0,41.0,False,2.0545459985733032,4.441145138542712,12.004715469846126
1.0,58.0,58.0,False,2.969773769378662,20.04679681490654,31.176806005860364
1.0,-1.0,-1.0,False,2.0542421340942383,7.355621287688285,17.732120804216624
1.0,26.0,26.0,False,3.014680325984955,19.397810005181807,17.666706600983787
1.0,2.0,2.0,False,1.7391014695167542,27.37562248532525,11.76589738548257
1.0,-51.0,-51.0,False,1.8873049020767212,15.149202009782664,15.472497505388723
1.0,56.0,56.0,False,2.992960512638092,16.45267928661812,11.650492946690235
1.0,-1.0,-1.0,False,3.6630271077156067,17.989519670996334,21.013256884030795
1.0,3.0,3.0,False,3.5710938572883606,26.09659327931776,19.13772411551578
1.0,-41.0,-41.0,False,3.1548267006874084,32.83337319721829,26.59797012787058
1.0,-16.0,-16.0,False,2.3495916724205017,23.668314710733796,22.565072797932128
1.0,-55.0,-55.0,False,3.7687016129493713,35.094092240876975,15.232630734479766
1.0,29.0,29.0,False,2.996400475502014,32.391910687557825,31.176806005860364
1.0,6.0,6.0,False,2.391067624092102,12.654105035311266,21.04090161081526
1.0,-13.0,-13.0,False,2.391067624092102,28.974636512694783,21.04090161081526
1.0,61.0,61.0,False,1.6703471541404724,33.77604813096517,23.778674112738383
1.0,-24.0,-24.0,False,3.843965172767639,4.953484266470807,37.035281461663565
1.0,0.0,0.0,False,1.690717339515686,25.538032816716818,11.407519795009568
1.0,-18.0,-18.0,False,2.395481824874878,26.113776246360285,32.15142430165799
1.0,-29.0,-29.0,False,2.2426000237464905,7.355621287688285,11.925203271249002
1.0,-22.0,-22.0,False,2.7190994024276733,3.665212227165845,10.180820826505887
1.0,4.0,4.0,False,3.8885015845298767,27.774074387256324,23.286637920613444
1.0,-38.0,-38.0,False,3.6062501817941666,21.25918380649088,19.179454123015287
1.0,16.0,16.0,False,3.639323115348816,18.877777703634294,10.010453291927558
1.0,48.0,48.0,False,2.8623024225234985,23.413098381285796,14.058084294785923
1.0,-35.0,-35.0,False,2.0288710594177246,16.696267671443643,25.57215130211619
1.0,-26.0,-26.0,False,1.8873049020767212,15.149202009782664,32.15142430165799
1.0,42.0,42.0,False,2.0545459985733032,4.441145138542712,20.658899272980218
1.0,9.0,9.0,False,3.581760883331299,13.00140901412378,12.207675764235274
1.0,45.0,45.0,False,2.6946440935134888,13.328336939853951,23.778674112738383
1.0,32.0,32.0,False,3.0241456031799316,13.290779733911918,20.658899272980218
1.0,-39.0,-39.0,False,1.1763822436332703,14.026986542766315,23.36516753878079
1.0,-35.0,-35.0,False,3.057655155658722,21.332945114815452,24.739668259859712
1.0,29.0,29.0,False,2.5664627254009247,26.403445123083387,8.205016755453665
1.0,18.0,18.0,False,4.0234619081020355,13.985660293588438,17.827753649897005
1.0,53.0,53.0,False,2.8791944086551666,24.22648473466966,28.92648151794152
1.0,7.0,7.0,False,5.138247787952423,29.533219658293433,14.058084294785923
1.0,2.0,2.0,False,3.248463422060013,16.16664895649887,13.574556538063339
1.0,35.0,35.0,False,1.8995965123176575,19.282092331056585,29.06320570222248
1.0,-1.0,-1.0,False,2.8296436965465546,36.733803689879586,17.5054822781333
1.0,-37.0,-37.0,False,1.3028225898742676,2.9829085177218655,24.831444510584532
1.0,56.0,56.0,False,1.5216529071331024,31.331500321063057,28.76932234574952
1.0,67.0,67.0,False,3.310348093509674,9.916925592541663,22.549584768494217
1.0,28.0,28.0,False,1.454693466424942,17.889269515082614,10.578428097866361
1.0,-39.0,-39.0,False,1.9785938560962677,17.439272445236625,6.986305806265895
1.0,0.0,0.0,False,2.6175689697265625,23.82017197259405,16.604083678047328
1.0,-36.0,-36.0,False,2.240532100200653,12.177774471164945,29.05224218333081
1.0,-1.0,-1.0,False,3.4577780961990356,17.989519670996334,10.139409537570167
1.0,27.0,27.0,False,2.9898432195186615,5.621830789202421,31.75954853863623
1.0,38.0,38.0,False,3.4538830369710922,25.214716384294174,14.058084294785923
1.0,40.0,40.0,False,2.9898432195186615,13.498121943352698,31.75954853863623
1.0,-17.0,-17.0,False,2.270275831222534,32.69811652589213,15.51539281266074
1.0,-40.0,-40.0,False,2.0897932052612305,16.624814398166933,22.786044313575033
1.0,-24.0,-24.0,False,2.5438554883003235,28.974636512694783,36.3700195258746
1.0,36.0,36.0,False,1.7954436540603638,24.384813905545165,34.3279674805963
1.0,1.0,1.0,True,3.083520829677582,18.623559601661366,29.05224218333081
1.0,14.0,14.0,False,2.049254983663559,33.83197402729039,23.706947415766667
1.0,-47.0,-47.0,False,1.720358431339264,24.87248708022397,19.466707909335685
1.0,22.0,22.0,False,1.5216529071331024,31.331500321063057,6.772599992376509
1.0,0.0,0.0,False,3.310348093509674,9.916925592541663,12.913825483506784
1.0,36.0,36.0,False,1.7954436540603638,24.384813905545165,23.286637920613444
1.0,56.0,56.0,False,3.094663769006729,25.4559451250963,13.785703739526472
1.0,40.0,40.0,False,2.5438554883003235,28.974636512694783,17.66972412187618
1.0,-7.0,-7.0,False,3.058390736579895,14.026986542766315,14.91249628570587
1.0,-25.0,-25.0,False,2.270275831222534,32.69811652589213,16.318003139111692
1.0,-40.0,-40.0,False,1.9943364262580872,18.877777703634294,12.810013878760461
1.0,-10.0,-10.0,False,3.5101229548454285,20.718453199467273,28.973738585457145
1.0,-44.0,-44.0,False,1.6461179852485657,23.121919168986143,23.296192673452314
1.0,-54.0,-54.0,False,4.713200569152832,35.16230812603524,11.613195517153274
1.0,40.0,40.0,False,5.475673645734787,31.251883244035522,15.656702335851163
1.0,-2.0,-2.0,False,3.3789584040641785,21.94809228084235,29.450593664535923
1.0,36.0,36.0,False,3.612617641687393,31.251883244035522,20.92012209169198
1.0,-19.0,-19.0,False,3.083520829677582,18.623559601661366,22.640712213973508
1.0,29.0,29.0,False,2.996400475502014,32.391910687557825,23.286637920613444
1.0,46.0,46.0,False,2.7141529321670532,8.907436626421944,14.761517957667863
1.0,-21.0,-21.0,False,1.1763822436332703,7.51863960825613,23.36516753878079
1.0,27.0,27.0,False,2.642868161201477,13.498121943352698,10.578428097866361
1.0,45.0,45.0,False,4.307080507278442,8.750938855619857,14.761517957667863
1.0,-52.0,-52.0,False,2.5211090445518494,16.624814398166933,25.611931515552207
1.0,-65.0,-65.0,False,3.7687016129493713,7.006683700981207,15.232630734479766
1.0,33.0,33.0,False,2.996400475502014,32.391910687557825,17.545477603424633
1.0,0.0,0.0,False,1.815648376941681,19.282092331056585,11.322340420983755
1.0,5.0,5.0,False,0.930705800652504,28.974636512694783,33.34853220773684
1.0,22.0,22.0,False,2.8896366953849792,12.962174221495438,5.156926521078115
1.0,-13.0,-13.0,False,2.3239591121673584,20.181818395828632,22.640712213973508
1.0,-7.0,-7.0,False,3.272226333618164,18.450413413442885,21.5726892473755
1.0,-42.0,-42.0,False,1.2968163192272186,24.826470657842346,18.948094693424622
1.0,18.0,18.0,False,3.9552570283412933,12.223712352503956,32.20473811196656
1.0,-38.0,-38.0,False,2.8964359164237976,18.925572129423866,22.20779994684309
1.0,7.0,7.0,False,1.1009776890277863,12.223712352503956,17.964341871828744
1.0,43.0,43.0,False,3.083520829677582,18.623559601661366,15.656702335851163
1.0,35.0,35.0,False,2.6175689697265625,23.82017197259405,20.658899272980218
1.0,8.0,8.0,False,0.9522127211093903,24.325106786981618,26.59797012787058
1.0,-42.0,-42.0,False,3.3789584040641785,21.25918380649088,29.450593664535923
1.0,13.0,13.0,False,2.8975179195404053,29.45493127763379,19.179454123015287
1.0,-3.0,-3.0,False,2.2426000237464905,7.355621287688285,6.772599992376509
1.0,-22.0,-22.0,False,3.15364807844162,20.87972329435026,23.42159920009009
1.0,-20.0,-20.0,False,1.3028225898742676,25.73803684884532,24.831444510584532
1.0,-3.0,-3.0,False,4.97470760345459,18.925572129423866,14.761517957667863
1.0,-32.0,-32.0,False,5.005165338516235,27.774074387256324,19.179454123015287
1.0,-10.0,-10.0,False,2.2165926694869995,19.337265776662562,11.77150398076806
1.0,-25.0,-25.0,False,2.038060784339905,22.81122641992863,6.986305806265895
1.0,25.0,25.0,False,2.6946440935134888,18.925572129423866,23.778674112738383
1.0,16.0,16.0,False,2.7954235672950745,22.082360943192633,21.775403238235203
1.0,-13.0,-13.0,False,2.907618761062622,13.839165817655502,11.77150398076806
1.0,16.0,16.0,False,3.159904420375824,18.877777703634294,31.176806005860364
1.0,41.0,41.0,False,3.4312442541122437,21.35464233116776,8.205016755453665
1.0,52.0,52.0,False,2.0089523792266846,5.143286297315873,31.176806005860364
1.0,3.0,3.0,False,1.8603802025318146,8.143214130702876,16.604083678047328
1.0,-31.0,-31.0,False,3.843965172767639,27.774074387256324,37.035281461663565
1.0,-41.0,-41.0,False,2.8964359164237976,13.069226882822766,22.20779994684309
1.0,6.0,6.0,False,1.3028225898742676,12.962174221495438,24.831444510584532
1.0,3.0,3.0,False,3.6062501817941666,21.25918380649088,14.058084294785923
1.0,-5.0,-5.0,False,0.8856760263442993,20.545154363145606,21.425325990776315
1.0,41.0,41.0,False,5.693401396274567,10.957171771394489,8.205016755453665
1.0,38.0,38.0,False,4.82400768995285,19.583554890238315,29.06320570222248
1.0,-30.0,-30.0,False,1.2968163192272186,24.826470657842346,23.42159920009009
1.0,-12.0,-12.0,False,1.8603802025318146,8.143214130702876,19.13772411551578
1.0,-5.0,-5.0,False,3.748796582221985,18.495815422437293,29.06320570222248
1.0,57.0,57.0,False,1.7309250831604004,20.185462423663747,19.939878889842877
1.0,19.0,19.0,False,2.393783390522003,27.37562248532525,10.578428097866361
1.0,-8.0,-8.0,False,2.5211090445518494,13.498121943352698,25.611931515552207
1.0,-56.0,-56.0,False,3.745810329914093,8.128042033064283,19.426632507929533
1.0,-10.0,-10.0,False,1.701384574174881,16.804592726407844,31.75954853863623
1.0,-11.0,-11.0,False,4.114123523235321,24.22648473466966,36.3700195258746
1.0,26.0,26.0,False,1.3308157920837402,9.519559500945462,5.25321498705272
1.0,28.0,28.0,False,2.8791944086551666,13.985660293588438,28.92648151794152
1.0,-31.0,-31.0,False,3.7243616580963135,29.30442428775754,16.318003139111692
1.0,-47.0,-47.0,False,5.502344489097595,27.774074387256324,7.075390757091763
1.0,-54.0,-54.0,False,3.060185670852661,16.624814398166933,19.426632507929533
1.0,-13.0,-13.0,False,1.6703471541404724,33.77604813096517,31.17154387869443
1.0,-69.0,-69.0,False,2.232003927230835,28.049587277998665,12.913825483506784
1.0,48.0,48.0,False,2.7141529321670532,8.907436626421944,18.055967212124973
1.0,-33.0,-33.0,False,1.8873049020767212,15.149202009782664,19.32349773948807
1.0,40.0,40.0,False,1.8603802025318146,8.143214130702876,22.400878006893755
1.0,-13.0,-13.0,False,3.15364807844162,25.914628499669426,23.42159920009009
1.0,-42.0,-42.0,False,1.720358431339264,18.31172225394208,19.466707909335685
1.0,38.0,38.0,False,2.414373993873596,30.674939601499855,22.400878006893755
1.0,17.0,17.0,False,2.114328622817993,8.750938855619857,8.872488875480206
1.0,3.0,3.0,False,1.631830096244812,16.624814398166933,7.647563880536387
1.0,-32.0,-32.0,False,1.5770166516304016,20.87972329435026,23.51126875464974
1.0,52.0,52.0,False,2.794911742210388,7.94379541847817,13.574556538063339
1.0,11.0,11.0,False,3.0241456031799316,4.953484266470807,20.658899272980218
1.0,-4.0,-4.0,False,1.1075152456760406,27.37562248532525,22.667111233484132
1.0,30.0,30.0,False,0.930705800652504,20.04679681490654,33.34853220773684
1.0,-11.0,-11.0,False,1.7391014695167542,13.985660293588438,11.76589738548257
1.0,-8.0,-8.0,False,2.3239591121673584,20.181818395828632,21.432586907678125
1.0,-16.0,-16.0,False,2.642868161201477,22.068793504143258,10.578428097866361
1.0,-21.0,-21.0,False,2.4420506954193115,23.668314710733796,5.486075808683789
1.0,-41.0,-41.0,False,2.0897932052612305,31.25858207352135,22.786044313575033
1.0,-1.0,-1.0,False,2.7954235672950745,29.65687680963811,21.775403238235203
1.0,-38.0,-38.0,False,3.9906313121318817,4.953484266470807,15.51539281266074
1.0,-38.0,-38.0,False,0.930705800652504,13.15530823442525,33.34853220773684
1.0,-12.0,-12.0,False,2.996400475502014,32.391910687557825,26.59797012787058
1.0,-9.0,-9.0,False,2.2165926694869995,19.337265776662562,31.360814158930864
1.0,43.0,43.0,False,1.6863956451416016,21.94809228084235,13.095326913639752
1.0,-2.0,-2.0,False,3.4538830369710922,25.214716384294174,16.604083678047328
1.0,-1.0,-1.0,False,1.6461179852485657,23.07862090015114,23.296192673452314
1.0,-37.0,-37.0,False,5.005165338516235,22.068793504143258,19.179454123015287
1.0,44.0,44.0,False,2.7190994024276733,3.665212227165845,19.939878889842877
1.0,-77.0,-77.0,False,2.232003927230835,28.049587277998665,26.59797012787058
1.0,37.0,37.0,False,3.0241456031799316,18.623559601661366,20.658899272980218
1.0,14.0,14.0,False,3.0792325735092163,22.082360943192633,16.604083678047328
1.0,11.0,11.0,False,1.815648376941681,23.413098381285796,11.322340420983755
1.0,-34.0,-34.0,False,3.7950496077537537,17.989519670996334,28.05617863201362
1.0,52.0,52.0,False,3.0084061324596405,8.750938855619857,6.984796635064125
1.0,-29.0,-29.0,False,2.099658325314522,22.81122641992863,23.601764878860937
1.0,12.0,12.0,False,1.6578553318977356,35.64301821489085,29.390172927519032
1.0,-41.0,-41.0,False,0.8508817702531815,10.79974918780669,6.772599992376509
1.0,40.0,40.0,False,1.7735437750816345,28.69564432793034,6.984796635064125
1.0,59.0,59.0,False,1.5216529071331024,31.331500321063057,16.67902882188907
1.0,4.0,4.0,False,3.3154278993606567,31.585760025027774,9.344867601186419
1.0,-6.0,-6.0,False,2.8623024225234985,23.413098381285796,15.51539281266074
1.0,32.0,32.0,False,1.6703471541404724,33.77604813096517,17.827753649897005
1.0,38.0,38.0,False,3.034048855304718,33.83197402729039,13.785703739526472
1.0,15.0,15.0,False,2.1023517549037933,10.963947690330286,5.486075808683789
1.0,-16.0,-16.0,False,1.469541311264038,3.665212227165845,11.144738848892322
1.0,-13.0,-13.0,False,0.930705800652504,35.63345680917223,33.34853220773684
1.0,-48.0,-48.0,False,2.4153857231140137,23.67471920841878,11.77150398076806
1.0,-4.0,-4.0,False,2.038060784339905,5.621830789202421,6.986305806265895
1.0,-50.0,-50.0,False,3.834770619869232,17.989519670996334,15.51539281266074
1.0,34.0,34.0,False,4.469871878623962,31.251883244035522,34.3279674805963
1.0,-9.0,-9.0,False,3.743941903114319,32.83337319721829,28.973738585457145
1.0,-3.0,-3.0,False,2.8296436965465546,36.733803689879586,34.3279674805963
1.0,-6.0,-6.0,False,2.3531020879745483,35.95620230279203,19.13772411551578
1.0,-28.0,-28.0,False,1.815648376941681,14.026986542766315,11.322340420983755
1.0,-15.0,-15.0,False,2.531366467475891,7.51863960825613,23.601764878860937
1.0,-35.0,-35.0,False,0.8607585430145264,21.25918380649088,33.67433922904527
1.0,15.0,15.0,False,3.8885015845298767,25.73803684884532,23.286637920613444
1.0,-51.0,-51.0,False,3.1548267006874084,7.006683700981207,26.59797012787058
1.0,-7.0,-7.0,False,1.2968163192272186,24.826470657842346,18.055967212124973
1.0,-6.0,-6.0,False,1.469541311264038,23.413098381285796,11.144738848892322
1.0,-22.0,-22.0,False,2.0133248567581177,27.87401965688256,14.91249628570587
1.0,17.0,17.0,False,1.5431808829307556,9.519559500945462,5.486075808683789
1.0,-36.0,-36.0,False,1.5637148022651672,24.87248708022397,22.40927788826835
1.0,39.0,39.0,False,2.2426000237464905,7.355621287688285,8.205016755453665
1.0,-32.0,-32.0,False,1.720358431339264,17.652512335346852,19.466707909335685
1.0,-9.0,-9.0,False,1.7309250831604004,20.185462423663747,10.180820826505887
1.0,-19.0,-19.0,False,1.6461179852485657,35.63345680917223,23.296192673452314
1.0,9.0,9.0,False,2.8975179195404053,29.45493127763379,29.450593664535923
1.0,-21.0,-21.0,False,2.6175689697265625,23.82017197259405,22.640712213973508
1.0,-39.0,-39.0,False,2.099658325314522,22.81122641992863,31.360814158930864
1.0,17.0,17.0,False,3.0758352279663086,12.654105035311266,16.604083678047328
1.0,56.0,56.0,False,1.5431808829307556,9.519559500945462,20.92012209169198
1.0,-16.0,-16.0,False,2.0897932052612305,26.403445123083387,22.786044313575033
1.0,53.0,53.0,False,0.959078460931778,35.02351718734399,8.205016755453665
1.0,-17.0,-17.0,False,2.642868161201477,2.9829085177218655,10.578428097866361
1.0,-22.0,-22.0,False,4.114123523235321,19.583554890238315,36.3700195258746
1.0,-32.0,-32.0,False,1.7425355911254883,10.45612177066192,19.59079645945597
1.0,0.0,0.0,False,3.6630271077156067,32.83337319721829,21.013256884030795
1.0,11.0,11.0,False,1.5770166516304016,35.95620230279203,23.51126875464974
1.0,-9.0,-9.0,False,2.0133248567581177,27.87401965688256,22.400878006893755
1.0,2.0,2.0,False,2.355129063129425,10.540948132137547,31.360814158930864
1.0,-38.0,-38.0,False,2.7882960438728333,20.33537417733268,32.270875369677285
1.0,34.0,34.0,False,1.454693466424942,17.889269515082614,28.973738585457145
1.0,3.0,3.0,False,4.445094406604767,32.83337319721829,29.06320570222248
1.0,12.0,12.0,False,1.3028225898742676,12.102206366337118,24.831444510584532
1.0,-3.0,-3.0,False,1.720358431339264,23.413098381285796,19.466707909335685
1.0,15.0,15.0,False,2.463175654411316,35.63345680917223,34.3279674805963
1.0,64.0,64.0,False,1.5216529071331024,31.331500321063057,28.92648151794152
1.0,-47.0,-47.0,False,2.0753629207611084,4.269450948645864,2.7524335670596414
1.0,21.0,21.0,False,3.040140211582184,12.660397036203834,28.973738585457145
1.0,-6.0,-6.0,False,2.9898432195186615,16.696267671443643,31.75954853863623
1.0,-11.0,-11.0,False,3.060185670852661,16.624814398166933,25.700536608010683
1.0,-5.0,-5.0,False,2.531366467475891,29.65687680963811,23.601764878860937
1.0,-54.0,-54.0,False,3.7687016129493713,4.269450948645864,15.232630734479766
1.0,-19.0,-19.0,False,2.531366467475891,12.223712352503956,23.601764878860937
1.0,-14.0,-14.0,False,4.029307663440704,11.134416859451996,31.360814158930864
1.0,0.0,0.0,False,1.556410312652588,28.843150040657545,13.935948067378915
1.0,1.0,1.0,True,2.6353782415390015,29.533219658293433,28.76932234574952
1.0,7.0,7.0,False,3.6953932642936707,14.026986542766315,29.06320570222248
1.0,4.0,4.0,False,3.0084061324596405,17.989519670996334,6.984796635064125
1.0,14.0,14.0,False,2.099658325314522,22.81122641992863,15.656702335851163
1.0,-14.0,-14.0,False,2.114328622817993,21.50671601193832,8.872488875480206
1.0,-4.0,-4.0,False,2.3432028889656067,10.45612177066192,12.207675764235274
1.0,-23.0,-23.0,False,2.6496592462062836,20.87972329435026,22.19777965697299
1.0,-14.0,-14.0,False,1.3308157920837402,17.652512335346852,5.25321498705272
1.0,16.0,16.0,False,0.9522127211093903,24.325106786981618,28.05617863201362
1.0,-26.0,-26.0,False,3.3789584040641785,17.652512335346852,29.450593664535923
1.0,48.0,48.0,False,3.950010895729065,27.551069263817165,18.055967212124973
1.0,-23.0,-23.0,False,4.114123523235321,31.251883244035522,36.3700195258746
1.0,39.0,39.0,False,2.270275831222534,32.69811652589213,17.66972412187618
1.0,-44.0,-44.0,False,2.2171352803707123,16.10490777340726,11.77150398076806
1.0,18.0,18.0,False,3.8885015845298767,12.223712352503956,23.286637920613444
1.0,-21.0,-21.0,False,0.930705800652504,28.843150040657545,33.34853220773684
1.0,7.0,7.0,False,2.6496592462062836,13.00140901412378,22.19777965697299
1.0,54.0,54.0,False,1.5431808829307556,9.519559500945462,31.176806005860364
1.0,52.0,52.0,False,4.307080507278442,8.750938855619857,14.058084294785923
1.0,80.0,80.0,False,1.5431808829307556,9.519559500945462,23.778674112738383
1.0,-34.0,-34.0,False,1.3308157920837402,35.16230812603524,5.25321498705272
1.0,38.0,38.0,False,1.1009776890277863,10.540948132137547,17.964341871828744
1.0,2.0,2.0,False,3.0084061324596405,16.16664895649887,6.984796635064125
1.0,-16.0,-16.0,False,1.6461179852485657,10.45612177066192,23.296192673452314
1.0,-41.0,-41.0,False,3.3789584040641785,22.068793504143258,29.450593664535923
1.0,-13.0,-13.0,False,1.8995965123176575,19.282092331056585,15.472497505388723
1.0,-14.0,-14.0,False,1.469541311264038,23.82017197259405,11.144738848892322
1.0,22.0,22.0,False,2.463175654411316,35.63345680917223,13.785703739526472
1.0,-59.0,-59.0,False,5.25382661819458,18.450413413442885,7.075390757091763
1.0,19.0,19.0,False,1.631830096244812,17.652512335346852,7.647563880536387
1.0,5.0,5.0,False,2.8791944086551666,21.25918380649088,28.92648151794152
1.0,-1.0,-1.0,False,5.693401396274567,10.957171771394489,16.604083678047328
1.0,-45.0,-45.0,False,1.5637148022651672,7.006683700981207,22.40927788826835
1.0,-38.0,-38.0,False,3.9552570283412933,12.223712352503956,22.640712213973508
1.0,63.0,63.0,False,2.969773769378662,20.04679681490654,6.984796635064125
1.0,1.0,1.0,True,2.9082139134407043,21.94809228084235,5.486075808683789
1.0,39.0,39.0,False,1.6549068093299866,22.03258840404882,20.92012209169198
1.0,14.0,14.0,False,2.2165926694869995,19.337265776662562,22.19777965697299
1.0,-23.0,-23.0,False,3.112639009952545,7.51863960825613,15.472497505388723
1.0,18.0,18.0,False,3.9552570283412933,12.223712352503956,10.010453291927558
1.0,2.0,2.0,False,2.2920127511024475,31.25858207352135,13.574556538063339
1.0,17.0,17.0,False,2.85295107960701,13.328336939853951,25.94942845356426
1.0,6.0,6.0,False,5.916896283626556,22.068793504143258,8.205016755453665
1.0,-4.0,-4.0,False,3.9067084193229675,27.788261086718485,17.827753649897005
1.0,-65.0,-65.0,False,1.9943364262580872,16.8714642246673,12.810013878760461
1.0,-41.0,-41.0,False,2.2171352803707123,16.10490777340726,31.427190830821097
1.0,-2.0,-2.0,False,2.531366467475891,19.583554890238315,23.601764878860937
1.0,-42.0,-42.0,False,1.0354681313037872,13.15530823442525,11.76589738548257
1.0,-16.0,-16.0,False,4.029307663440704,11.134416859451996,15.51539281266074
1.0,-31.0,-31.0,False,3.9552570283412933,12.223712352503956,15.51539281266074
1.0,-12.0,-12.0,False,2.114328622817993,10.45612177066192,8.872488875480206
1.0,24.0,24.0,False,2.9898432195186615,29.30442428775754,31.75954853863623
1.0,-48.0,-48.0,False,2.099658325314522,22.81122641992863,22.640712213973508
1.0,49.0,49.0,False,0.9522127211093903,24.325106786981618,31.176806005860364
1.0,14.0,14.0,False,3.6630271077156067,12.487750994629483,21.013256884030795
1.0,17.0,17.0,False,2.310873508453369,7.51863960825613,29.272632482947095
1.0,4.0,4.0,False,3.610709547996521,16.16664895649887,19.608684390851902
1.0,-9.0,-9.0,False,2.038917601108551,28.843150040657545,33.39893047482026
1.0,0.0,0.0,False,2.8964359164237976,18.623559601661366,22.20779994684309
1.0,1.0,1.0,True,2.414373993873596,17.989519670996334,22.400878006893755
1.0,-19.0,-19.0,False,3.248768925666809,29.30442428775754,31.427190830821097
1.0,-15.0,-15.0,False,2.7190994024276733,3.665212227165845,31.17154387869443
1.0,-1.0,-1.0,False,3.610709547996521,16.16664895649887,20.92012209169198
1.0,-22.0,-22.0,False,1.1075152456760406,21.50671601193832,22.667111233484132
1.0,15.0,15.0,False,1.976272463798523,13.498121943352698,19.32349773948807
1.0,27.0,27.0,False,3.4086297750473022,21.332945114815452,22.549584768494217
1.0,3.0,3.0,False,1.8603802025318146,8.143214130702876,37.035281461663565
1.0,-29.0,-29.0,False,2.482115939259529,26.403445123083387,21.432586907678125
1.0,-18.0,-18.0,False,1.7071422040462494,16.624814398166933,11.661772455252919
1.0,3.0,3.0,False,2.0288710594177246,10.957171771394489,25.57215130211619
1.0,0.0,0.0,False,1.8603802025318146,8.143214130702876,22.786044313575033
1.0,31.0,31.0,False,3.034048855304718,33.83197402729039,18.055967212124973
1.0,20.0,20.0,False,2.992960512638092,16.45267928661812,24.739668259859712
1.0,26.0,26.0,False,3.3963443338871,7.51863960825613,17.545477603424633
1.0,-41.0,-41.0,False,1.1763822436332703,29.533219658293433,23.36516753878079
1.0,39.0,39.0,False,2.270275831222534,32.69811652589213,8.205016755453665
1.0,-2.0,-2.0,False,1.2968163192272186,24.826470657842346,9.753408765346878
1.0,20.0,20.0,False,2.7141529321670532,8.907436626421944,24.739668259859712
1.0,-28.0,-28.0,False,0.930705800652504,25.538032816716818,33.34853220773684
1.0,27.0,27.0,False,2.3239591121673584,20.181818395828632,33.39893047482026
1.0,32.0,32.0,False,3.7243616580963135,29.30442428775754,15.656702335851163
1.0,33.0,33.0,False,3.310348093509674,9.916925592541663,23.286637920613444
1.0,-26.0,-26.0,False,3.132049411535263,8.128042033064283,17.087926789809142
1.0,1.0,1.0,True,2.0753629207611084,25.4559451250963,2.7524335670596414
1.0,13.0,13.0,False,1.6549068093299866,22.03258840404882,22.19777965697299
1.0,-12.0,-12.0,False,1.1009776890277863,17.989519670996334,17.964341871828744
1.0,-19.0,-19.0,False,3.7950496077537537,17.652512335346852,28.05617863201362
1.0,38.0,38.0,False,1.8995965123176575,19.282092331056585,15.656702335851163
1.0,-60.0,-60.0,False,1.5895408391952515,21.25918380649088,15.189796211377434
1.0,2.0,2.0,False,0.8607585430145264,23.82017197259405,33.67433922904527
1.0,-27.0,-27.0,False,2.7882960438728333,20.33537417733268,12.207675764235274
1.0,57.0,57.0,False,3.5710938572883606,26.09659327931776,17.545477603424633
1.0,16.0,16.0,False,2.8964359164237976,26.09659327931776,22.20779994684309
1.0,19.0,19.0,False,4.570395231246948,17.652512335346852,9.753408765346878
1.0,14.0,14.0,False,1.6461179852485657,35.68200042625056,23.296192673452314
1.0,48.0,48.0,False,2.6353782415390015,19.84249554371024,28.76932234574952
1.0,56.0,56.0,False,2.8975179195404053,29.45493127763379,17.66972412187618
1.0,42.0,42.0,False,2.8791944086551666,19.583554890238315,28.92648151794152
1.0,51.0,51.0,False,2.3531020879745483,35.95620230279203,8.205016755453665
1.0,-21.0,-21.0,False,2.395481824874878,18.925572129423866,32.15142430165799
1.0,35.0,35.0,False,3.4086297750473022,20.87972329435026,22.549584768494217
1.0,-18.0,-18.0,False,1.6799281239509583,17.62794026408365,17.666706600983787
1.0,4.0,4.0,False,1.2968163192272186,24.826470657842346,19.939878889842877
1.0,-36.0,-36.0,False,3.4260037541389465,27.788261086718485,18.948094693424622
1.0,-7.0,-7.0,False,0.8508817702531815,10.79974918780669,28.76932234574952
1.0,-38.0,-38.0,False,2.85295107960701,13.328336939853951,16.318003139111692
1.0,-20.0,-20.0,False,1.5461947321891785,15.149202009782664,22.405336156535423
1.0,-39.0,-39.0,False,2.531366467475891,21.25918380649088,23.601764878860937
1.0,-5.0,-5.0,False,1.8995965123176575,19.282092331056585,23.601764878860937
1.0,-30.0,-30.0,False,3.8368955552577972,18.450413413442885,12.207675764235274
1.0,48.0,48.0,False,4.362847208976746,24.22648473466966,17.5054822781333
1.0,26.0,26.0,False,2.049254983663559,23.413098381285796,23.706947415766667
1.0,16.0,16.0,False,3.639323115348816,18.877777703634294,34.3279674805963
1.0,-37.0,-37.0,False,1.9785938560962677,17.439272445236625,25.57215130211619
1.0,34.0,34.0,False,1.7735437750816345,28.69564432793034,12.004715469846126
1.0,5.0,5.0,False,1.1075152456760406,19.397810005181807,22.667111233484132
1.0,48.0,48.0,False,1.6578553318977356,35.64301821489085,20.566083137893944
1.0,58.0,58.0,False,1.5431808829307556,9.519559500945462,17.545477603424633
1.0,23.0,23.0,False,3.639323115348816,18.877777703634294,19.608684390851902
1.0,-4.0,-4.0,False,1.5431808829307556,9.519559500945462,15.189796211377434
1.0,7.0,7.0,False,3.014680325984955,19.397810005181807,29.05224218333081
1.0,9.0,9.0,False,3.6223358511924744,4.953484266470807,25.94942845356426
1.0,24.0,24.0,False,2.2697450518608093,7.51863960825613,16.67902882188907
1.0,-2.0,-2.0,False,0.9522127211093903,24.325106786981618,16.090010954934346
1.0,-55.0,-55.0,False,4.114123523235321,29.533219658293433,36.3700195258746
1.0,18.0,18.0,False,2.3432028889656067,10.45612177066192,18.055967212124973
1.0,-1.0,-1.0,False,4.570395231246948,35.16230812603524,9.753408765346878
1.0,-35.0,-35.0,False,1.7425355911254883,35.63345680917223,19.59079645945597
1.0,-38.0,-38.0,False,1.1137652397155762,7.389762457099909,37.035281461663565
1.0,1.0,1.0,True,1.631830096244812,13.069226882822766,7.647563880536387
1.0,33.0,33.0,False,2.5438554883003235,28.974636512694783,10.139409537570167
1.0,-40.0,-40.0,False,1.5895408391952515,12.223712352503956,15.189796211377434
1.0,43.0,43.0,False,2.6175689697265625,23.82017197259405,11.650492946690235
1.0,-5.0,-5.0,False,2.391067624092102,12.962174221495438,21.04090161081526
1.0,-36.0,-36.0,False,0.8508817702531815,10.79974918780669,8.872488875480206
1.0,-10.0,-10.0,False,1.1763822436332703,9.916925592541663,23.36516753878079
1.0,13.0,13.0,False,2.2114152312278748,35.68200042625056,9.344867601186419
1.0,-16.0,-16.0,False,2.270275831222534,32.69811652589213,11.77150398076806
1.0,37.0,37.0,False,0.8856760263442993,20.545154363145606,18.055967212124973
1.0,-31.0,-31.0,False,2.4153857231140137,23.67471920841878,21.180271412206373
1.0,-4.0,-4.0,False,3.159904420375824,8.128042033064283,31.176806005860364
1.0,-4.0,-4.0,False,0.959078460931778,35.02351718734399,25.611931515552207
1.0,26.0,26.0,False,3.7243616580963135,29.30442428775754,23.286637920613444
1.0,28.0,28.0,False,3.4086297750473022,8.985981938493188,22.549584768494217
1.0,15.0,15.0,False,1.6578553318977356,35.64301821489085,22.20779994684309
1.0,13.0,13.0,False,1.976272463798523,28.48127245053513,19.32349773948807
1.0,-26.0,-26.0,False,1.5770166516304016,28.843150040657545,23.51126875464974
1.0,8.0,8.0,False,1.7954436540603638,24.384813905545165,24.739668259859712
1.0,18.0,18.0,False,3.094663769006729,4.953484266470807,13.785703739526472
1.0,-8.0,-8.0,False,1.8603802025318146,8.143214130702876,21.04090161081526
1.0,49.0,49.0,False,3.0758352279663086,12.654105035311266,17.827753649897005
1.0,5.0,5.0,False,4.7818639278411865,23.800538590692256,7.849799874056926
1.0,11.0,11.0,False,2.310873508453369,23.668314710733796,29.272632482947095
1.0,-10.0,-10.0,False,1.5461947321891785,27.774074387256324,22.405336156535423
1.0,-34.0,-34.0,False,1.1075152456760406,18.31172225394208,22.667111233484132
1.0,9.0,9.0,False,2.0288710594177246,28.48127245053513,25.57215130211619
1.0,56.0,56.0,False,3.224966049194336,29.118997831286816,19.939878889842877
1.0,-17.0,-17.0,False,2.642868161201477,21.25918380649088,10.578428097866361
1.0,5.0,5.0,False,2.6175689697265625,23.82017197259405,6.897693425418707
1.0,-18.0,-18.0,False,2.2426000237464905,7.355621287688285,28.05618760579378
1.0,38.0,38.0,False,4.350866675376892,13.290779733911918,15.656702335851163
1.0,0.0,0.0,False,3.159904420375824,32.83337319721829,31.176806005860364
1.0,-23.0,-23.0,False,1.9943364262580872,23.07862090015114,12.810013878760461
1.0,-39.0,-39.0,False,1.3028225898742676,8.128042033064283,24.831444510584532
1.0,-49.0,-49.0,False,3.0396704375743866,16.696267671443643,8.598424964658573
1.0,1.0,1.0,True,1.7309250831604004,20.185462423663747,8.598424964658573
1.0,-47.0,-47.0,False,3.112639009952545,2.9829085177218655,15.472497505388723
1.0,9.0,9.0,False,1.376738429069519,15.956772255634165,21.425325990776315
1.0,49.0,49.0,False,1.690717339515686,10.540948132137547,11.407519795009568
1.0,35.0,35.0,False,1.376738429069519,15.956772255634165,33.39893047482026
1.0,-39.0,-39.0,False,3.060185670852661,16.624814398166933,24.496396811862375
1.0,-3.0,-3.0,False,2.393783390522003,27.37562248532525,24.496396811862375
1.0,-15.0,-15.0,False,1.556410312652588,18.495815422437293,13.935948067378915
1.0,-25.0,-25.0,False,2.642868161201477,23.121919168986143,10.578428097866361
1.0,15.0,15.0,False,2.4420506954193115,23.668314710733796,12.004715469846126
1.0,-39.0,-39.0,False,2.0133248567581177,27.87401965688256,24.739668259859712
1.0,1.0,1.0,True,2.2697450518608093,22.068793504143258,16.67902882188907
1.0,21.0,21.0,False,1.6549068093299866,22.03258840404882,11.661772455252919
1.0,30.0,30.0,False,2.2354462146759033,29.30442428775754,19.40622031782402
1.0,23.0,23.0,False,4.1777971386909485,25.21623731761567,19.179454123015287
1.0,-35.0,-35.0,False,2.0288710594177246,13.069226882822766,25.57215130211619
1.0,-16.0,-16.0,False,2.0753629207611084,13.290779733911918,2.7524335670596414
1.0,-5.0,-5.0,False,1.1763822436332703,21.94809228084235,23.36516753878079
1.0,-41.0,-41.0,False,3.748796582221985,18.495815422437293,28.05617863201362
1.0,46.0,46.0,False,4.0234619081020355,25.4559451250963,17.827753649897005
1.0,2.0,2.0,False,1.720358431339264,8.907436626421944,19.466707909335685
1.0,4.0,4.0,False,1.6578553318977356,35.64301821489085,11.77150398076806
1.0,44.0,44.0,False,2.310873508453369,29.45493127763379,29.272632482947095
1.0,61.0,61.0,False,4.1777971386909485,25.21623731761567,17.5054822781333
1.0,0.0,0.0,False,2.526831269264221,25.538032816716818,21.013256884030795
1.0,-33.0,-33.0,False,3.2947436571121216,16.16664895649887,6.897693425418707
1.0,35.0,35.0,False,6.122571408748627,13.839165817655502,10.010453291927558
1.0,30.0,30.0,False,2.5664627254009247,26.403445123083387,11.650492946690235
1.0,-1.0,-1.0,False,1.7391014695167542,33.83197402729039,11.76589738548257
1.0,-36.0,-36.0,False,2.7954235672950745,16.16664895649887,21.775403238235203
1.0,-40.0,-40.0,False,3.2947436571121216,23.121919168986143,6.897693425418707
1.0,-22.0,-22.0,False,2.9082139134407043,25.73803684884532,5.486075808683789
1.0,-43.0,-43.0,False,3.1548267006874084,2.9829085177218655,26.59797012787058
1.0,5.0,5.0,False,3.5101229548454285,20.718453199467273,15.656702335851163
1.0,41.0,41.0,False,3.4312442541122437,21.35464233116776,17.66972412187618
1.0,29.0,29.0,False,2.395481824874878,22.082360943192633,32.15142430165799
1.0,46.0,46.0,False,3.0241456031799316,24.22648473466966,20.658899272980218
1.0,61.0,61.0,False,3.612617641687393,25.21623731761567,20.92012209169198
1.0,27.0,27.0,False,3.132049411535263,19.84249554371024,17.087926789809142
1.0,0.0,0.0,False,0.8508817702531815,10.79974918780669,7.849799874056926
1.0,1.0,1.0,True,2.114328622817993,13.00140901412378,8.872488875480206
1.0,-18.0,-18.0,False,2.463175654411316,35.63345680917223,28.05617863201362
1.0,6.0,6.0,False,2.8623024225234985,23.413098381285796,24.496396811862375
1.0,47.0,47.0,False,2.969773769378662,20.04679681490654,14.91249628570587
1.0,41.0,41.0,False,3.4312442541122437,21.35464233116776,19.608684390851902
1.0,3.0,3.0,False,3.843965172767639,21.94809228084235,37.035281461663565
1.0,-54.0,-54.0,False,2.0753629207611084,8.985981938493188,2.7524335670596414
1.0,9.0,9.0,False,3.19845449924469,26.113776246360285,19.608684390851902
1.0,22.0,22.0,False,3.5800784826278687,12.487750994629483,19.606360458340127
1.0,43.0,43.0,False,2.2114152312278748,35.68200042625056,29.272632482947095
1.0,18.0,18.0,False,1.376738429069519,15.956772255634165,21.775403238235203
1.0,-7.0,-7.0,False,2.569388270378113,8.985981938493188,12.004715469846126
1.0,12.0,12.0,False,3.1292998492717743,19.84249554371024,24.496396811862375
1.0,-7.0,-7.0,False,2.470914304256439,28.48127245053513,31.360814158930864
1.0,-1.0,-1.0,False,0.9522127211093903,24.325106786981618,19.59079645945597
1.0,-13.0,-13.0,False,1.6703471541404724,33.77604813096517,11.613195517153274
1.0,2.0,2.0,False,1.376738429069519,15.956772255634165,15.51539281266074
1.0,16.0,16.0,False,1.1652879118919373,35.64301821489085,26.846448929169505
1.0,4.0,4.0,False,1.6549068093299866,22.03258840404882,28.05617863201362
1.0,-35.0,-35.0,False,2.526831269264221,25.538032816716818,37.035281461663565
1.0,15.0,15.0,False,1.5578313171863556,32.69811652589213,19.092682404335495
1.0,-49.0,-49.0,False,3.1903167366981506,4.269450948645864,28.05618760579378
1.0,-64.0,-64.0,False,2.232003927230835,28.049587277998665,9.943003204326772
1.0,-29.0,-29.0,False,2.0542421340942383,16.10490777340726,17.732120804216624
1.0,14.0,14.0,False,1.1075152456760406,12.654105035311266,22.667111233484132
1.0,-17.0,-17.0,False,5.693401396274567,10.957171771394489,7.075390757091763
1.0,60.0,60.0,False,1.6578553318977356,35.64301821489085,19.606360458340127
1.0,50.0,50.0,False,2.0545459985733032,4.441145138542712,11.650492946690235
1.0,2.0,2.0,False,2.8296436965465546,36.733803689879586,14.058084294785923
1.0,51.0,51.0,False,2.2697450518608093,19.84249554371024,16.67902882188907
1.0,17.0,17.0,False,4.564907491207123,27.121252143811606,20.5486254972604
1.0,-15.0,-15.0,False,2.1148641109466553,27.07784866746714,23.95076414095782
1.0,-15.0,-15.0,False,4.846073091030121,36.9174168139523,18.567051904175674
1.0,-20.0,-20.0,False,3.0915380716323853,36.22503223193981,29.437787745015022
1.0,29.0,29.0,False,2.6300424933433533,27.05771177012852,21.817407181744425
1.0,20.0,20.0,False,5.214527666568756,21.282193648917158,25.368972889366763
1.0,26.0,26.0,False,2.8556943237781525,19.02301318186943,19.05562730311661
1.0,-3.0,-3.0,False,1.693721890449524,26.73956439308969,20.788444478318358
1.0,45.0,45.0,False,2.802595317363739,31.079228829889658,15.610310722156852
1.0,-19.0,-19.0,False,1.6161874532699585,33.55044088969357,32.28414666177528
1.0,3.0,3.0,False,6.274432301521301,5.6303645514295635,14.617232517843892
1.0,-12.0,-12.0,False,1.693721890449524,26.73956439308969,20.26904042212628
1.0,1.0,1.0,True,2.3357265293598175,9.10067495840206,22.144474166067113
1.0,-10.0,-10.0,False,2.0867192149162292,34.74490763723471,30.033788805932687
1.0,23.0,23.0,False,4.249916672706604,24.466936806721463,24.041983202917052
1.0,-29.0,-29.0,False,3.8083856105804443,21.57046609317487,22.14281440414312
1.0,-3.0,-3.0,False,3.9987565875053406,36.39721384179779,33.16086982662987
1.0,23.0,23.0,False,1.3095698952674866,17.415066853958155,10.847282252116429
1.0,-17.0,-17.0,False,2.381385862827301,20.655961165955294,28.32078582578596
1.0,-27.0,-27.0,False,2.942512094974518,29.595140370111633,20.26904042212628
1.0,-19.0,-19.0,False,2.6771644353866577,36.39721384179779,28.32078582578596
1.0,-50.0,-50.0,False,3.3661317229270935,21.57046609317487,16.414502435278198
1.0,-21.0,-21.0,False,3.0952499508857727,13.256999056604643,8.02910588361389
1.0,42.0,42.0,False,1.5523622035980225,19.02301318186943,27.621113499453767
1.0,8.0,8.0,False,2.8776548504829407,28.700959748493066,24.041983202917052
1.0,1.0,1.0,True,1.8850123286247253,28.98652237086219,19.233309160787023
1.0,-16.0,-16.0,False,1.2505881786346436,21.201258510445975,23.74579502827097
1.0,26.0,26.0,False,2.2995298504829407,12.401865917222286,15.610310722156852
1.0,-16.0,-16.0,False,2.8118165731430054,29.7268054205334,24.9454684803689
1.0,-12.0,-12.0,False,1.4838020205497742,30.156644733592874,36.8449636943761
1.0,-20.0,-20.0,False,1.8096380829811096,30.808025723910433,11.837146860915631
1.0,6.0,6.0,False,2.3379055857658386,22.379612963945906,19.05562730311661
1.0,-1.0,-1.0,False,4.968535244464874,16.782579763567572,26.128860772427345
1.0,22.0,22.0,False,1.737861692905426,34.595793266568755,17.774798303846705
1.0,8.0,8.0,False,2.21405565738678,32.23208694362584,32.517633906737096
1.0,-12.0,-12.0,False,2.7292483150959015,36.39721384179779,24.89706868148666
1.0,6.0,6.0,False,1.4029228687286377,14.604023945864268,8.02910588361389
1.0,1.0,1.0,True,3.9060219526290894,24.99639141741908,27.585835791837603
1.0,-46.0,-46.0,False,1.7980916500091553,34.666190810483315,16.412946921871047
1.0,-12.0,-12.0,False,1.4838020205497742,30.156644733592874,17.774798303846705
1.0,16.0,16.0,False,3.147849917411804,27.07784866746714,16.08976361430032
1.0,7.0,7.0,False,3.6415277123451233,22.14004996124392,24.041983202917052
1.0,24.0,24.0,False,1.4029228687286377,14.604023945864268,27.239534100596842
1.0,19.0,19.0,False,3.2032585740089417,8.853686247115013,32.37572752381841
1.0,5.0,5.0,False,1.8096380829811096,29.07095528937375,11.837146860915631
1.0,14.0,14.0,False,2.8048746585845947,31.198916316163587,14.225381834674426
1.0,16.0,16.0,False,1.3095698952674866,14.604023945864268,10.847282252116429
1.0,0.0,0.0,False,1.5414584875106812,17.939255791307154,28.32078582578596
1.0,-27.0,-27.0,False,3.359066069126129,10.486317029759915,27.803852854434137
1.0,24.0,24.0,False,1.853824645280838,19.02301318186943,30.803739219192742
1.0,6.0,6.0,False,2.8048746585845947,31.198916316163587,37.277253696972856
1.0,-24.0,-24.0,False,1.3446778059005737,31.600423257141944,14.225381834674426
1.0,26.0,26.0,False,1.6671611666679382,33.27984438511339,33.16086982662987
1.0,-2.0,-2.0,False,1.6161874532699585,33.55044088969357,14.46781730529335
1.0,-13.0,-13.0,False,0.8644225597381592,20.00868999518675,15.328376977931743
1.0,-14.0,-14.0,False,3.0915380716323853,18.431158908581384,29.437787745015022
1.0,-33.0,-33.0,False,3.089101642370224,19.529976716308465,31.298285023564148
1.0,-27.0,-27.0,False,3.370228111743927,19.372265924311392,28.933942423692475
1.0,7.0,7.0,False,3.6370104551315308,29.07095528937375,11.317243730067492
1.0,-24.0,-24.0,False,1.7980916500091553,36.38743420735488,16.412946921871047
1.0,18.0,18.0,False,1.4029228687286377,14.604023945864268,22.14281440414312
1.0,8.0,8.0,False,3.742890328168869,36.22503223193981,33.16086982662987
1.0,15.0,15.0,False,1.3095698952674866,36.38743420735488,10.847282252116429
1.0,35.0,35.0,False,3.8705562353134155,9.225901787573143,14.46781730529335
1.0,-16.0,-16.0,False,3.523735463619232,5.846312343614905,31.298285023564148
1.0,23.0,23.0,False,3.0952499508857727,13.256999056604643,14.350412587471626
1.0,-14.0,-14.0,False,2.36350679397583,34.020373411198086,32.28414666177528
1.0,25.0,25.0,False,1.5523622035980225,27.05771177012852,27.621113499453767
1.0,30.0,30.0,False,2.097600519657135,20.309863110094593,27.585835791837603
1.0,-20.0,-20.0,False,1.8850123286247253,28.98652237086219,32.28414666177528
1.0,-19.0,-19.0,False,2.6771644353866577,19.529976716308465,28.32078582578596
1.0,15.0,15.0,False,4.067860960960388,5.6303645514295635,32.28414666177528
1.0,-1.0,-1.0,False,3.9987565875053406,36.9174168139523,33.16086982662987
1.0,-1.0,-1.0,False,2.6300424933433533,19.529976716308465,21.817407181744425
1.0,-10.0,-10.0,False,1.435608983039856,28.700959748493066,34.999626648137735
1.0,-4.0,-4.0,False,1.3446778059005737,31.600423257141944,27.621113499453767
1.0,17.0,17.0,False,3.8705562353134155,9.225901787573143,6.360104980561998
1.0,6.0,6.0,False,2.6749958992004395,14.952691561197817,24.816810906039933
1.0,-30.0,-30.0,False,1.3676021099090576,36.39721384179779,33.91104989246971
1.0,27.0,27.0,False,1.3095698952674866,20.309863110094593,10.847282252116429
1.0,-22.0,-22.0,False,3.359066069126129,10.037718211613232,27.803852854434137
1.0,-18.0,-18.0,False,3.5717800855636597,36.39721384179779,23.74579502827097
1.0,-39.0,-39.0,False,3.008801579475403,21.499493615153074,32.36728555681502
1.0,0.0,0.0,False,3.523735463619232,5.6303645514295635,31.298285023564148
1.0,-19.0,-19.0,False,4.507207989692688,21.282193648917158,11.317243730067492
1.0,-22.0,-22.0,False,2.6771644353866577,10.486317029759915,28.32078582578596
1.0,-10.0,-10.0,False,1.2505881786346436,21.201258510445975,24.89706868148666
1.0,0.0,0.0,False,3.9060219526290894,24.99639141741908,22.14281440414312
1.0,-30.0,-30.0,False,2.51491916179657,26.08282344266922,24.9454684803689
1.0,18.0,18.0,False,2.21405565738678,20.00868999518675,32.517633906737096
1.0,-28.0,-28.0,False,0.8644225597381592,34.595793266568755,15.328376977931743
1.0,36.0,36.0,False,2.5602592825889587,25.59263427687225,25.488668654263716
1.0,-15.0,-15.0,False,2.381385862827301,20.655961165955294,7.421538656544114
1.0,8.0,8.0,False,1.435608983039856,36.9174168139523,34.999626648137735
1.0,27.0,27.0,False,2.6300424933433533,17.415066853958155,21.817407181744425
1.0,-23.0,-23.0,False,1.3446778059005737,31.600423257141944,16.414502435278198
1.0,24.0,24.0,False,2.3357265293598175,9.10067495840206,20.5486254972604
1.0,6.0,6.0,False,1.9787245988845825,13.341672784794762,20.26904042212628
1.0,-13.0,-13.0,False,4.626200199127197,18.431158908581384,14.617232517843892
1.0,31.0,31.0,False,3.3271836638450623,21.282193648917158,33.74878153544144
1.0,-14.0,-14.0,False,3.0915380716323853,5.846312343614905,29.437787745015022
1.0,-21.0,-21.0,False,4.655072450637817,10.486317029759915,20.788444478318358
1.0,-4.0,-4.0,False,1.0141166746616364,34.74490763723471,4.907275050289056
1.0,-14.0,-14.0,False,1.8850123286247253,28.98652237086219,24.89706868148666
1.0,0.0,0.0,False,4.919852674007416,10.486317029759915,27.239534100596842
1.0,-4.0,-4.0,False,4.507207989692688,5.846312343614905,11.317243730067492
1.0,-6.0,-6.0,False,3.0952499508857727,13.256999056604643,26.128860772427345
1.0,7.0,7.0,False,2.36350679397583,34.020373411198086,27.239534100596842
1.0,-16.0,-16.0,False,1.9975245893001556,29.027391125924364,14.464960578366309
1.0,-11.0,-11.0,False,2.051060140132904,30.068827464817243,14.464960578366309
1.0,7.0,7.0,False,2.0867192149162292,34.74490763723471,24.79160041693376
1.0,27.0,27.0,False,1.6837970614433289,8.964024591523687,24.79160041693376
1.0,-13.0,-13.0,False,2.3357265293598175,9.10067495840206,30.033788805932687
1.0,-12.0,-12.0,False,3.359066069126129,20.00868999518675,27.803852854434137
1.0,-49.0,-49.0,False,1.853824645280838,10.353118434066833,30.803739219192742
1.0,-8.0,-8.0,False,4.961561143398285,5.846312343614905,15.68870472936517
1.0,16.0,16.0,False,3.8837311267852783,27.07784866746714,14.46781730529335
1.0,15.0,15.0,False,2.6313802003860474,34.6587785463996,15.610310722156852
1.0,-3.0,-3.0,False,1.8850123286247253,28.98652237086219,21.156613683462425
1.0,-22.0,-22.0,False,4.919852674007416,10.486317029759915,27.07167380516996
1.0,16.0,16.0,False,1.662504494190216,27.733869521141884,22.80838243086407
1.0,35.0,35.0,False,5.365541696548462,5.846312343614905,25.368972889366763
1.0,1.0,1.0,True,2.36350679397583,34.020373411198086,34.26696668956147
1.0,-29.0,-29.0,False,3.0915380716323853,10.287845247021368,29.437787745015022
1.0,2.0,2.0,False,1.5414584875106812,17.939255791307154,7.421538656544114
1.0,-11.0,-11.0,False,2.8137171268463135,30.24537976503763,20.364963235913233
1.0,67.0,67.0,False,1.6837970614433289,8.964024591523687,24.041983202917052
1.0,4.0,4.0,False,1.435608983039856,28.98652237086219,34.999626648137735
1.0,-26.0,-26.0,False,1.7315236926078796,30.323754806930165,22.80838243086407
1.0,28.0,28.0,False,1.3095698952674866,11.565258624940801,10.847282252116429
1.0,-2.0,-2.0,False,2.1148641109466553,27.05771177012852,23.95076414095782
1.0,-18.0,-18.0,False,1.3446778059005737,31.600423257141944,28.32078582578596
1.0,3.0,3.0,False,3.389844298362732,1.7556334149657042,24.816810906039933
1.0,-15.0,-15.0,False,2.8118165731430054,24.99639141741908,24.9454684803689
1.0,-17.0,-17.0,False,2.8137171268463135,27.121252143811606,20.364963235913233
1.0,-10.0,-10.0,False,1.5523622035980225,8.853686247115013,27.621113499453767
1.0,15.0,15.0,False,3.250133991241455,26.70698297174589,25.488668654263716
1.0,-1.0,-1.0,False,3.3163111209869385,10.287845247021368,33.16086982662987
1.0,-6.0,-6.0,False,4.961561143398285,30.068827464817243,15.68870472936517
1.0,11.0,11.0,False,1.7315236926078796,20.00868999518675,22.80838243086407
1.0,-33.0,-33.0,False,2.422192394733429,34.595793266568755,14.617232517843892
1.0,-57.0,-57.0,False,2.518612504005432,10.353118434066833,29.437787745015022
1.0,56.0,56.0,False,2.547255516052246,20.759658220303823,14.350412587471626
1.0,-8.0,-8.0,False,1.662504494190216,27.733869521141884,15.68870472936517
1.0,-18.0,-18.0,False,1.9975245893001556,29.027391125924364,23.95076414095782
1.0,-8.0,-8.0,False,1.662504494190216,27.733869521141884,27.104905873177255
1.0,-18.0,-18.0,False,1.4029228687286377,14.604023945864268,32.36728555681502
1.0,-27.0,-27.0,False,4.589605271816254,30.323754806930165,27.585835791837603
1.0,-27.0,-27.0,False,4.876118004322052,19.372265924311392,15.68870472936517
1.0,0.0,0.0,False,1.3057734668254852,29.595140370111633,27.325824062698757
1.0,12.0,12.0,False,2.6313802003860474,34.6587785463996,21.87139514102928
1.0,45.0,45.0,False,1.737861692905426,36.38743420735488,17.774798303846705
1.0,19.0,19.0,False,2.2995298504829407,12.401865917222286,33.16086982662987
1.0,-1.0,-1.0,False,2.0867192149162292,34.74490763723471,16.414502435278198
1.0,-7.0,-7.0,False,2.6313802003860474,34.6587785463996,23.74579502827097
1.0,18.0,18.0,False,1.6837970614433289,8.964024591523687,14.225381834674426
1.0,58.0,58.0,False,1.6671611666679382,33.27984438511339,14.350412587471626
1.0,5.0,5.0,False,2.2995298504829407,12.401865917222286,18.567051904175674
1.0,-3.0,-3.0,False,3.3344132900238037,29.595140370111633,21.474041637845357
1.0,4.0,4.0,False,3.089101642370224,19.529976716308465,20.5486254972604
1.0,-39.0,-39.0,False,2.51491916179657,26.08282344266922,20.26904042212628
1.0,-21.0,-21.0,False,1.5523622035980225,28.700959748493066,27.621113499453767
1.0,-4.0,-4.0,False,1.693721890449524,26.73956439308969,6.360104980561998
1.0,21.0,21.0,False,2.8048746585845947,31.198916316163587,20.788444478318358
1.0,-26.0,-26.0,False,2.312209904193878,16.782579763567572,27.104905873177255
1.0,3.0,3.0,False,1.435608983039856,10.486317029759915,34.999626648137735
1.0,27.0,27.0,False,1.737861692905426,10.037718211613232,17.774798303846705
1.0,-26.0,-26.0,False,3.069265604019165,34.666190810483315,16.414502435278198
1.0,38.0,38.0,False,4.4131786823272705,27.121252143811606,36.8449636943761
1.0,-32.0,-32.0,False,3.0205573439598083,20.237491936119504,28.25692076854058
1.0,33.0,33.0,False,2.36350679397583,34.020373411198086,33.74878153544144
1.0,41.0,41.0,False,4.442723453044891,27.07784866746714,24.041983202917052
1.0,16.0,16.0,False,1.662504494190216,27.733869521141884,16.08976361430032
1.0,26.0,26.0,False,3.6370104551315308,29.07095528937375,27.585835791837603
1.0,37.0,37.0,False,1.7181384563446045,11.565258624940801,25.488668654263716
1.0,-23.0,-23.0,False,3.370228111743927,21.282193648917158,28.933942423692475
1.0,35.0,35.0,False,3.2032585740089417,36.22503223193981,32.37572752381841
1.0,35.0,35.0,False,2.6749958992004395,14.952691561197817,25.488668654263716
1.0,26.0,26.0,False,2.0867192149162292,34.74490763723471,19.233309160787023
1.0,-7.0,-7.0,False,1.3676021099090576,28.895855460585906,33.91104989246971
1.0,13.0,13.0,False,4.564907491207123,27.121252143811606,26.128860772427345
1.0,7.0,7.0,False,3.6370104551315308,29.07095528937375,19.05562730311661
1.0,27.0,27.0,False,5.445165991783142,27.05771177012852,22.14281440414312
1.0,15.0,15.0,False,4.726514101028442,20.00868999518675,27.239534100596842
1.0,-5.0,-5.0,False,4.0065173506736755,20.00868999518675,7.421538656544114
1.0,58.0,58.0,False,1.737861692905426,13.341672784794762,17.774798303846705
1.0,-25.0,-25.0,False,1.8096380829811096,19.372265924311392,11.837146860915631
1.0,20.0,20.0,False,2.7509958744049072,28.895855460585906,32.27014619125668
1.0,-40.0,-40.0,False,1.8610373139381409,6.24300053616689,28.32078582578596
1.0,57.0,57.0,False,3.4609686732292175,29.07095528937375,14.350412587471626
1.0,13.0,13.0,False,2.6749958992004395,14.952691561197817,32.28414666177528
1.0,-2.0,-2.0,False,4.77081498503685,27.07784866746714,6.360104980561998
1.0,-21.0,-21.0,False,2.422192394733429,34.595793266568755,23.74579502827097
1.0,-58.0,-58.0,False,1.4838020205497742,30.156644733592874,11.317243730067492
1.0,8.0,8.0,False,2.7716469764709473,23.19122309240564,32.28414666177528
1.0,-4.0,-4.0,False,1.402475893497467,27.733869521141884,8.715473174547094
1.0,-16.0,-16.0,False,4.115122675895691,37.22768993611793,24.816810906039933
1.0,37.0,37.0,False,1.7181384563446045,11.565258624940801,20.5486254972604
1.0,31.0,31.0,False,2.097600519657135,20.309863110094593,21.156613683462425
1.0,-2.0,-2.0,False,1.402475893497467,30.24537976503763,8.715473174547094
1.0,-40.0,-40.0,False,1.4838020205497742,30.156644733592874,21.474041637845357
1.0,1.0,1.0,True,4.846073091030121,36.9174168139523,21.156613683462425
1.0,7.0,7.0,False,3.9060219526290894,24.99639141741908,20.5486254972604
1.0,12.0,12.0,False,1.693721890449524,26.73956439308969,32.27014619125668
1.0,24.0,24.0,False,3.2032585740089417,36.39721384179779,32.37572752381841
1.0,-47.0,-47.0,False,2.518612504005432,10.353118434066833,11.317243730067492
1.0,-16.0,-16.0,False,3.7174105644226074,29.7268054205334,20.788444478318358
1.0,-34.0,-34.0,False,1.8850123286247253,28.98652237086219,23.95076414095782
1.0,65.0,65.0,False,1.339198112487793,33.38764155567457,17.774798303846705
1.0,12.0,12.0,False,1.693721890449524,26.73956439308969,33.16086982662987
1.0,-10.0,-10.0,False,1.3095698952674866,28.817555279890943,10.847282252116429
1.0,43.0,43.0,False,3.2032585740089417,30.24537976503763,32.37572752381841
1.0,-3.0,-3.0,False,2.2995298504829407,12.401865917222286,28.933942423692475
1.0,27.0,27.0,False,3.069265604019165,34.666190810483315,33.74878153544144
1.0,21.0,21.0,False,1.9787245988845825,13.341672784794762,24.89706868148666
1.0,51.0,51.0,False,2.547255516052246,20.759658220303823,32.37572752381841
1.0,-7.0,-7.0,False,3.0952499508857727,13.256999056604643,16.08976361430032
1.0,3.0,3.0,False,1.0141166746616364,27.05771177012852,4.907275050289056
1.0,-28.0,-28.0,False,3.7174105644226074,29.7268054205334,14.617232517843892
1.0,18.0,18.0,False,1.5523622035980225,28.895855460585906,27.621113499453767
1.0,-23.0,-23.0,False,2.9852043986320496,29.7268054205334,14.225381834674426
1.0,-1.0,-1.0,False,3.8083856105804443,21.57046609317487,36.8449636943761
1.0,14.0,14.0,False,1.7181384563446045,11.565258624940801,6.360104980561998
1.0,18.0,18.0,False,3.8705562353134155,9.225901787573143,32.28414666177528
1.0,17.0,17.0,False,2.8556943237781525,19.02301318186943,14.617232517843892
1.0,26.0,26.0,False,1.6837970614433289,8.964024591523687,7.421538656544114
1.0,1.0,1.0,True,3.5717800855636597,30.068827464817243,23.74579502827097
1.0,-7.0,-7.0,False,3.9118656516075134,17.876570732622273,37.277253696972856
1.0,6.0,6.0,False,5.350938379764557,25.896567528879807,22.14281440414312
1.0,46.0,46.0,False,1.6837970614433289,8.964024591523687,19.233309160787023
1.0,31.0,31.0,False,1.5053857266902924,26.69670578711975,33.74878153544144
1.0,9.0,9.0,False,1.3057734668254852,25.896567528879807,27.325824062698757
1.0,-26.0,-26.0,False,1.8850123286247253,28.98652237086219,16.414502435278198
1.0,24.0,24.0,False,2.547255516052246,20.759658220303823,32.27014619125668
1.0,-8.0,-8.0,False,3.3344132900238037,8.853686247115013,21.474041637845357
1.0,-4.0,-4.0,False,1.853824645280838,30.24537976503763,30.803739219192742
1.0,-18.0,-18.0,False,3.9259982109069824,29.595140370111633,32.28414666177528
1.0,-32.0,-32.0,False,1.3446778059005737,31.600423257141944,30.033788805932687
1.0,-7.0,-7.0,False,3.041105628013611,17.876570732622273,30.033788805932687
1.0,5.0,5.0,False,2.097600519657135,20.309863110094593,20.26904042212628
1.0,-42.0,-42.0,False,2.051060140132904,26.08282344266922,14.464960578366309
1.0,-16.0,-16.0,False,1.3446778059005737,31.600423257141944,7.421538656544114
1.0,23.0,23.0,False,4.4131786823272705,20.237491936119504,36.8449636943761
1.0,57.0,57.0,False,3.2032585740089417,5.6303645514295635,32.37572752381841
1.0,-2.0,-2.0,False,1.3057734668254852,34.666190810483315,27.325824062698757
1.0,19.0,19.0,False,1.3057734668254852,17.939255791307154,27.325824062698757
1.0,-16.0,-16.0,False,3.5717800855636597,10.037718211613232,23.74579502827097
1.0,-22.0,-22.0,False,1.402475893497467,16.782579763567572,8.715473174547094
1.0,-1.0,-1.0,False,1.3057734668254852,33.55044088969357,27.325824062698757
1.0,28.0,28.0,False,3.6370104551315308,29.07095528937375,25.207474656626218
1.0,26.0,26.0,False,1.435608983039856,9.10067495840206,34.999626648137735
1.0,29.0,29.0,False,2.097600519657135,20.309863110094593,34.26696668956147
1.0,0.0,0.0,False,3.7174105644226074,29.7268054205334,27.585835791837603
1.0,-14.0,-14.0,False,3.742890328168869,36.22503223193981,15.68870472936517
1.0,8.0,8.0,False,2.21405565738678,10.037718211613232,32.517633906737096
1.0,52.0,52.0,False,3.3055011332035065,17.415066853958155,24.041983202917052
1.0,-3.0,-3.0,False,2.547255516052246,20.759658220303823,20.364963235913233
1.0,16.0,16.0,False,2.0129697918891907,29.923454239008823,17.103868603480883
1.0,11.0,11.0,False,1.6847675740718842,13.784381156094978,22.22948558069741
1.0,-39.0,-39.0,False,2.861171841621399,25.92845440972895,21.123113333517736
1.0,18.0,18.0,False,2.1892183423042297,20.32312391192729,27.172942602891066
1.0,-11.0,-11.0,False,2.387943744659424,17.430522767028094,19.177254715595215
1.0,-7.0,-7.0,False,2.169079750776291,27.352446301282647,18.088919882678805
1.0,-53.0,-53.0,False,3.135703146457672,21.90884068471014,20.30899627985144
1.0,31.0,31.0,False,1.824324607849121,13.644027722511993,31.61732003665157
1.0,2.0,2.0,False,4.072222650051117,25.79547340841524,5.858690064133631
1.0,25.0,25.0,False,3.3726610839366913,32.69666169184578,24.457393500376842
1.0,38.0,38.0,False,3.5192887783050537,18.743240485877514,6.325574874385337
1.0,-40.0,-40.0,False,2.2747095227241516,27.260830887847142,10.975431618860185
1.0,-4.0,-4.0,False,1.67342609167099,35.6753538610048,5.9086676599403525
1.0,41.0,41.0,False,2.206324875354767,16.6767210705607,30.66906221680573
1.0,-6.0,-6.0,False,3.296020209789276,15.68662788429011,12.45885336735725
1.0,26.0,26.0,False,1.1156711876392365,35.6753538610048,9.767656429337697
1.0,-41.0,-41.0,False,2.387943744659424,15.60554856147457,19.177254715595215
1.0,29.0,29.0,False,2.4065297842025757,37.05699495083724,24.457393500376842
1.0,27.0,27.0,False,4.601400256156921,15.279468143853476,5.465180894487634
1.0,71.0,71.0,False,2.2887845039367676,9.824894554601245,13.783839114471794
1.0,-5.0,-5.0,False,2.935213267803192,19.642369255843608,24.350919771937136
1.0,-46.0,-46.0,False,4.023748219013214,6.956510598235953,13.738662345661448
1.0,40.0,40.0,False,2.071891486644745,11.206725793493792,12.318934777827334
1.0,-13.0,-13.0,False,2.2747095227241516,15.279468143853476,10.975431618860185
1.0,12.0,12.0,False,2.4970897436141968,8.660856212638478,11.595908444748803
1.0,24.0,24.0,False,3.3726610839366913,25.92845440972895,24.457393500376842
1.0,-16.0,-16.0,False,1.30422642827034,32.44464163542472,13.15124159053508
1.0,4.0,4.0,False,1.30422642827034,8.223319230342668,13.15124159053508
1.0,12.0,12.0,False,3.9096407890319824,34.323262067724954,28.36885017600886
1.0,8.0,8.0,False,2.2887845039367676,9.824894554601245,13.738662345661448
1.0,-53.0,-53.0,False,2.7933056950569153,11.324183884744965,30.76665145223399
1.0,10.0,10.0,False,3.5597676038742065,35.843823433678594,7.899419314132418
1.0,45.0,45.0,False,1.2128764241933823,10.918592928546547,22.13426439106034
1.0,36.0,36.0,False,2.329282760620117,4.481852602910032,21.92385737835604
1.0,-1.0,-1.0,False,0.5283001884818077,14.617566558962983,13.040404692378823
1.0,18.0,18.0,False,4.728456288576126,17.338763343201425,16.807123310044627
1.0,35.0,35.0,False,5.397716760635376,35.166991631571776,5.465180894487634
1.0,4.0,4.0,False,2.5152156949043274,33.34571068959767,30.76665145223399
1.0,-49.0,-49.0,False,5.280986726284027,22.624142878193208,10.757752085220359
1.0,13.0,13.0,False,2.0967530012130737,16.905378336831916,32.53754134818523
1.0,45.0,45.0,False,2.935213267803192,19.642369255843608,18.93892168304736
1.0,-35.0,-35.0,False,3.135703146457672,11.324183884744965,20.30899627985144
1.0,32.0,32.0,False,3.308484733104706,25.635594276041335,24.888026828065964
1.0,40.0,40.0,False,2.935213267803192,19.642369255843608,29.442352478119012
1.0,-9.0,-9.0,False,1.67342609167099,35.6753538610048,24.74098496063788
1.0,-9.0,-9.0,False,2.329282760620117,23.60713553773772,21.92385737835604
1.0,25.0,25.0,False,1.2982112765312195,9.307142162918954,24.894477694537755
1.0,12.0,12.0,False,2.5040205121040344,9.183586480816455,36.58726713773066
1.0,-33.0,-33.0,False,1.945082277059555,22.38290802567421,24.74098496063788
1.0,8.0,8.0,False,1.0084461867809296,8.223319230342668,28.39974375662921
1.0,-27.0,-27.0,False,1.540235161781311,4.734114032263185,2.874923870903153
1.0,15.0,15.0,False,3.4038726091384888,8.33280175103024,15.136872510559767
1.0,0.0,0.0,False,4.981656730175018,17.338763343201425,10.757752085220359
1.0,20.0,20.0,False,3.308484733104706,22.793596770616414,24.888026828065964
1.0,46.0,46.0,False,6.050238609313965,29.668123591648676,5.465180894487634
1.0,-38.0,-38.0,False,2.5294495820999146,27.407492249541754,35.63678559892133
1.0,20.0,20.0,False,1.9543041288852692,35.33073143705864,22.22948558069741
1.0,-19.0,-19.0,False,4.928486883640289,27.260830887847142,12.675255339870207
1.0,18.0,18.0,False,1.824324607849121,13.644027722511993,21.92385737835604
1.0,-18.0,-18.0,False,2.448296844959259,30.64076549569794,35.63678559892133
1.0,-29.0,-29.0,False,3.1056050658226013,26.54352680037906,21.73719561968628
1.0,-22.0,-22.0,False,2.9949169158935547,21.41289191123986,15.136872510559767
1.0,-29.0,-29.0,False,2.5101314783096313,25.92845440972895,11.750893741462583
1.0,-5.0,-5.0,False,1.0084461867809296,11.047435956684295,28.39974375662921
1.0,-23.0,-23.0,False,2.6447466611862183,15.858357273764621,34.02618758674762
1.0,28.0,28.0,False,2.448296844959259,30.64076549569794,23.582378552343595
1.0,22.0,22.0,False,1.0544519126415253,32.03791208348237,19.83002820511667
1.0,-24.0,-24.0,False,2.9905937910079956,18.67615687860847,22.708619179516027
1.0,36.0,36.0,False,3.291223645210266,31.2104161530495,5.465180894487634
1.0,24.0,24.0,False,3.0015558004379272,24.630074457450206,7.899419314132418
1.0,-19.0,-19.0,False,2.684738278388977,27.260830887847142,22.76304587768066
1.0,-27.0,-27.0,False,4.287232339382172,21.90884068471014,11.78656970466098
1.0,2.0,2.0,False,1.6927593350410461,15.858357273764621,10.010070498405925
1.0,48.0,48.0,False,3.2336122393608093,29.668123591648676,20.602776038513937
1.0,-13.0,-13.0,False,3.308484733104706,18.196116919812113,24.888026828065964
1.0,-22.0,-22.0,False,1.7982127666473389,36.01678017441426,10.757752085220359
1.0,10.0,10.0,False,1.0544519126415253,14.59915384557944,19.83002820511667
1.0,-51.0,-51.0,False,3.296020209789276,25.79547340841524,12.45885336735725
1.0,-5.0,-5.0,False,1.67342609167099,35.6753538610048,17.103868603480883
1.0,31.0,31.0,False,1.4266581237316132,19.865527024746847,9.872231010738886
1.0,30.0,30.0,False,3.7850303053855896,15.101617188411387,30.461338131567466
1.0,24.0,24.0,False,3.143414556980133,22.248410821803972,16.276325791790896
1.0,8.0,8.0,False,2.954469174146652,28.547548617060922,16.807123310044627
1.0,47.0,47.0,False,4.237655997276306,29.923454239008823,7.899419314132418
1.0,-23.0,-23.0,False,3.756829261779785,27.260830887847142,32.37434441038926
1.0,23.0,23.0,False,1.2128764241933823,26.91219869286402,22.13426439106034
1.0,0.0,0.0,False,2.684738278388977,26.973747435753978,22.76304587768066
1.0,58.0,58.0,False,2.598024308681488,15.101617188411387,23.048390194498644
1.0,-9.0,-9.0,False,1.0084461867809296,35.6753538610048,28.39974375662921
1.0,14.0,14.0,False,1.945082277059555,29.668123591648676,24.74098496063788
1.0,8.0,8.0,False,4.601400256156921,15.279468143853476,12.675255339870207
1.0,2.0,2.0,False,3.4332969784736633,4.481852602910032,10.757752085220359
1.0,-8.0,-8.0,False,2.0556656420230865,16.720532473796265,13.24563814739179
1.0,0.0,0.0,False,3.5597676038742065,35.843823433678594,19.636446099316878
1.0,40.0,40.0,False,2.965057611465454,22.83619151592413,19.502515288279614
1.0,14.0,14.0,False,3.5564870834350586,23.554066107352128,5.9086676599403525
1.0,35.0,35.0,False,2.9956433176994324,16.06220372739439,11.78656970466098
1.0,-37.0,-37.0,False,4.720672905445099,23.60713553773772,19.048219653662706
1.0,3.0,3.0,False,1.0084461867809296,35.166991631571776,28.39974375662921
1.0,26.0,26.0,False,1.7593196034431458,26.321887663541897,23.048390194498644
1.0,-3.0,-3.0,False,2.4023587107658386,6.956510598235953,18.60669612740499
1.0,-1.0,-1.0,False,5.280986726284027,23.554066107352128,10.757752085220359
1.0,25.0,25.0,False,3.4332969784736633,4.481852602910032,12.675255339870207
1.0,43.0,43.0,False,2.954469174146652,28.547548617060922,22.228267042504473
1.0,-18.0,-18.0,False,2.5635184347629547,14.59915384557944,16.807123310044627
1.0,3.0,3.0,False,3.9190537333488464,27.260830887847142,3.366304286174846
1.0,-12.0,-12.0,False,2.448296844959259,30.64076549569794,30.76665145223399
1.0,58.0,58.0,False,3.8996469974517822,15.68662788429011,32.53754134818523
1.0,-21.0,-21.0,False,3.4626773595809937,11.324183884744965,28.36885017600886
1.0,-39.0,-39.0,False,1.945082277059555,22.624142878193208,24.74098496063788
1.0,-47.0,-47.0,False,2.1430044174194336,22.624142878193208,28.76105386280754
1.0,-8.0,-8.0,False,4.127568960189819,22.38290802567421,19.636446099316878
1.0,-10.0,-10.0,False,2.329282760620117,26.54352680037906,21.92385737835604
1.0,-19.0,-19.0,False,2.954469174146652,28.547548617060922,12.45885336735725
1.0,-51.0,-51.0,False,2.75434872508049,21.90884068471014,33.13051487341523
1.0,4.0,4.0,False,0.5283001884818077,14.617566558962983,15.890040324059727
1.0,6.0,6.0,False,2.7933056950569153,29.668123591648676,30.76665145223399
1.0,21.0,21.0,False,3.2277570366859436,27.407492249541754,32.53754134818523
1.0,2.0,2.0,False,3.147463798522949,4.481852602910032,24.350919771937136
1.0,73.0,73.0,False,3.753319561481476,15.68662788429011,10.648497146808825
1.0,-4.0,-4.0,False,3.565295159816742,25.92845440972895,17.839974399770664
1.0,11.0,11.0,False,1.6847675740718842,13.784381156094978,12.318934777827334
1.0,-17.0,-17.0,False,1.8332285284996033,26.398585129161642,10.757752085220359
1.0,24.0,24.0,False,1.0084461867809296,22.248410821803972,28.39974375662921
1.0,28.0,28.0,False,3.2925080955028534,22.793596770616414,29.442352478119012
1.0,-14.0,-14.0,False,2.329282760620117,37.05699495083724,21.92385737835604
1.0,-13.0,-13.0,False,2.4802903532981873,30.144939614110672,2.874923870903153
1.0,38.0,38.0,False,1.8332285284996033,26.398585129161642,10.01112967077923
1.0,4.0,4.0,False,2.954469174146652,28.547548617060922,9.437834070621292
1.0,-21.0,-21.0,False,2.75434872508049,23.60713553773772,33.13051487341523
1.0,-22.0,-22.0,False,1.9543041288852692,15.60554856147457,22.22948558069741
1.0,-30.0,-30.0,False,1.5261220335960388,22.38290802567421,13.296179460742033
1.0,-3.0,-3.0,False,1.8332285284996033,26.398585129161642,27.172942602891066
1.0,31.0,31.0,False,2.5770567059516907,35.33073143705864,28.36885017600886
1.0,-5.0,-5.0,False,1.1156711876392365,18.196116919812113,9.767656429337697
1.0,12.0,12.0,False,2.4023587107658386,22.38290802567421,18.60669612740499
1.0,-27.0,-27.0,False,1.6927593350410461,31.568709021469765,10.010070498405925
1.0,17.0,17.0,False,3.135703146457672,7.648462998812353,20.30899627985144
1.0,22.0,22.0,False,2.598024308681488,26.973747435753978,23.048390194498644
1.0,14.0,14.0,False,3.4769829511642456,25.635594276041335,32.37434441038926
1.0,-18.0,-18.0,False,2.0556656420230865,6.956510598235953,13.24563814739179
1.0,31.0,31.0,False,2.9950031638145447,8.660856212638478,6.325574874385337
1.0,23.0,23.0,False,1.7982127666473389,36.01678017441426,7.367331704663039
1.0,45.0,45.0,False,1.0544519126415253,9.307142162918954,19.83002820511667
1.0,0.0,0.0,False,3.408350706100464,22.793596770616414,30.461338131567466
1.0,19.0,19.0,False,1.9543041288852692,9.824894554601245,22.22948558069741
1.0,-22.0,-22.0,False,2.5635184347629547,14.59915384557944,21.123113333517736
1.0,-24.0,-24.0,False,2.5101314783096313,16.720532473796265,11.750893741462583
1.0,3.0,3.0,False,1.1156711876392365,16.905378336831916,9.767656429337697
1.0,15.0,15.0,False,2.988057851791382,13.409309376022858,36.58726713773066
1.0,-13.0,-13.0,False,2.5635184347629547,14.59915384557944,23.901222508180602
1.0,45.0,45.0,False,3.4769829511642456,25.635594276041335,18.93892168304736
1.0,1.0,1.0,True,2.5040205121040344,9.183586480816455,23.048390194498644
1.0,-42.0,-42.0,False,1.2088502645492554,19.541620391378807,24.74098496063788
1.0,30.0,30.0,False,3.308484733104706,35.166991631571776,24.888026828065964
1.0,5.0,5.0,False,2.7933056950569153,15.68662788429011,30.76665145223399
1.0,16.0,16.0,False,2.5152156949043274,33.34571068959767,27.172942602891066
1.0,13.0,13.0,False,1.0084461867809296,15.68662788429011,28.39974375662921
1.0,32.0,32.0,False,3.469283878803253,24.74960868217838,28.36885017600886
1.0,-15.0,-15.0,False,3.0523241460323334,15.993903190591706,10.757752085220359
1.0,-22.0,-22.0,False,2.5635184347629547,14.59915384557944,27.172942602891066
1.0,-10.0,-10.0,False,3.107409358024597,27.656551380993815,6.325574874385337
1.0,44.0,44.0,False,1.2128764241933823,4.481852602910032,22.13426439106034
1.0,-16.0,-16.0,False,1.7982127666473389,36.01678017441426,29.90964794088205
1.0,40.0,40.0,False,1.1156711876392365,25.635594276041335,9.767656429337697
1.0,4.0,4.0,False,3.147463798522949,29.668123591648676,24.350919771937136
1.0,42.0,42.0,False,3.565295159816742,35.166991631571776,17.839974399770664
1.0,39.0,39.0,False,2.5635184347629547,14.59915384557944,13.783839114471794
1.0,-20.0,-20.0,False,2.112702190876007,20.225622598050222,12.45885336735725
1.0,2.0,2.0,False,2.4256690740585327,18.196116919812113,14.64685785753644
1.0,-13.0,-13.0,False,2.5451010316610336,28.547548617060922,17.447460761495517
1.0,-6.0,-6.0,False,3.0015558004379272,24.630074457450206,21.73719561968628
1.0,8.0,8.0,False,2.6297053694725037,11.047435956684295,22.76304587768066
1.0,21.0,21.0,False,3.9096407890319824,34.323262067724954,9.872231010738886
1.0,45.0,45.0,False,4.036521911621094,29.923454239008823,9.872231010738886
1.0,19.0,19.0,False,2.2236387729644775,26.973747435753978,15.562997710453976
1.0,-24.0,-24.0,False,4.728456288576126,27.260830887847142,16.807123310044627
1.0,58.0,58.0,False,4.864805698394775,22.248410821803972,5.858690064133631
1.0,-53.0,-53.0,False,2.1430044174194336,11.324183884744965,28.76105386280754
1.0,25.0,25.0,False,2.5152156949043274,33.34571068959767,12.675255339870207
1.0,24.0,24.0,False,2.9528762698173523,32.44464163542472,11.78656970466098
1.0,9.0,9.0,False,3.8996469974517822,15.68662788429011,4.450873625648581
1.0,-7.0,-7.0,False,2.9528762698173523,32.44464163542472,27.418094402655203
1.0,-34.0,-34.0,False,2.2542691826820374,15.60554856147457,18.088919882678805
1.0,-6.0,-6.0,False,2.169079750776291,27.352446301282647,13.738662345661448
1.0,13.0,13.0,False,1.945082277059555,8.33280175103024,24.74098496063788
1.0,-30.0,-30.0,False,3.756829261779785,22.624142878193208,32.37434441038926
1.0,15.0,15.0,False,3.1740484833717346,8.223319230342668,30.461338131567466
1.0,6.0,6.0,False,1.4266581237316132,19.865527024746847,26.15389980390492
1.0,-39.0,-39.0,False,3.7805986404418945,15.60554856147457,4.450873625648581
1.0,-29.0,-29.0,False,2.988057851791382,13.409309376022858,15.136872510559767
1.0,35.0,35.0,False,2.448296844959259,30.64076549569794,17.839974399770664
1.0,-40.0,-40.0,False,2.2542691826820374,37.38568600380169,18.088919882678805
1.0,-4.0,-4.0,False,2.954469174146652,28.547548617060922,19.048219653662706
1.0,20.0,20.0,False,1.9543041288852692,7.648462998812353,22.22948558069741
1.0,-30.0,-30.0,False,2.071891486644745,14.719583605184278,12.318934777827334
1.0,-13.0,-13.0,False,2.4065297842025757,37.05699495083724,19.636446099316878
1.0,-33.0,-33.0,False,3.143414556980133,7.6751264530662064,16.276325791790896
1.0,-14.0,-14.0,False,3.291223645210266,31.2104161530495,30.873939032607424
1.0,25.0,25.0,False,3.365821957588196,26.91219869286402,35.229543824134886
1.0,42.0,42.0,False,3.108276128768921,24.72803495581855,20.602776038513937
1.0,19.0,19.0,False,1.5996634364128113,24.648113421502625,32.37434441038926
1.0,-12.0,-12.0,False,2.448296844959259,30.64076549569794,10.839095026225614
1.0,-49.0,-49.0,False,2.6041455566883087,30.097136468378373,4.450873625648581
1.0,0.0,0.0,False,3.0523241460323334,15.993903190591706,21.73719561968628
1.0,1.0,1.0,True,1.8332285284996033,26.398585129161642,26.15389980390492
1.0,-45.0,-45.0,False,2.6041455566883087,30.097136468378373,16.276325791790896
1.0,8.0,8.0,False,2.9905937910079956,18.67615687860847,20.30899627985144
1.0,55.0,55.0,False,6.157199919223785,23.554066107352128,36.58726713773066
1.0,47.0,47.0,False,3.469283878803253,24.74960868217838,17.839974399770664
1.0,25.0,25.0,False,2.748087704181671,33.63547532797233,12.675255339870207
1.0,-28.0,-28.0,False,1.5261220335960388,13.409309376022858,13.296179460742033
1.0,30.0,30.0,False,1.6927593350410461,11.047435956684295,10.010070498405925
1.0,-25.0,-25.0,False,1.122931718826294,15.60554856147457,31.192895777995776
1.0,2.0,2.0,False,2.5040205121040344,9.183586480816455,11.78656970466098
1.0,29.0,29.0,False,4.036521911621094,29.21143369413939,9.872231010738886
1.0,-1.0,-1.0,False,0.5283001884818077,14.617566558962983,9.872231010738886
1.0,18.0,18.0,False,2.9949169158935547,21.41289191123986,30.66906221680573
1.0,5.0,5.0,False,2.75434872508049,22.793596770616414,33.13051487341523
1.0,23.0,23.0,False,1.1156711876392365,32.44464163542472,9.767656429337697
1.0,20.0,20.0,False,2.5635184347629547,14.59915384557944,36.58726713773066
1.0,8.0,8.0,False,4.531162202358246,35.166991631571776,27.418094402655203
1.0,1.0,1.0,True,2.6041455566883087,30.097136468378373,36.58726713773066
1.0,-9.0,-9.0,False,1.7593196034431458,26.321887663541897,16.276325791790896
1.0,-4.0,-4.0,False,2.169079750776291,27.352446301282647,27.172942602891066
1.0,-28.0,-28.0,False,4.287232339382172,21.90884068471014,7.899419314132418
1.0,52.0,52.0,False,3.503046691417694,9.307142162918954,22.228267042504473
1.0,-29.0,-29.0,False,2.861171841621399,27.047034798099936,21.123113333517736
1.0,33.0,33.0,False,3.9096407890319824,34.323262067724954,32.53754134818523
1.0,2.0,2.0,False,3.0015558004379272,24.630074457450206,23.901222508180602
1.0,-20.0,-20.0,False,2.4802903532981873,32.03791208348237,2.874923870903153
1.0,45.0,45.0,False,1.5996634364128113,24.648113421502625,29.442352478119012
1.0,-26.0,-26.0,False,2.4065297842025757,37.05699495083724,33.13051487341523
1.0,-53.0,-53.0,False,3.526886463165283,31.568709021469765,32.37434441038926
1.0,3.0,3.0,False,4.941118121147156,16.22446842116303,7.899419314132418
1.0,-24.0,-24.0,False,3.211077570915222,26.54352680037906,34.02618758674762
1.0,-38.0,-38.0,False,0.5283001884818077,14.617566558962983,29.90964794088205
1.0,39.0,39.0,False,2.206324875354767,16.6767210705607,18.93892168304736
1.0,5.0,5.0,False,1.122931718826294,17.430522767028094,31.192895777995776
1.0,35.0,35.0,False,1.0544519126415253,16.06220372739439,19.83002820511667
1.0,53.0,53.0,False,2.4823248088359833,32.03791208348237,24.457393500376842
1.0,49.0,49.0,False,1.0544519126415253,10.918592928546547,19.83002820511667
1.0,-20.0,-20.0,False,2.9949169158935547,21.41289191123986,9.437834070621292
1.0,4.0,4.0,False,3.875114142894745,37.38568600380169,10.01112967077923
1.0,34.0,34.0,False,2.206324875354767,16.6767210705607,29.442352478119012
1.0,-8.0,-8.0,False,3.363456428050995,14.719583605184278,18.735545372376823
1.0,28.0,28.0,False,3.0266414284706116,17.430522767028094,13.040404692378823
1.0,13.0,13.0,False,1.2128764241933823,31.971746011592565,22.13426439106034
1.0,45.0,45.0,False,3.565295159816742,18.743240485877514,17.839974399770664
1.0,-9.0,-9.0,False,1.7849475741386414,10.918592928546547,22.708619179516027
1.0,-33.0,-33.0,False,2.1430044174194336,35.843823433678594,28.76105386280754
1.0,40.0,40.0,False,3.469283878803253,24.74960868217838,5.465180894487634
1.0,-4.0,-4.0,False,4.407665252685547,22.624142878193208,7.367331704663039
1.0,-28.0,-28.0,False,2.0129697918891907,27.260830887847142,17.103868603480883
1.0,-1.0,-1.0,False,1.0084461867809296,16.06220372739439,28.39974375662921
1.0,-7.0,-7.0,False,3.0015558004379272,24.630074457450206,9.437834070621292
1.0,26.0,26.0,False,2.684738278388977,15.68662788429011,22.76304587768066
1.0,2.0,2.0,False,3.2336122393608093,16.22446842116303,20.602776038513937
1.0,0.0,0.0,False,3.291223645210266,31.2104161530495,19.048219653662706
1.0,45.0,45.0,False,1.5996634364128113,24.648113421502625,10.010070498405925
1.0,9.0,9.0,False,1.30422642827034,15.68662788429011,13.15124159053508
1.0,25.0,25.0,False,1.67342609167099,35.6753538610048,35.229543824134886
1.0,38.0,38.0,False,2.2236387729644775,9.824894554601245,15.562997710453976
1.0,5.0,5.0,False,3.211077570915222,26.54352680037906,17.839974399770664
1.0,-26.0,-26.0,False,3.4243081510066986,27.38383510274606,4.450873625648581
1.0,-3.0,-3.0,False,3.7805986404418945,15.60554856147457,23.384879487685296
1.0,-17.0,-17.0,False,1.2982112765312195,27.047034798099936,24.894477694537755
1.0,-37.0,-37.0,False,3.3568029701709747,27.047034798099936,4.450873625648581
1.0,-23.0,-23.0,False,1.8328933715820312,31.971746011592565,19.048219653662706
1.0,13.0,13.0,False,3.255272388458252,23.60713553773772,19.502515288279614
1.0,-31.0,-31.0,False,3.3568029701709747,27.047034798099936,15.136872510559767
1.0,37.0,37.0,False,4.864805698394775,35.166991631571776,5.858690064133631
1.0,8.0,8.0,False,2.0556656420230865,27.38383510274606,13.24563814739179
1.0,42.0,42.0,False,2.0556656420230865,33.34571068959767,13.24563814739179
1.0,41.0,41.0,False,2.2236387729644775,9.307142162918954,15.562997710453976
1.0,12.0,12.0,False,2.4970897436141968,16.06220372739439,11.595908444748803
1.0,1.0,1.0,True,2.988057851791382,13.409309376022858,6.325574874385337
1.0,-45.0,-45.0,False,2.5451010316610336,27.260830887847142,17.447460761495517
1.0,19.0,19.0,False,2.9949169158935547,21.41289191123986,22.228267042504473
1.0,44.0,44.0,False,2.4023587107658386,8.660856212638478,18.60669612740499
1.0,-12.0,-12.0,False,1.5261220335960388,10.004409199456797,13.296179460742033
1.0,4.0,4.0,False,2.9956433176994324,16.06220372739439,21.73719561968628
1.0,19.0,19.0,False,2.2887845039367676,9.824894554601245,23.901222508180602
1.0,39.0,39.0,False,1.6927593350410461,31.2104161530495,10.010070498405925
1.0,-6.0,-6.0,False,2.988057851791382,13.409309376022858,19.636446099316878
1.0,-21.0,-21.0,False,2.329282760620117,30.097136468378373,21.92385737835604
1.0,-18.0,-18.0,False,1.2184376120567322,14.830556688207254,7.407068392448537
1.0,25.0,25.0,False,1.2128764241933823,26.398585129161642,22.13426439106034
1.0,-7.0,-7.0,False,1.2088502645492554,19.541620391378807,3.366304286174846
1.0,-15.0,-15.0,False,4.601400256156921,15.279468143853476,10.757752085220359
1.0,9.0,9.0,False,2.268523633480072,8.931316077039316,16.25262303823182
1.0,23.0,23.0,False,2.622411012649536,11.206725793493792,19.048219653662706
1.0,-6.0,-6.0,False,2.5152156949043274,33.34571068959767,30.873939032607424
1.0,-13.0,-13.0,False,3.688220977783203,10.004409199456797,13.738662345661448
1.0,8.0,8.0,False,3.5597676038742065,35.843823433678594,9.872231010738886
1.0,4.0,4.0,False,1.67342609167099,35.6753538610048,12.675255339870207
1.0,29.0,29.0,False,2.0556656420230865,8.931316077039316,13.24563814739179
1.0,2.0,2.0,False,2.954469174146652,28.547548617060922,13.738662345661448
1.0,19.0,19.0,False,2.5635184347629547,14.59915384557944,10.01112967077923
1.0,65.0,65.0,False,2.5546799898147583,13.307537461292055,10.648497146808825
1.0,11.0,11.0,False,1.1156711876392365,27.407492249541754,9.767656429337697
1.0,31.0,31.0,False,2.206324875354767,16.6767210705607,23.582378552343595
1.0,-31.0,-31.0,False,4.720672905445099,23.60713553773772,13.738662345661448
1.0,32.0,32.0,False,2.9956433176994324,16.06220372739439,13.040404692378823
1.0,-2.0,-2.0,False,1.824324607849121,13.644027722511993,9.437834070621292
1.0,7.0,7.0,False,2.2542691826820374,18.743240485877514,18.088919882678805
1.0,22.0,22.0,False,2.4065297842025757,37.05699495083724,10.648497146808825
1.0,-12.0,-12.0,False,2.4823248088359833,32.03791208348237,15.136872510559767
1.0,-4.0,-4.0,False,2.2887845039367676,9.824894554601245,10.757752085220359
1.0,-10.0,-10.0,False,2.6978642642498016,26.54352680037906,14.052062641389664
1.0,6.0,6.0,False,2.4802903532981873,33.63547532797233,2.874923870903153
1.0,47.0,47.0,False,1.6927593350410461,4.481852602910032,10.010070498405925
1.0,-51.0,-51.0,False,2.1430044174194336,25.92845440972895,28.76105386280754
1.0,4.0,4.0,False,1.7593196034431458,26.321887663541897,22.22948558069741
1.0,5.0,5.0,False,2.9905937910079956,18.67615687860847,30.461338131567466
1.0,30.0,30.0,False,1.7982127666473389,36.01678017441426,14.64685785753644
1.0,13.0,13.0,False,3.0015558004379272,24.630074457450206,28.36885017600886
1.0,-29.0,-29.0,False,3.5597676038742065,35.843823433678594,19.048219653662706
1.0,40.0,40.0,False,2.2887845039367676,9.824894554601245,35.229543824134886
1.0,22.0,22.0,False,1.2982112765312195,18.743240485877514,24.894477694537755
1.0,-23.0,-23.0,False,2.2542691826820374,27.407492249541754,18.088919882678805
1.0,-19.0,-19.0,False,1.0084461867809296,31.971746011592565,28.39974375662921
1.0,35.0,35.0,False,1.4266581237316132,19.865527024746847,31.61732003665157
1.0,28.0,28.0,False,2.4011834859848022,15.101617188411387,13.587326777248025
1.0,-20.0,-20.0,False,3.4243081510066986,27.38383510274606,13.738662345661448
1.0,21.0,21.0,False,1.9543041288852692,8.223319230342668,22.22948558069741
1.0,-50.0,-50.0,False,1.6206836700439453,18.196116919812113,7.407068392448537
1.0,-35.0,-35.0,False,2.5451010316610336,27.38383510274606,17.447460761495517
1.0,-15.0,-15.0,False,2.2747095227241516,30.144939614110672,10.975431618860185
1.0,33.0,33.0,False,1.67342609167099,35.6753538610048,30.66906221680573
1.0,-15.0,-15.0,False,2.387943744659424,26.91219869286402,19.177254715595215
1.0,18.0,18.0,False,2.268523633480072,24.72803495581855,16.25262303823182
1.0,4.0,4.0,False,1.9380650222301483,8.223319230342668,21.96994829233411
1.0,-7.0,-7.0,False,3.688220977783203,10.004409199456797,26.15389980390492
1.0,6.0,6.0,False,2.2542691826820374,25.635594276041335,18.088919882678805
1.0,-25.0,-25.0,False,2.071891486644745,37.05699495083724,12.318934777827334
1.0,23.0,23.0,False,3.0015558004379272,24.630074457450206,35.229543824134886
1.0,39.0,39.0,False,3.2336122393608093,25.635594276041335,20.602776038513937
1.0,-29.0,-29.0,False,1.2088502645492554,19.541620391378807,12.675255339870207
1.0,4.0,4.0,False,1.0544519126415253,25.79547340841524,19.83002820511667
1.0,8.0,8.0,False,1.6847675740718842,13.784381156094978,20.30899627985144
1.0,13.0,13.0,False,5.280986726284027,15.101617188411387,10.757752085220359
1.0,4.0,4.0,False,3.108276128768921,24.72803495581855,4.450873625648581
1.0,-62.0,-62.0,False,1.945082277059555,31.568709021469765,24.74098496063788
1.0,7.0,7.0,False,2.954469174146652,28.547548617060922,30.461338131567466
1.0,31.0,31.0,False,2.598024308681488,29.21143369413939,23.048390194498644
1.0,37.0,37.0,False,2.5546799898147583,13.307537461292055,5.465180894487634
1.0,33.0,33.0,False,2.9956433176994324,16.06220372739439,35.229543824134886
1.0,48.0,48.0,False,2.1892183423042297,20.32312391192729,35.229543824134886
1.0,18.0,18.0,False,2.0129697918891907,20.32312391192729,17.103868603480883
1.0,7.0,7.0,False,1.824324607849121,13.644027722511993,11.595908444748803
1.0,6.0,6.0,False,2.9905937910079956,18.67615687860847,26.15389980390492
1.0,-36.0,-36.0,False,4.928486883640289,27.260830887847142,19.048219653662706
1.0,3.0,3.0,False,3.363456428050995,14.719583605184278,36.58726713773066
1.0,4.0,4.0,False,3.0170386880636215,27.047034798099936,31.61732003665157
1.0,2.0,2.0,False,3.9190537333488464,23.60713553773772,3.366304286174846
1.0,8.0,8.0,False,2.2542691826820374,7.648462998812353,18.088919882678805
1.0,0.0,0.0,False,2.0967530012130737,16.905378336831916,15.562997710453976
1.0,25.0,25.0,False,3.0532886385917664,29.923454239008823,23.901222508180602
1.0,-1.0,-1.0,False,3.4022809863090515,28.116022126642136,28.36885017600886
1.0,-39.0,-39.0,False,2.6978642642498016,21.90884068471014,14.052062641389664
1.0,-45.0,-45.0,False,1.0084461867809296,30.097136468378373,28.39974375662921
1.0,-17.0,-17.0,False,1.7593196034431458,26.321887663541897,10.839095026225614
1.0,-12.0,-12.0,False,1.540235161781311,4.734114032263185,32.37434441038926
1.0,45.0,45.0,False,2.954469174146652,28.547548617060922,10.01112967077923
1.0,35.0,35.0,False,2.4256690740585327,22.793596770616414,14.64685785753644
1.0,-27.0,-27.0,False,3.2925080955028534,31.568709021469765,29.442352478119012
1.0,12.0,12.0,False,2.5635184347629547,14.59915384557944,15.890040324059727
1.0,4.0,4.0,False,1.9543041288852692,26.91219869286402,22.22948558069741
1.0,48.0,48.0,False,3.809454381465912,18.743240485877514,30.66906221680573
1.0,29.0,29.0,False,2.965057611465454,22.83619151592413,7.899419314132418
1.0,-5.0,-5.0,False,2.4823248088359833,32.03791208348237,32.37434441038926
1.0,-20.0,-20.0,False,1.4266581237316132,19.865527024746847,30.873939032607424
1.0,1.0,1.0,True,2.387943744659424,35.33073143705864,19.177254715595215
1.0,-21.0,-21.0,False,1.540235161781311,4.734114032263185,24.74098496063788
1.0,55.0,55.0,False,1.7982127666473389,36.01678017441426,24.457393500376842
1.0,36.0,36.0,False,3.308484733104706,23.554066107352128,24.888026828065964
1.0,-15.0,-15.0,False,2.6297053694725037,11.047435956684295,24.350919771937136
1.0,27.0,27.0,False,2.482245624065399,15.993903190591706,23.582378552343595
1.0,9.0,9.0,False,3.0532886385917664,29.21143369413939,23.901222508180602
1.0,26.0,26.0,False,2.598024308681488,26.91219869286402,23.048390194498644
1.0,-19.0,-19.0,False,1.5261220335960388,27.38383510274606,13.296179460742033
1.0,-67.0,-67.0,False,1.9380650222301483,21.90884068471014,21.96994829233411
1.0,46.0,46.0,False,2.2887845039367676,9.824894554601245,18.93892168304736
1.0,-38.0,-38.0,False,3.143414556980133,16.720532473796265,16.276325791790896
1.0,-17.0,-17.0,False,2.448296844959259,30.64076549569794,17.447460761495517
1.0,-37.0,-37.0,False,3.5564870834350586,32.69666169184578,5.9086676599403525
1.0,-27.0,-27.0,False,1.8328933715820312,31.971746011592565,30.76665145223399
1.0,0.0,0.0,False,3.0266414284706116,17.430522767028094,27.418094402655203
1.0,-23.0,-23.0,False,3.641395628452301,23.60713553773772,34.02618758674762
1.0,-13.0,-13.0,False,2.684738278388977,26.973747435753978,16.276325791790896
1.0,14.0,14.0,False,1.5996634364128113,24.648113421502625,9.437834070621292
1.0,45.0,45.0,False,4.13850873708725,35.166991631571776,30.66906221680573
1.0,-16.0,-16.0,False,1.2184376120567322,14.830556688207254,10.839095026225614
1.0,-7.0,-7.0,False,3.296020209789276,4.481852602910032,12.45885336735725
1.0,-19.0,-19.0,False,2.9956433176994324,16.06220372739439,30.873939032607424
1.0,22.0,22.0,False,2.4823248088359833,32.03791208348237,11.78656970466098
1.0,-41.0,-41.0,False,2.7933056950569153,7.6751264530662064,30.76665145223399
1.0,-51.0,-51.0,False,2.2747095227241516,25.92845440972895,10.975431618860185
1.0,11.0,11.0,False,2.9949169158935547,21.41289191123986,18.735545372376823
1.0,-10.0,-10.0,False,0.5283001884818077,14.617566558962983,14.052062641389664
1.0,23.0,23.0,False,3.688220977783203,10.004409199456797,15.890040324059727
1.0,21.0,21.0,False,2.4802903532981873,11.206725793493792,2.874923870903153
1.0,15.0,15.0,False,2.268523633480072,13.307537461292055,16.25262303823182
1.0,-21.0,-21.0,False,2.861171841621399,35.843823433678594,21.123113333517736
1.0,-18.0,-18.0,False,2.4823248088359833,32.03791208348237,29.90964794088205
2.0,49.0,49.0,False,2.5096392035484314,29.668123591648676,14.489252908953558
2.0,-12.0,-12.0,False,1.2881052643060684,18.67615687860847,23.523962931622762
2.0,32.0,32.0,False,2.954469174146652,28.547548617060922,26.477792899818954
2.0,-34.0,-34.0,False,2.4065297842025757,37.05699495083724,32.36990622727532
2.0,-46.0,-46.0,False,2.6605873703956604,27.260830887847142,29.86099778521027
2.0,7.0,7.0,False,2.045419156551361,24.72803495581855,16.4365618477917
2.0,-1.0,-1.0,False,1.2980918288230896,13.784381156094978,3.380975167039705
2.0,29.0,29.0,False,2.422547996044159,13.307537461292055,24.17030541441272
2.0,37.0,37.0,False,3.4038726091384888,8.33280175103024,14.598702058188339
2.0,-9.0,-9.0,False,3.9392743706703186,7.6751264530662064,14.598702058188339
2.0,-46.0,-46.0,False,0.5283001884818077,14.617566558962983,13.511031341491536
2.0,-9.0,-9.0,False,2.6003804802894592,37.38568600380169,23.462362138833956
2.0,-41.0,-41.0,False,3.076087772846222,27.656551380993815,19.441087299755857
2.0,-5.0,-5.0,False,1.4266581237316132,19.865527024746847,29.843911375238598
2.0,21.0,21.0,False,2.0695550441741943,32.03791208348237,28.820114552828112
2.0,-61.0,-61.0,False,2.467828333377838,32.69666169184578,26.325718348049545
2.0,19.0,19.0,False,1.233888864517212,13.784381156094978,15.699282655303499
2.0,0.0,0.0,False,1.7593196034431458,26.321887663541897,34.80100054837196
2.0,-28.0,-28.0,False,1.2459309101104736,27.047034798099936,29.37963551408822
2.0,30.0,30.0,False,2.9905937910079956,18.67615687860847,25.49692726321591
2.0,-19.0,-19.0,False,2.6041455566883087,30.097136468378373,35.78205794709068
2.0,-1.0,-1.0,False,3.3568029701709747,27.047034798099936,34.972176200736094
2.0,-20.0,-20.0,False,3.0015558004379272,24.630074457450206,32.241337655220086
2.0,-3.0,-3.0,False,1.6847675740718842,13.784381156094978,16.4365618477917
2.0,54.0,54.0,False,1.8911126255989075,29.668123591648676,17.371804032624258
2.0,24.0,24.0,False,1.67342609167099,35.6753538610048,24.542622295571157
2.0,42.0,42.0,False,3.809454381465912,18.743240485877514,10.31088891593816
2.0,3.0,3.0,False,4.720672905445099,23.60713553773772,19.595071507717908
2.0,-43.0,-43.0,False,0.5283001884818077,14.617566558962983,27.198448274331646
2.0,10.0,10.0,False,2.206324875354767,16.6767210705607,31.351936526316763
2.0,-31.0,-31.0,False,2.484754055738449,14.59915384557944,28.869922802580422
2.0,21.0,21.0,False,4.981656730175018,17.338763343201425,31.351936526316763
2.0,18.0,18.0,False,1.824324607849121,13.644027722511993,22.66685004253635
2.0,-35.0,-35.0,False,1.2881052643060684,28.116022126642136,23.523962931622762
2.0,0.0,0.0,False,2.448296844959259,30.64076549569794,32.36990622727532
2.0,-10.0,-10.0,False,1.2088502645492554,19.541620391378807,26.477792899818954
2.0,-13.0,-13.0,False,2.5096392035484314,6.956510598235953,14.489252908953558
2.0,26.0,26.0,False,3.809454381465912,18.743240485877514,15.57909088048316
2.0,-9.0,-9.0,False,2.6447466611862183,15.858357273764621,22.66685004253635
2.0,-32.0,-32.0,False,2.5040205121040344,9.183586480816455,17.51198170430677
2.0,-29.0,-29.0,False,1.6822614073753357,21.41289191123986,11.372897656009007
2.0,-19.0,-19.0,False,2.6605873703956604,15.993903190591706,29.86099778521027
2.0,56.0,56.0,False,4.5304936170578,22.248410821803972,34.972176200736094
2.0,6.0,6.0,False,1.8911126255989075,26.54352680037906,17.371804032624258
2.0,-57.0,-57.0,False,3.4230895936489105,11.324183884744965,13.511031341491536
2.0,-3.0,-3.0,False,2.350049912929535,35.166991631571776,12.393772413394146
2.0,24.0,24.0,False,1.2184376120567322,14.830556688207254,23.462362138833956
2.0,35.0,35.0,False,2.112702190876007,20.225622598050222,19.595071507717908
2.0,-57.0,-57.0,False,2.6041455566883087,30.097136468378373,6.427551953147684
2.0,29.0,29.0,False,2.684738278388977,26.973747435753978,13.030337221666658
2.0,52.0,52.0,False,1.8911126255989075,4.481852602910032,17.371804032624258
2.0,-41.0,-41.0,False,1.233888864517212,31.568709021469765,15.699282655303499
2.0,44.0,44.0,False,2.2695714235305786,35.166991631571776,27.513876517704556
2.0,-6.0,-6.0,False,2.5096392035484314,37.38568600380169,14.489252908953558
2.0,-45.0,-45.0,False,3.4230895936489105,22.38290802567421,13.511031341491536
2.0,43.0,43.0,False,2.5770567059516907,35.33073143705864,10.31088891593816
2.0,58.0,58.0,False,2.5096392035484314,15.101617188411387,14.489252908953558
2.0,30.0,30.0,False,2.8675488233566284,15.993903190591706,20.920707504825007
2.0,6.0,6.0,False,2.5635184347629547,14.59915384557944,26.477792899818954
2.0,-11.0,-11.0,False,1.2184376120567322,14.830556688207254,30.36051721235347
2.0,-34.0,-34.0,False,3.363456428050995,14.719583605184278,34.80100054837196
2.0,32.0,32.0,False,3.1740484833717346,8.223319230342668,14.598702058188339
2.0,50.0,50.0,False,2.1892183423042297,20.32312391192729,11.556227348639661
2.0,-40.0,-40.0,False,2.6041455566883087,30.097136468378373,31.448136170412937
2.0,-79.0,-79.0,False,4.287232339382172,21.90884068471014,6.1943122277549545
2.0,43.0,43.0,False,2.2171555161476135,8.223319230342668,24.087873838222887
2.0,-24.0,-24.0,False,2.169079750776291,27.352446301282647,6.1943122277549545
2.0,46.0,46.0,False,1.7849475741386414,10.918592928546547,11.574186615347308
2.0,33.0,33.0,False,1.233888864517212,29.923454239008823,15.699282655303499
2.0,33.0,33.0,False,2.9956433176994324,16.06220372739439,31.82214311241224
2.0,-1.0,-1.0,False,3.1945232152938843,30.144939614110672,33.94397208812464
2.0,31.0,31.0,False,1.7033283412456512,8.660856212638478,12.255675266296434
2.0,8.0,8.0,False,3.5597676038742065,35.843823433678594,31.149302726766926
2.0,56.0,56.0,False,6.232239186763763,15.101617188411387,31.149302726766926
2.0,41.0,41.0,False,2.100797653198242,33.63547532797233,22.799188194545923
2.0,-16.0,-16.0,False,3.0015558004379272,24.630074457450206,15.837420250647442
2.0,-3.0,-3.0,False,4.441148459911346,9.307142162918954,6.427551953147684
2.0,-15.0,-15.0,False,1.540235161781311,4.734114032263185,23.295662124960778
2.0,23.0,23.0,False,1.67342609167099,35.6753538610048,18.515164423497577
2.0,11.0,11.0,False,1.7615023851394653,30.144939614110672,7.7728152845552
2.0,72.0,72.0,False,3.1740484833717346,8.223319230342668,8.270992504929596
2.0,12.0,12.0,False,1.4314748048782349,14.59915384557944,24.901099080414053
2.0,-21.0,-21.0,False,3.589700758457184,21.90884068471014,13.030337221666658
2.0,-1.0,-1.0,False,3.5597676038742065,35.843823433678594,25.715823483277678
2.0,80.0,80.0,False,3.027155101299286,29.668123591648676,22.108152106335908
2.0,12.0,12.0,False,2.5635184347629547,14.59915384557944,19.71282096025786
2.0,-21.0,-21.0,False,1.7593196034431458,26.321887663541897,13.511031341491536
2.0,41.0,41.0,False,2.4489800930023193,8.223319230342668,24.542622295571157
2.0,-31.0,-31.0,False,1.8328933715820312,31.971746011592565,5.843127538811253
2.0,1.0,1.0,False,1.8911126255989075,22.624142878193208,17.371804032624258
2.0,40.0,40.0,False,1.5037471652030945,13.307537461292055,21.682084080654388
2.0,-11.0,-11.0,False,2.169079750776291,27.352446301282647,30.36051721235347
2.0,0.0,0.0,False,1.6520878672599792,8.931316077039316,23.068434202502253
2.0,-11.0,-11.0,False,1.824324607849121,13.644027722511993,28.869922802580422
2.0,-37.0,-37.0,False,3.363456428050995,14.719583605184278,23.295662124960778
2.0,-14.0,-14.0,False,2.422547996044159,16.720532473796265,24.17030541441272
2.0,-26.0,-26.0,False,1.9150481820106506,32.03791208348237,5.843127538811253
2.0,-7.0,-7.0,False,2.6041455566883087,30.097136468378373,19.71282096025786
2.0,-54.0,-54.0,False,1.9150481820106506,32.69666169184578,5.843127538811253
2.0,31.0,31.0,False,2.206324875354767,16.6767210705607,34.972176200736094
2.0,-8.0,-8.0,False,2.3866533041000366,20.75038415484271,33.99442138906607
2.0,3.0,3.0,False,2.9905937910079956,18.67615687860847,31.448136170412937
2.0,63.0,63.0,False,1.8911126255989075,15.101617188411387,17.371804032624258
2.0,1.0,1.0,False,1.6822614073753357,18.743240485877514,11.372897656009007
2.0,-28.0,-28.0,False,2.0967530012130737,16.905378336831916,32.36990622727532
2.0,-5.0,-5.0,False,1.5794258117675781,32.44464163542472,34.733486340918546
2.0,7.0,7.0,False,1.8911126255989075,22.38290802567421,17.371804032624258
2.0,-4.0,-4.0,False,3.469283878803253,24.74960868217838,24.127652234960944
2.0,32.0,32.0,False,5.182080268859863,29.21143369413939,19.595071507717908
2.0,-17.0,-17.0,False,1.824324607849121,13.644027722511993,19.445600017845067
2.0,-6.0,-6.0,False,2.4065297842025757,37.05699495083724,25.49692726321591
2.0,26.0,26.0,False,3.1464685201644897,30.144939614110672,19.708434004523152
2.0,-13.0,-13.0,False,2.350049912929535,22.793596770616414,12.393772413394146
2.0,-2.0,-2.0,False,3.211077570915222,26.54352680037906,34.972176200736094
2.0,2.0,2.0,True,2.988057851791382,13.409309376022858,11.574186615347308
2.0,52.0,52.0,False,2.100797653198242,15.101617188411387,22.799188194545923
2.0,7.0,7.0,False,3.4038726091384888,8.33280175103024,31.073999820611757
2.0,18.0,18.0,False,3.206999182701111,9.09800562959582,30.36051721235347
2.0,47.0,47.0,False,1.8911126255989075,7.648462998812353,17.371804032624258
2.0,-1.0,-1.0,False,1.2980918288230896,18.67615687860847,3.380975167039705
2.0,78.0,78.0,False,3.027155101299286,29.923454239008823,22.108152106335908
2.0,-29.0,-29.0,False,2.1055375933647156,15.858357273764621,26.84762777934458
2.0,34.0,34.0,False,2.100797653198242,25.635594276041335,22.799188194545923
2.0,-35.0,-35.0,False,2.3258383870124817,27.656551380993815,19.592338158271378
2.0,-27.0,-27.0,False,1.2459309101104736,25.79547340841524,29.37963551408822
2.0,-10.0,-10.0,False,2.5040205121040344,9.183586480816455,25.715823483277678
2.0,31.0,31.0,False,2.1055375933647156,11.206725793493792,26.84762777934458
2.0,34.0,34.0,False,1.5996634364128113,24.648113421502625,14.598702058188339
2.0,6.0,6.0,False,3.9484726190567017,8.931316077039316,31.35468295528793
2.0,49.0,49.0,False,2.1892183423042297,20.32312391192729,14.489252908953558
2.0,-46.0,-46.0,False,2.6605873703956604,25.79547340841524,29.86099778521027
2.0,43.0,43.0,False,3.9898303151130676,7.648462998812353,29.90291379937124
2.0,25.0,25.0,False,2.169079750776291,27.352446301282647,24.542622295571157
2.0,31.0,31.0,False,3.0266414284706116,17.430522767028094,10.31088891593816
2.0,15.0,15.0,False,1.540235161781311,4.734114032263185,17.473520900142166
2.0,-3.0,-3.0,False,1.4266581237316132,19.865527024746847,17.291840824337886
2.0,40.0,40.0,False,1.5037471652030945,25.635594276041335,21.682084080654388
2.0,11.0,11.0,False,2.1055375933647156,7.648462998812353,26.84762777934458
2.0,-55.0,-55.0,False,1.9150481820106506,14.719583605184278,5.843127538811253
2.0,4.0,4.0,False,4.928486883640289,27.260830887847142,19.595071507717908
2.0,13.0,13.0,False,1.6520878672599792,33.63547532797233,23.068434202502253
2.0,12.0,12.0,False,3.8996469974517822,15.68662788429011,17.291840824337886
2.0,-1.0,-1.0,False,1.6706708669662476,17.338763343201425,35.26076295908942
2.0,-36.0,-36.0,False,1.2223436683416367,23.60713553773772,34.21752850865029
2.0,-39.0,-39.0,False,1.6822614073753357,26.54352680037906,11.372897656009007
2.0,-20.0,-20.0,False,3.3984220027923584,20.75038415484271,15.837420250647442
2.0,-33.0,-33.0,False,2.467828333377838,32.03791208348237,26.325718348049545
2.0,-4.0,-4.0,False,2.6297053694725037,11.047435956684295,19.441087299755857
2.0,31.0,31.0,False,1.4314748048782349,30.144939614110672,24.901099080414053
2.0,-28.0,-28.0,False,2.5096392035484314,21.90884068471014,14.489252908953558
2.0,39.0,39.0,False,2.5770567059516907,35.33073143705864,25.49692726321591
2.0,31.0,31.0,False,3.0563420057296753,7.648462998812353,22.66685004253635
2.0,-28.0,-28.0,False,2.6447466611862183,15.858357273764621,31.448136170412937
2.0,25.0,25.0,False,1.8332285284996033,26.398585129161642,16.47846874715538
2.0,-41.0,-41.0,False,3.107409358024597,27.656551380993815,30.464041352909135
2.0,17.0,17.0,False,3.0563420057296753,30.144939614110672,22.66685004253635
2.0,24.0,24.0,False,1.67342609167099,35.6753538610048,31.149302726766926
2.0,33.0,33.0,False,1.4314748048782349,15.279468143853476,24.901099080414053
2.0,43.0,43.0,False,2.513563245534897,17.338763343201425,17.307033405640468
2.0,-55.0,-55.0,False,4.184528231620789,25.92845440972895,6.427551953147684
2.0,3.0,3.0,False,2.1055375933647156,20.225622598050222,26.84762777934458
2.0,-3.0,-3.0,False,3.7805986404418945,15.60554856147457,16.47846874715538
2.0,33.0,33.0,False,2.422547996044159,9.307142162918954,24.17030541441272
2.0,14.0,14.0,False,2.610757291316986,29.923454239008823,17.51198170430677
2.0,64.0,64.0,False,5.557302236557007,22.248410821803972,32.40193593399178
2.0,17.0,17.0,False,1.7982127666473389,36.01678017441426,22.799188194545923
2.0,28.0,28.0,False,1.8332285284996033,26.398585129161642,14.489252908953558
2.0,-45.0,-45.0,False,4.441148459911346,23.60713553773772,6.427551953147684
2.0,34.0,34.0,False,2.8675488233566284,8.931316077039316,20.920707504825007
2.0,51.0,51.0,False,1.5996634364128113,24.648113421502625,27.513876517704556
2.0,15.0,15.0,False,2.169079750776291,27.352446301282647,18.575195081464237
2.0,-8.0,-8.0,False,3.0266414284706116,17.430522767028094,30.36051721235347
2.0,-19.0,-19.0,False,2.4823248088359833,32.03791208348237,28.869922802580422
2.0,-15.0,-15.0,False,3.4243081510066986,27.38383510274606,31.35468295528793
2.0,14.0,14.0,False,5.397716760635376,35.166991631571776,31.351936526316763
2.0,31.0,31.0,False,2.9956433176994324,16.06220372739439,18.515164423497577
2.0,-25.0,-25.0,False,1.2881052643060684,10.004409199456797,23.523962931622762
2.0,48.0,48.0,False,1.4314748048782349,17.338763343201425,24.901099080414053
2.0,-45.0,-45.0,False,3.3568029701709747,27.047034798099936,6.427551953147684
2.0,-32.0,-32.0,False,3.076087772846222,27.047034798099936,19.441087299755857
2.0,-3.0,-3.0,False,1.6520878672599792,30.64076549569794,23.068434202502253
2.0,-41.0,-41.0,False,2.6041455566883087,30.097136468378373,8.942536115608092
2.0,37.0,37.0,False,2.891932249069214,29.21143369413939,33.54059202632778
2.0,46.0,46.0,False,1.8911126255989075,18.743240485877514,17.371804032624258
2.0,37.0,37.0,False,4.981656730175018,17.338763343201425,14.313099811095869
2.0,-36.0,-36.0,False,3.4626773595809937,11.324183884744965,34.80100054837196
2.0,-1.0,-1.0,False,3.0523241460323334,15.993903190591706,8.942536115608092
2.0,31.0,31.0,False,2.112702190876007,20.225622598050222,26.477792899818954
2.0,37.0,37.0,False,3.4769829511642456,25.635594276041335,25.49692726321591
2.0,-54.0,-54.0,False,1.9150481820106506,27.656551380993815,5.843127538811253
2.0,18.0,18.0,False,2.9905937910079956,18.67615687860847,15.57909088048316
2.0,-10.0,-10.0,False,1.2459309101104736,10.004409199456797,29.37963551408822
2.0,-38.0,-38.0,False,4.533069491386414,27.260830887847142,31.073999820611757
2.0,-31.0,-31.0,False,3.4022809863090515,28.116022126642136,31.073999820611757
2.0,0.0,0.0,False,2.3866533041000366,30.144939614110672,33.99442138906607
2.0,34.0,34.0,False,3.027155101299286,27.260830887847142,22.108152106335908
2.0,-9.0,-9.0,False,3.688220977783203,10.004409199456797,23.295662124960778
2.0,-33.0,-33.0,False,2.0967530012130737,16.905378336831916,28.06849473842699
2.0,-48.0,-48.0,False,4.13850873708725,32.69666169184578,31.073999820611757
2.0,-8.0,-8.0,False,1.6847675740718842,13.784381156094978,31.073999820611757
2.0,9.0,9.0,False,3.0563420057296753,20.75038415484271,22.66685004253635
2.0,14.0,14.0,False,1.6520878672599792,8.33280175103024,23.068434202502253
2.0,30.0,30.0,False,2.2887845039367676,9.824894554601245,25.715823483277678
2.0,54.0,54.0,False,3.027155101299286,34.323262067724954,22.108152106335908
2.0,-40.0,-40.0,False,1.6520878672599792,37.38568600380169,23.068434202502253
2.0,43.0,43.0,False,4.981656730175018,17.338763343201425,31.149302726766926
2.0,-6.0,-6.0,False,3.809454381465912,18.743240485877514,24.127652234960944
2.0,14.0,14.0,False,1.5996634364128113,24.648113421502625,26.84762777934458
2.0,56.0,56.0,False,1.2184376120567322,14.830556688207254,8.270992504929596
2.0,-50.0,-50.0,False,3.3984220027923584,11.324183884744965,15.837420250647442
2.0,-56.0,-56.0,False,3.1331907510757446,6.956510598235953,32.91141081911861
2.0,-5.0,-5.0,False,2.045419156551361,29.21143369413939,16.4365618477917
2.0,-41.0,-41.0,False,4.09272038936615,18.196116919812113,17.291840824337886
2.0,10.0,10.0,False,2.4823248088359833,32.03791208348237,14.598702058188339
2.0,-2.0,-2.0,False,3.4230895936489105,17.338763343201425,13.511031341491536
2.0,42.0,42.0,False,1.7849475741386414,10.918592928546547,22.799188194545923
2.0,-1.0,-1.0,False,4.3991798758506775,22.38290802567421,25.49692726321591
2.0,41.0,41.0,False,2.513563245534897,24.72803495581855,17.307033405640468
2.0,10.0,10.0,False,1.2223436683416367,8.33280175103024,34.21752850865029
2.0,-18.0,-18.0,False,1.6706708669662476,22.793596770616414,35.26076295908942
2.0,27.0,27.0,False,2.6003804802894592,17.430522767028094,23.462362138833956
2.0,0.0,0.0,False,4.3991798758506775,27.260830887847142,25.49692726321591
2.0,-12.0,-12.0,False,4.023748219013214,6.956510598235953,29.90291379937124
2.0,-12.0,-12.0,False,1.233888864517212,27.047034798099936,15.699282655303499
2.0,10.0,10.0,False,2.5635184347629547,14.59915384557944,8.744844716319943
2.0,-20.0,-20.0,False,2.5635184347629547,14.59915384557944,33.94397208812464
2.0,-13.0,-13.0,False,2.9956433176994324,16.06220372739439,6.427551953147684
2.0,3.0,3.0,False,1.651623249053955,29.923454239008823,27.198448274331646
2.0,-24.0,-24.0,False,2.5635184347629547,14.59915384557944,17.51198170430677
2.0,-17.0,-17.0,False,3.4230895936489105,15.279468143853476,13.511031341491536
2.0,-5.0,-5.0,False,2.5770567059516907,35.33073143705864,24.127652234960944
2.0,41.0,41.0,False,2.2695714235305786,28.547548617060922,27.513876517704556
2.0,-5.0,-5.0,False,1.6520878672599792,13.644027722511993,23.068434202502253
2.0,31.0,31.0,False,1.4266581237316132,19.865527024746847,17.307033405640468
2.0,-18.0,-18.0,False,1.7593196034431458,26.321887663541897,32.241337655220086
2.0,-43.0,-43.0,False,1.2088502645492554,19.541620391378807,16.4365618477917
2.0,-51.0,-51.0,False,1.2088502645492554,19.541620391378807,32.241337655220086
2.0,-19.0,-19.0,False,2.169079750776291,27.352446301282647,19.445600017845067
2.0,55.0,55.0,False,2.1892183423042297,20.32312391192729,27.513876517704556
2.0,16.0,16.0,False,1.233888864517212,15.993903190591706,15.699282655303499
2.0,0.0,0.0,False,2.610757291316986,18.67615687860847,17.51198170430677
2.0,13.0,13.0,False,3.469283878803253,24.74960868217838,31.448136170412937
2.0,-25.0,-25.0,False,2.988057851791382,13.409309376022858,33.94397208812464
2.0,-27.0,-27.0,False,4.928486883640289,27.260830887847142,21.144264263199005
2.0,-14.0,-14.0,False,1.2980918288230896,20.75038415484271,3.380975167039705
2.0,26.0,26.0,False,3.9096407890319824,34.323262067724954,19.71282096025786
2.0,33.0,33.0,False,1.4266581237316132,19.865527024746847,21.682084080654388
2.0,0.0,0.0,False,1.2459309101104736,15.993903190591706,29.37963551408822
2.0,67.0,67.0,False,4.695863902568817,35.166991631571776,8.270992504929596
2.0,-1.0,-1.0,False,2.9528762698173523,32.44464163542472,31.351936526316763
2.0,20.0,20.0,False,2.965057611465454,22.83619151592413,35.78205794709068
2.0,-10.0,-10.0,False,1.5037471652030945,11.324183884744965,21.682084080654388
2.0,-19.0,-19.0,False,2.6297053694725037,11.047435956684295,29.86099778521027
2.0,-71.0,-71.0,False,3.526886463165283,31.568709021469765,32.241337655220086
2.0,5.0,5.0,False,1.4266581237316132,19.865527024746847,19.592338158271378
2.0,-27.0,-27.0,False,4.072222650051117,25.79547340841524,21.144264263199005
2.0,3.0,3.0,False,2.045419156551361,31.2104161530495,16.4365618477917
2.0,-13.0,-13.0,False,2.9528762698173523,32.44464163542472,17.291840824337886
2.0,29.0,29.0,False,3.365821957588196,26.91219869286402,27.584797600395497
2.0,-37.0,-37.0,False,3.4230895936489105,35.843823433678594,13.511031341491536
2.0,36.0,36.0,False,2.891932249069214,17.430522767028094,33.54059202632778
2.0,-44.0,-44.0,False,3.363456428050995,14.719583605184278,17.291840824337886
2.0,26.0,26.0,False,3.9096407890319824,34.323262067724954,27.584797600395497
2.0,35.0,35.0,False,3.469283878803253,24.74960868217838,14.313099811095869
2.0,7.0,7.0,False,1.6822614073753357,4.481852602910032,11.372897656009007
2.0,23.0,23.0,False,3.5331456661224365,29.668123591648676,34.80100054837196
2.0,-8.0,-8.0,False,1.7593196034431458,26.321887663541897,19.441087299755857
2.0,5.0,5.0,False,3.1945232152938843,8.931316077039316,33.94397208812464
2.0,13.0,13.0,False,1.2980918288230896,33.63547532797233,3.380975167039705
2.0,-54.0,-54.0,False,1.651623249053955,11.324183884744965,27.198448274331646
2.0,28.0,28.0,False,2.169079750776291,27.352446301282647,17.473520900142166
2.0,-21.0,-21.0,False,3.4626773595809937,11.324183884744965,25.715823483277678
2.0,4.0,4.0,False,0.5283001884818077,14.617566558962983,27.584797600395497
2.0,-47.0,-47.0,False,1.6822614073753357,32.69666169184578,11.372897656009007
2.0,23.0,23.0,False,3.13155597448349,4.481852602910032,31.236045178274594
2.0,4.0,4.0,False,1.2459309101104736,20.225622598050222,29.37963551408822
2.0,9.0,9.0,False,3.5597676038742065,35.843823433678594,31.82214311241224
2.0,33.0,33.0,False,2.6447466611862183,15.858357273764621,22.108152106335908
2.0,-9.0,-9.0,False,2.965057611465454,22.83619151592413,30.36051721235347
2.0,39.0,39.0,False,4.238134145736694,35.166991631571776,11.556227348639661
2.0,-30.0,-30.0,False,3.2277570366859436,27.407492249541754,33.29898623106143
2.0,-16.0,-16.0,False,2.8570218086242676,15.993903190591706,19.445600017845067
2.0,-7.0,-7.0,False,2.3866533041000366,32.03791208348237,33.99442138906607
2.0,18.0,18.0,False,1.618940532207489,21.41289191123986,28.830334024125126
2.0,46.0,46.0,False,3.8309966921806335,29.668123591648676,18.515164423497577
2.0,31.0,31.0,False,2.3258383870124817,22.248410821803972,19.592338158271378
2.0,-24.0,-24.0,False,2.988057851791382,13.409309376022858,31.35468295528793
2.0,3.0,3.0,False,2.6447466611862183,15.858357273764621,17.473520900142166
2.0,6.0,6.0,False,3.1331907510757446,29.668123591648676,32.91141081911861
2.0,31.0,31.0,False,3.0266414284706116,17.430522767028094,17.473520900142166
2.0,15.0,15.0,False,3.13155597448349,31.2104161530495,31.236045178274594
2.0,-7.0,-7.0,False,2.2171555161476135,27.656551380993815,24.087873838222887
2.0,1.0,1.0,False,2.448296844959259,30.64076549569794,31.448136170412937
2.0,-7.0,-7.0,False,1.2088502645492554,19.541620391378807,20.920707504825007
2.0,-14.0,-14.0,False,3.615839332342148,15.279468143853476,32.241337655220086
2.0,-34.0,-34.0,False,4.09272038936615,22.38290802567421,17.291840824337886
2.0,-1.0,-1.0,False,2.5040205121040344,9.183586480816455,11.574186615347308
2.0,19.0,19.0,False,2.6041455566883087,30.097136468378373,8.270992504929596
2.0,2.0,2.0,True,1.4266581237316132,19.865527024746847,32.36990622727532
2.0,4.0,4.0,False,4.510274887084961,16.22446842116303,10.31088891593816
2.0,5.0,5.0,False,2.954469174146652,28.547548617060922,31.448136170412937
2.0,25.0,25.0,False,3.027155101299286,37.38568600380169,22.108152106335908
2.0,-23.0,-23.0,False,1.7615023851394653,37.38568600380169,7.7728152845552
2.0,9.0,9.0,False,3.0015558004379272,24.630074457450206,15.57909088048316
2.0,-7.0,-7.0,False,1.2088502645492554,19.541620391378807,21.682084080654388
2.0,-52.0,-52.0,False,3.13155597448349,21.90884068471014,31.236045178274594
2.0,50.0,50.0,False,1.4314748048782349,33.63547532797233,24.901099080414053
2.0,-16.0,-16.0,False,2.448296844959259,30.64076549569794,24.127652234960944
2.0,-42.0,-42.0,False,4.023748219013214,6.956510598235953,23.295662124960778
2.0,34.0,34.0,False,1.5037471652030945,20.225622598050222,21.682084080654388
2.0,21.0,21.0,False,4.601400256156921,15.279468143853476,35.78205794709068
2.0,30.0,30.0,False,2.2695714235305786,24.630074457450206,27.513876517704556
2.0,27.0,27.0,False,4.162864506244659,30.144939614110672,31.82214311241224
2.0,39.0,39.0,False,2.2695714235305786,18.67615687860847,27.513876517704556
2.0,-33.0,-33.0,False,3.1331907510757446,35.843823433678594,32.91141081911861
2.0,39.0,39.0,False,3.1464685201644897,18.743240485877514,19.708434004523152
2.0,24.0,24.0,False,3.027155101299286,32.69666169184578,22.108152106335908
2.0,24.0,24.0,False,1.5037471652030945,24.630074457450206,21.682084080654388
2.0,-62.0,-62.0,False,3.076087772846222,21.90884068471014,19.441087299755857
2.0,36.0,36.0,False,2.4489800930023193,35.166991631571776,24.542622295571157
2.0,20.0,20.0,False,2.448296844959259,30.64076549569794,25.715823483277678
2.0,-26.0,-26.0,False,3.1945232152938843,16.22446842116303,33.94397208812464
2.0,47.0,47.0,False,2.0695550441741943,29.923454239008823,28.820114552828112
2.0,-3.0,-3.0,False,5.634735405445099,22.624142878193208,29.90291379937124
2.0,-15.0,-15.0,False,2.8570218086242676,29.21143369413939,19.445600017845067
2.0,13.0,13.0,False,3.076087772846222,4.481852602910032,19.441087299755857
2.0,-34.0,-34.0,False,2.540506422519684,28.116022126642136,10.635418440133352
2.0,-1.0,-1.0,False,1.4266581237316132,19.865527024746847,23.068434202502253
2.0,-15.0,-15.0,False,2.045419156551361,32.03791208348237,16.4365618477917
2.0,-37.0,-37.0,False,3.4022809863090515,28.116022126642136,6.427551953147684
2.0,-20.0,-20.0,False,3.5634565353393555,25.92845440972895,18.575195081464237
2.0,51.0,51.0,False,3.8996469974517822,15.68662788429011,19.71282096025786
2.0,14.0,14.0,False,2.3866533041000366,35.33073143705864,33.99442138906607
2.0,46.0,46.0,False,2.4489800930023193,8.33280175103024,24.542622295571157
2.0,-21.0,-21.0,False,1.9150481820106506,26.91219869286402,5.843127538811253
2.0,2.0,2.0,True,1.6706708669662476,8.33280175103024,35.26076295908942
2.0,20.0,20.0,False,1.7982127666473389,36.01678017441426,23.462362138833956
2.0,2.0,2.0,True,2.9949169158935547,21.41289191123986,35.78205794709068
2.0,42.0,42.0,False,1.5037471652030945,35.33073143705864,21.682084080654388
2.0,-9.0,-9.0,False,3.5634565353393555,25.79547340841524,18.575195081464237
2.0,46.0,46.0,False,3.8996469974517822,15.68662788429011,31.149302726766926
2.0,-1.0,-1.0,False,2.965057611465454,22.83619151592413,31.448136170412937
2.0,7.0,7.0,False,3.3568029701709747,27.047034798099936,32.40193593399178
2.0,7.0,7.0,False,2.5635184347629547,14.59915384557944,7.415009417023084
2.0,14.0,14.0,False,3.615839332342148,15.101617188411387,32.241337655220086
2.0,45.0,45.0,False,1.7849475741386414,10.918592928546547,23.462362138833956
2.0,-34.0,-34.0,False,2.988057851791382,13.409309376022858,30.36051721235347
2.0,-13.0,-13.0,False,1.651623249053955,30.64076549569794,27.198448274331646
2.0,-55.0,-55.0,False,2.3258383870124817,31.568709021469765,19.592338158271378
2.0,-18.0,-18.0,False,2.448296844959259,30.64076549569794,29.86099778521027
2.0,5.0,5.0,False,1.8328933715820312,31.971746011592565,22.66685004253635
2.0,-27.0,-27.0,False,1.5794258117675781,9.183586480816455,34.733486340918546
2.0,-32.0,-32.0,False,2.467828333377838,26.973747435753978,26.325718348049545
2.0,24.0,24.0,False,1.2980918288230896,15.101617188411387,3.380975167039705
2.0,-6.0,-6.0,False,3.107409358024597,27.656551380993815,10.31088891593816
2.0,-75.0,-75.0,False,4.287232339382172,21.90884068471014,6.427551953147684
2.0,14.0,14.0,False,1.8911126255989075,14.59915384557944,17.371804032624258
2.0,-47.0,-47.0,False,3.875114142894745,37.38568600380169,33.29898623106143
2.0,27.0,27.0,False,3.1945232152938843,9.09800562959582,33.94397208812464
2.0,3.0,3.0,False,2.2887845039367676,9.824894554601245,30.36051721235347
2.0,-6.0,-6.0,False,1.2088502645492554,19.541620391378807,19.595071507717908
2.0,8.0,8.0,False,3.4022809863090515,28.116022126642136,7.415009417023084
2.0,35.0,35.0,False,3.4332969784736633,4.481852602910032,18.575195081464237
2.0,42.0,42.0,False,1.7615023851394653,22.248410821803972,7.7728152845552
2.0,-28.0,-28.0,False,3.7805986404418945,15.60554856147457,31.35468295528793
2.0,15.0,15.0,False,2.610757291316986,8.33280175103024,17.51198170430677
2.0,-1.0,-1.0,False,3.1331907510757446,7.648462998812353,32.91141081911861
2.0,36.0,36.0,False,3.4332969784736633,4.481852602910032,25.715823483277678
2.0,34.0,34.0,False,2.2171555161476135,8.660856212638478,24.087873838222887
2.0,19.0,19.0,False,3.0266414284706116,17.430522767028094,25.715823483277678
2.0,4.0,4.0,False,1.2459309101104736,8.931316077039316,29.37963551408822
2.0,32.0,32.0,False,1.824324607849121,13.644027722511993,19.71282096025786
2.0,52.0,52.0,False,1.5996634364128113,24.648113421502625,13.030337221666658
2.0,13.0,13.0,False,2.2887845039367676,9.824894554601245,19.592338158271378
2.0,20.0,20.0,False,1.233888864517212,16.06220372739439,15.699282655303499
2.0,6.0,6.0,False,0.5283001884818077,14.617566558962983,32.40193593399178
2.0,48.0,48.0,False,2.8675488233566284,15.68662788429011,20.920707504825007
2.0,59.0,59.0,False,2.2171555161476135,22.248410821803972,24.087873838222887
2.0,35.0,35.0,False,3.2331326007843018,35.166991631571776,26.477792899818954
2.0,-4.0,-4.0,False,1.2088502645492554,19.541620391378807,24.901099080414053
2.0,-28.0,-28.0,False,2.1055375933647156,25.79547340841524,26.84762777934458
2.0,-8.0,-8.0,False,1.8328933715820312,31.971746011592565,31.351936526316763
2.0,0.0,0.0,False,2.748087704181671,33.63547532797233,6.427551953147684
2.0,-40.0,-40.0,False,1.2459309101104736,30.097136468378373,29.37963551408822
2.0,-3.0,-3.0,False,4.7671732902526855,35.166991631571776,33.29898623106143
2.0,14.0,14.0,False,3.1740484833717346,8.223319230342668,33.94397208812464
2.0,8.0,8.0,False,3.2277570366859436,27.407492249541754,26.477792899818954
2.0,48.0,48.0,False,3.4332969784736633,4.481852602910032,8.744844716319943
3.0,-47.0,-47.0,False,3.107409358024597,27.656551380993815,20.493746012890593
3.0,-43.0,-43.0,False,2.0967530012130737,16.905378336831916,31.38336981880821
3.0,23.0,23.0,False,2.935213267803192,19.642369255843608,30.043911458949115
3.0,-51.0,-51.0,False,2.5686932802200317,18.196116919812113,31.38336981880821
3.0,-21.0,-21.0,False,2.2448704540729523,14.59915384557944,25.428733571057606
3.0,-13.0,-13.0,False,3.9484726190567017,8.931316077039316,27.07901591196244
3.0,-4.0,-4.0,False,2.8178099393844604,25.79547340841524,20.07417715721179
3.0,52.0,52.0,False,3.206999182701111,9.09800562959582,33.61731335729204
3.0,-35.0,-35.0,False,1.7244549989700317,32.69666169184578,17.415009792433555
3.0,-10.0,-10.0,False,2.9826197624206543,37.38568600380169,27.638525297072633
3.0,-1.0,-1.0,False,4.13850873708725,32.69666169184578,12.111436631458385
3.0,-6.0,-6.0,False,3.0015558004379272,24.630074457450206,28.25771342949115
3.0,-37.0,-37.0,False,2.2448704540729523,27.656551380993815,25.428733571057606
3.0,71.0,71.0,False,3.8996469974517822,15.68662788429011,9.961161340928564
3.0,34.0,34.0,False,1.2184376120567322,14.830556688207254,11.934899970707379
3.0,-41.0,-41.0,False,3.3657261729240417,16.22446842116303,23.398072407060113
3.0,-1.0,-1.0,False,3.2277570366859436,27.407492249541754,27.297620984754463
3.0,-9.0,-9.0,False,2.3783482909202576,7.648462998812353,12.834733234363137
3.0,-6.0,-6.0,False,4.720672905445099,23.60713553773772,16.421269399290725
3.0,-18.0,-18.0,False,2.109887719154358,21.41289191123986,34.903948797667965
3.0,-36.0,-36.0,False,2.3210570216178894,32.69666169184578,30.930633276084393
3.0,33.0,33.0,False,3.0266414284706116,17.430522767028094,14.435607654029132
3.0,-9.0,-9.0,False,2.5411071181297302,32.69666169184578,18.218886726612276
3.0,1.0,1.0,False,4.3308225274086,9.307142162918954,24.63892116231524
3.0,43.0,43.0,False,2.551866888999939,10.004409199456797,14.21874409769795
3.0,-12.0,-12.0,False,1.5608877539634705,20.75038415484271,33.321471532450225
3.0,-31.0,-31.0,False,2.9567827582359314,18.196116919812113,26.749602502026427
3.0,30.0,30.0,False,2.9905937910079956,18.67615687860847,28.39319991515784
3.0,53.0,53.0,False,2.551866888999939,15.993903190591706,14.21874409769795
3.0,-2.0,-2.0,False,2.8570218086242676,23.554066107352128,16.8704197071736
3.0,-42.0,-42.0,False,2.5040205121040344,9.183586480816455,24.63892116231524
3.0,-1.0,-1.0,False,3.211077570915222,26.54352680037906,31.87897571378062
3.0,-36.0,-36.0,False,1.7208598256111145,32.69666169184578,18.147326063853658
3.0,8.0,8.0,False,1.7849475741386414,10.918592928546547,29.905493731687468
3.0,7.0,7.0,False,1.9487190544605255,7.6751264530662064,24.194594572438245
3.0,27.0,27.0,False,1.6303650736808777,15.279468143853476,31.31891814525308
3.0,0.0,0.0,False,2.2887845039367676,9.824894554601245,3.8185192182016565
3.0,51.0,51.0,False,1.8332285284996033,26.398585129161642,14.21874409769795
3.0,-11.0,-11.0,False,1.6847675740718842,13.784381156094978,23.398072407060113
3.0,10.0,10.0,False,1.5608877539634705,7.648462998812353,33.321471532450225
3.0,20.0,20.0,False,2.4065297842025757,37.05699495083724,9.961161340928564
3.0,16.0,16.0,False,2.622411012649536,11.206725793493792,16.8704197071736
3.0,31.0,31.0,False,2.112702190876007,20.225622598050222,16.976783607050688
3.0,66.0,66.0,False,3.1740484833717346,8.223319230342668,9.961161340928564
3.0,-5.0,-5.0,False,5.024310767650604,22.624142878193208,10.676207169970654
3.0,10.0,10.0,False,3.2277570366859436,27.407492249541754,31.566669453100815
3.0,73.0,73.0,False,2.2887845039367676,9.824894554601245,12.141090020856087
3.0,-3.0,-3.0,False,1.7208598256111145,26.91219869286402,18.147326063853658
3.0,39.0,39.0,False,2.5546799898147583,13.307537461292055,27.854344399987678
3.0,-23.0,-23.0,False,2.3783482909202576,30.144939614110672,12.834733234363137
3.0,-8.0,-8.0,False,1.5608877539634705,24.630074457450206,33.321471532450225
3.0,-31.0,-31.0,False,2.4781349301338196,25.79547340841524,18.495946955677383
3.0,-1.0,-1.0,False,6.949200510978699,22.38290802567421,16.976783607050688
3.0,34.0,34.0,False,2.112702190876007,20.225622598050222,16.185850788484068
3.0,6.0,6.0,False,2.5635184347629547,14.59915384557944,28.39319991515784
3.0,-10.0,-10.0,False,3.4243081510066986,27.38383510274606,25.77777416495959
3.0,32.0,32.0,False,2.206324875354767,16.6767210705607,27.089845862247575
3.0,14.0,14.0,False,3.0523241460323334,15.993903190591706,27.340407301262463
3.0,26.0,26.0,False,2.9528762698173523,32.44464163542472,14.435607654029132
3.0,-7.0,-7.0,False,3.107409358024597,27.656551380993815,7.134185759097705
3.0,35.0,35.0,False,2.9905937910079956,18.67615687860847,20.54780596230415
3.0,20.0,20.0,False,3.0666863918304443,15.101617188411387,6.379064423655132
3.0,11.0,11.0,False,2.1892183423042297,20.32312391192729,15.668592023566653
3.0,4.0,4.0,False,1.4266581237316132,19.865527024746847,34.903948797667965
3.0,-15.0,-15.0,False,2.6297053694725037,11.047435956684295,6.361703282444854
3.0,-14.0,-14.0,False,3.982268750667572,6.956510598235953,35.017141504229
3.0,17.0,17.0,False,1.6961322277784348,15.993903190591706,15.819045841701639
3.0,-8.0,-8.0,False,2.9826197624206543,22.624142878193208,27.638525297072633
3.0,37.0,37.0,False,1.5996634364128113,24.648113421502625,16.421269399290725
3.0,1.0,1.0,False,2.2522791028022766,16.06220372739439,21.680663688607773
3.0,2.0,2.0,False,2.4706369638442993,8.223319230342668,32.32215163152994
3.0,13.0,13.0,False,3.050490379333496,24.74960868217838,28.25771342949115
3.0,34.0,34.0,False,1.2184376120567322,14.830556688207254,9.399688003313267
3.0,23.0,23.0,False,3.0015558004379272,24.630074457450206,31.566669453100815
3.0,-10.0,-10.0,False,3.9824768900871277,22.38290802567421,27.297620984754463
3.0,-22.0,-22.0,False,2.6041455566883087,30.097136468378373,27.297620984754463
3.0,-12.0,-12.0,False,3.4626773595809937,11.324183884744965,27.089845862247575
3.0,38.0,38.0,False,2.954469174146652,28.547548617060922,25.14612605934036
3.0,-36.0,-36.0,False,3.667074590921402,27.260830887847142,18.260034807052946
3.0,67.0,67.0,False,2.954469174146652,28.547548617060922,12.141090020856087
3.0,36.0,36.0,False,2.2880871295928955,18.743240485877514,24.628847470315463
3.0,-7.0,-7.0,False,3.5358769297599792,37.38568600380169,19.36740908663324
3.0,5.0,5.0,False,2.109887719154358,16.6767210705607,34.903948797667965
3.0,32.0,32.0,False,1.2184376120567322,14.830556688207254,7.726958446945364
3.0,3.0,3.0,True,3.688220977783203,10.004409199456797,30.043911458949115
3.0,67.0,67.0,False,2.159067451953888,35.33073143705864,29.005221850423506
3.0,36.0,36.0,False,2.0076794624328613,13.307537461292055,33.118012752991014
3.0,41.0,41.0,False,3.9484726190567017,8.931316077039316,11.934899970707379
3.0,40.0,40.0,False,3.108276128768921,24.72803495581855,28.39319991515784
3.0,-45.0,-45.0,False,3.667074590921402,37.38568600380169,18.260034807052946
3.0,-28.0,-28.0,False,0.5283001884818077,14.617566558962983,34.903948797667965
3.0,3.0,3.0,True,2.988057851791382,13.409309376022858,27.854344399987678
3.0,41.0,41.0,False,2.9956433176994324,16.06220372739439,11.934899970707379
3.0,-6.0,-6.0,False,1.2184376120567322,14.830556688207254,21.680663688607773
3.0,33.0,33.0,False,3.9484726190567017,8.931316077039316,27.854344399987678
3.0,-37.0,-37.0,False,3.4243081510066986,27.38383510274606,21.049646298479143
3.0,9.0,9.0,False,1.7849475741386414,10.918592928546547,18.260034807052946
3.0,37.0,37.0,False,4.601400256156921,15.279468143853476,11.934899970707379
3.0,26.0,26.0,False,2.206324875354767,16.6767210705607,16.421269399290725
3.0,-7.0,-7.0,False,2.5040205121040344,9.183586480816455,16.421269399290725
3.0,56.0,56.0,False,3.206999182701111,9.09800562959582,16.185850788484068
3.0,-11.0,-11.0,False,0.5283001884818077,14.617566558962983,27.297620984754463
3.0,41.0,41.0,False,5.745586633682251,29.668123591648676,16.421269399290725
3.0,-48.0,-48.0,False,2.6041455566883087,30.097136468378373,7.518512131629629
3.0,28.0,28.0,False,3.4769829511642456,25.635594276041335,27.297620984754463
3.0,-19.0,-19.0,False,2.0112594068050385,20.75038415484271,6.973225204378284
3.0,32.0,32.0,False,2.9567827582359314,15.101617188411387,26.749602502026427
3.0,41.0,41.0,False,4.853034287691116,23.554066107352128,5.297059722650129
3.0,-20.0,-20.0,False,3.4652340412139893,20.75038415484271,20.493746012890593
3.0,-4.0,-4.0,False,1.7593196034431458,26.321887663541897,28.25771342949115
3.0,47.0,47.0,False,6.532543182373047,23.554066107352128,25.14612605934036
3.0,3.0,3.0,True,2.8765732049942017,7.648462998812353,25.549048505709937
3.0,-39.0,-39.0,False,4.029255390167236,27.260830887847142,34.93556740317086
3.0,26.0,26.0,False,1.5996634364128113,24.648113421502625,19.312253586268028
3.0,-23.0,-23.0,False,1.9487190544605255,21.90884068471014,24.194594572438245
3.0,64.0,64.0,False,2.2887845039367676,9.824894554601245,14.21874409769795
3.0,-22.0,-22.0,False,1.5608877539634705,28.116022126642136,33.321471532450225
3.0,31.0,31.0,False,2.0076794624328613,28.547548617060922,33.118012752991014
3.0,-11.0,-11.0,False,1.7982127666473389,36.01678017441426,18.495946955677383
3.0,41.0,41.0,False,2.2887845039367676,9.824894554601245,16.185850788484068
3.0,-34.0,-34.0,False,2.2448704540729523,22.624142878193208,25.428733571057606
3.0,34.0,34.0,False,2.206324875354767,16.6767210705607,7.134185759097705
3.0,49.0,49.0,False,2.573796182870865,15.101617188411387,22.02459852305198
3.0,12.0,12.0,False,2.2522791028022766,17.338763343201425,21.680663688607773
3.0,4.0,4.0,False,1.2184376120567322,14.830556688207254,25.77777416495959
3.0,-28.0,-28.0,False,1.460553228855133,31.568709021469765,17.159430315035877
3.0,1.0,1.0,False,2.8570218086242676,29.923454239008823,16.8704197071736
3.0,-14.0,-14.0,False,1.7593196034431458,26.321887663541897,29.905493731687468
3.0,29.0,29.0,False,3.809454381465912,18.743240485877514,27.297620984754463
3.0,15.0,15.0,False,3.9484726190567017,8.931316077039316,33.99144064929509
3.0,5.0,5.0,False,2.112702190876007,20.225622598050222,30.930633276084393
3.0,-10.0,-10.0,False,2.965057611465454,22.83619151592413,18.260034807052946
3.0,22.0,22.0,False,2.9956433176994324,16.06220372739439,27.297620984754463
3.0,33.0,33.0,False,3.211077570915222,26.54352680037906,12.141090020856087
3.0,12.0,12.0,False,3.4243081510066986,27.38383510274606,27.854344399987678
3.0,8.0,8.0,False,1.6847675740718842,13.784381156094978,14.867943508472939
3.0,13.0,13.0,False,2.2448704540729523,8.223319230342668,25.428733571057606
3.0,28.0,28.0,False,2.6297053694725037,11.047435956684295,27.089845862247575
3.0,-7.0,-7.0,False,3.108276128768921,24.72803495581855,19.80050173133401
3.0,-10.0,-10.0,False,2.2522791028022766,32.44464163542472,21.680663688607773
3.0,33.0,33.0,False,4.5018298625946045,29.21143369413939,20.54780596230415
3.0,-51.0,-51.0,False,2.8678463101387024,25.92845440972895,20.383350931047197
3.0,3.0,3.0,True,2.573845624923706,22.793596770616414,14.867943508472939
3.0,43.0,43.0,False,2.2887845039367676,9.824894554601245,20.54780596230415
3.0,-18.0,-18.0,False,2.4823248088359833,32.03791208348237,25.549048505709937
3.0,-2.0,-2.0,False,2.2448704540729523,22.793596770616414,25.428733571057606
3.0,9.0,9.0,False,1.7849475741386414,10.918592928546547,25.549048505709937
3.0,33.0,33.0,False,2.112702190876007,20.225622598050222,10.676207169970654
3.0,27.0,27.0,False,0.8101569414138794,16.06220372739439,21.83394025973381
3.0,-47.0,-47.0,False,2.6447466611862183,15.858357273764621,36.644787751607346
3.0,68.0,68.0,False,2.159067451953888,24.74960868217838,29.005221850423506
3.0,19.0,19.0,False,2.551866888999939,22.624142878193208,14.21874409769795
3.0,11.0,11.0,False,2.109887719154358,25.635594276041335,34.903948797667965
3.0,1.0,1.0,False,3.4243081510066986,27.38383510274606,27.297620984754463
3.0,2.0,2.0,False,2.5851669907569885,25.635594276041335,13.29313124636667
3.0,39.0,39.0,False,2.935213267803192,19.642369255843608,31.566669453100815
3.0,6.0,6.0,False,2.684738278388977,26.973747435753978,27.340407301262463
3.0,8.0,8.0,False,2.0112594068050385,33.63547532797233,6.973225204378284
3.0,54.0,54.0,False,2.622411012649536,11.206725793493792,16.421269399290725
3.0,17.0,17.0,False,2.965057611465454,22.83619151592413,27.297620984754463
3.0,34.0,34.0,False,2.9956433176994324,16.06220372739439,16.185850788484068
3.0,30.0,30.0,False,2.5152156949043274,33.34571068959767,30.043911458949115
3.0,33.0,33.0,False,2.9950031638145447,8.660856212638478,35.017141504229
3.0,-15.0,-15.0,False,3.3568029701709747,27.047034798099936,30.043911458949115
3.0,-4.0,-4.0,False,4.029255390167236,35.166991631571776,34.93556740317086
3.0,-36.0,-36.0,False,2.6447466611862183,15.858357273764621,7.518512131629629
3.0,-37.0,-37.0,False,4.072222650051117,25.79547340841524,20.493746012890593
3.0,-45.0,-45.0,False,4.720672905445099,23.60713553773772,27.07901591196244
3.0,-8.0,-8.0,False,2.573796182870865,26.54352680037906,22.02459852305198
3.0,-1.0,-1.0,False,1.7208598256111145,30.144939614110672,18.147326063853658
3.0,-24.0,-24.0,False,2.5686932802200317,26.973747435753978,31.38336981880821
3.0,30.0,30.0,False,1.6303650736808777,18.67615687860847,31.31891814525308
3.0,-9.0,-9.0,False,2.6297053694725037,11.047435956684295,25.549048505709937
3.0,18.0,18.0,False,1.6345978677272797,20.32312391192729,9.101173543191079
3.0,0.0,0.0,False,1.4266581237316132,19.865527024746847,21.680663688607773
3.0,-13.0,-13.0,False,4.941118121147156,16.22446842116303,27.340407301262463
3.0,10.0,10.0,False,2.730090856552124,27.260830887847142,16.13015368999143
3.0,26.0,26.0,False,3.9484726190567017,8.931316077039316,16.421269399290725
3.0,22.0,22.0,False,3.688220977783203,10.004409199456797,20.54780596230415
3.0,33.0,33.0,False,2.551866888999939,28.116022126642136,14.21874409769795
3.0,44.0,44.0,False,1.6303650736808777,4.481852602910032,31.31891814525308
3.0,13.0,13.0,False,1.7043076753616333,7.648462998812353,13.521235118631019
3.0,9.0,9.0,False,4.018531918525696,22.248410821803972,21.049646298479143
3.0,0.0,0.0,False,6.115434527397156,29.21143369413939,8.489404750576098
3.0,-40.0,-40.0,False,4.029255390167236,23.60713553773772,34.93556740317086
3.0,12.0,12.0,False,2.965057611465454,22.83619151592413,30.043911458949115
3.0,17.0,17.0,False,3.4652340412139893,20.75038415484271,28.39319991515784
3.0,-57.0,-57.0,False,4.13850873708725,32.69666169184578,19.80050173133401
3.0,-36.0,-36.0,False,2.3210570216178894,27.656551380993815,30.930633276084393
3.0,22.0,22.0,False,0.8101569414138794,22.83619151592413,21.83394025973381
3.0,4.0,4.0,False,2.6269367337226868,30.144939614110672,29.515148233709983
3.0,46.0,46.0,False,3.1740484833717346,8.223319230342668,14.435607654029132
3.0,-2.0,-2.0,False,2.2880871295928955,16.22446842116303,24.628847470315463
3.0,-17.0,-17.0,False,1.6847675740718842,13.784381156094978,19.80050173133401
3.0,41.0,41.0,False,2.112702190876007,20.225622598050222,11.934899970707379
3.0,-3.0,-3.0,False,3.9898303151130676,7.648462998812353,6.361703282444854
3.0,33.0,33.0,False,3.9484726190567017,8.931316077039316,35.017141504229
3.0,27.0,27.0,False,1.460553228855133,30.144939614110672,17.159430315035877
3.0,39.0,39.0,False,2.622411012649536,11.206725793493792,25.77777416495959
3.0,-29.0,-29.0,False,2.9567827582359314,16.720532473796265,26.749602502026427
3.0,44.0,44.0,False,2.2887845039367676,9.824894554601245,21.15332010962242
3.0,7.0,7.0,False,4.029255390167236,29.668123591648676,34.93556740317086
3.0,35.0,35.0,False,0.8101569414138794,7.648462998812353,21.83394025973381
3.0,-13.0,-13.0,False,3.3657261729240417,29.21143369413939,23.398072407060113
3.0,-28.0,-28.0,False,3.050490379333496,27.047034798099936,28.25771342949115
3.0,19.0,19.0,False,2.9826197624206543,34.323262067724954,27.638525297072633
3.0,-29.0,-29.0,False,2.6447466611862183,15.858357273764621,8.489404750576098
3.0,12.0,12.0,False,1.7244549989700317,25.635594276041335,17.415009792433555
3.0,-30.0,-30.0,False,2.5635184347629547,14.59915384557944,25.549048505709937
3.0,15.0,15.0,False,3.2277570366859436,27.407492249541754,6.33060962266511
3.0,-6.0,-6.0,False,0.5283001884818077,14.617566558962983,20.07417715721179
3.0,2.0,2.0,False,2.0967530012130737,16.905378336831916,10.676207169970654
3.0,-59.0,-59.0,False,2.8570218086242676,6.956510598235953,16.8704197071736
3.0,56.0,56.0,False,4.853034287691116,22.248410821803972,5.297059722650129
3.0,34.0,34.0,False,6.115434527397156,29.21143369413939,25.14612605934036
3.0,38.0,38.0,False,1.4266581237316132,19.865527024746847,24.194594572438245
3.0,-22.0,-22.0,False,5.189185082912445,16.720532473796265,33.99144064929509
3.0,16.0,16.0,False,2.8178099393844604,32.44464163542472,20.07417715721179
3.0,-12.0,-12.0,False,2.2880871295928955,32.69666169184578,24.628847470315463
3.0,13.0,13.0,False,1.540235161781311,4.734114032263185,27.854344399987678
3.0,1.0,1.0,False,3.4769829511642456,25.635594276041335,18.260034807052946
3.0,10.0,10.0,False,1.67342609167099,35.6753538610048,27.340407301262463
3.0,38.0,38.0,False,3.809454381465912,18.743240485877514,5.297059722650129
3.0,37.0,37.0,False,3.291223645210266,31.2104161530495,27.089845862247575
3.0,53.0,53.0,False,1.7849475741386414,10.918592928546547,7.726958446945364
3.0,39.0,39.0,False,2.9905937910079956,18.67615687860847,12.111436631458385
3.0,27.0,27.0,False,1.8332285284996033,26.398585129161642,10.676207169970654
3.0,9.0,9.0,False,2.9826197624206543,27.38383510274606,27.638525297072633
3.0,4.0,4.0,False,3.8640218377113342,16.720532473796265,9.399688003313267
3.0,11.0,11.0,False,1.2184376120567322,14.830556688207254,27.340407301262463
3.0,-7.0,-7.0,False,2.8178099393844604,15.60554856147457,20.07417715721179
3.0,-39.0,-39.0,False,2.9949169158935547,21.41289191123986,19.80050173133401
3.0,5.0,5.0,False,2.684738278388977,26.973747435753978,30.043911458949115
3.0,-28.0,-28.0,False,1.6345978677272797,16.22446842116303,9.101173543191079
3.0,-45.0,-45.0,False,2.0112594068050385,37.38568600380169,6.973225204378284
3.0,-6.0,-6.0,False,3.108276128768921,24.72803495581855,36.644787751607346
3.0,-37.0,-37.0,False,2.0967530012130737,16.905378336831916,20.493746012890593
3.0,-11.0,-11.0,False,3.4626773595809937,11.324183884744965,27.854344399987678
3.0,47.0,47.0,False,2.2887845039367676,9.824894554601245,12.111436631458385
3.0,33.0,33.0,False,2.206324875354767,16.6767210705607,31.566669453100815
3.0,6.0,6.0,False,2.0112594068050385,17.338763343201425,6.973225204378284
3.0,-15.0,-15.0,False,1.7982127666473389,36.01678017441426,13.29313124636667
3.0,7.0,7.0,False,3.5597676038742065,35.843823433678594,16.976783607050688
3.0,31.0,31.0,False,2.573796182870865,19.642369255843608,22.02459852305198
3.0,-21.0,-21.0,False,5.337521970272064,18.196116919812113,27.340407301262463
3.0,-25.0,-25.0,False,2.4823248088359833,32.03791208348237,16.8704197071736
3.0,58.0,58.0,False,1.7593196034431458,26.321887663541897,12.141090020856087
3.0,23.0,23.0,False,1.8328933715820312,31.971746011592565,9.399688003313267
3.0,25.0,25.0,False,3.365821957588196,26.91219869286402,27.854344399987678
3.0,-3.0,-3.0,False,1.9487190544605255,14.719583605184278,24.194594572438245
3.0,-12.0,-12.0,False,2.9826197624206543,14.719583605184278,27.638525297072633
3.0,-22.0,-22.0,False,3.408350706100464,22.793596770616414,21.049646298479143
3.0,9.0,9.0,False,3.4022809863090515,28.116022126642136,27.854344399987678
3.0,42.0,42.0,False,3.108276128768921,24.72803495581855,35.017141504229
3.0,-7.0,-7.0,False,3.8400921523571014,22.624142878193208,28.39319991515784
3.0,50.0,50.0,False,2.748087704181671,33.63547532797233,14.435607654029132
3.0,25.0,25.0,False,1.2184376120567322,14.830556688207254,27.089845862247575
3.0,31.0,31.0,False,3.408350706100464,22.793596770616414,14.435607654029132
3.0,41.0,41.0,False,3.1740484833717346,8.223319230342668,27.089845862247575
3.0,5.0,5.0,False,1.8332285284996033,26.398585129161642,25.77777416495959
3.0,-20.0,-20.0,False,3.050490379333496,28.116022126642136,28.25771342949115
3.0,11.0,11.0,False,2.573796182870865,20.75038415484271,22.02459852305198
3.0,11.0,11.0,False,1.6961322277784348,24.630074457450206,15.819045841701639
3.0,-29.0,-29.0,False,1.540235161781311,4.734114032263185,20.383350931047197
3.0,-11.0,-11.0,False,1.7593196034431458,26.321887663541897,25.20030988472429
3.0,4.0,4.0,False,2.5770567059516907,35.33073143705864,15.668592023566653
3.0,1.0,1.0,False,2.6447466611862183,15.858357273764621,31.566669453100815
3.0,-42.0,-42.0,False,1.7043076753616333,6.956510598235953,13.521235118631019
3.0,-3.0,-3.0,False,3.875114142894745,37.38568600380169,21.15332010962242
3.0,18.0,18.0,False,1.7043076753616333,33.63547532797233,13.521235118631019
3.0,-23.0,-23.0,False,2.8678463101387024,10.004409199456797,20.383350931047197
3.0,67.0,67.0,False,2.622411012649536,11.206725793493792,7.726958446945364
3.0,-12.0,-12.0,False,2.5686932802200317,8.931316077039316,31.38336981880821
3.0,11.0,11.0,False,2.7767388820648193,17.430522767028094,19.312253586268028
3.0,18.0,18.0,False,2.169079750776291,27.352446301282647,22.02459852305198
3.0,-27.0,-27.0,False,1.7982127666473389,36.01678017441426,19.80050173133401
3.0,57.0,57.0,False,3.7285558581352234,22.248410821803972,27.089845862247575
3.0,-1.0,-1.0,False,2.0967530012130737,16.905378336831916,28.52344559121102
3.0,-23.0,-23.0,False,2.6605873703956604,26.91219869286402,20.208432260906946
3.0,-9.0,-9.0,False,2.5411071181297302,27.656551380993815,18.218886726612276
3.0,0.0,0.0,False,1.7208598256111145,22.83619151592413,18.147326063853658
3.0,-37.0,-37.0,False,2.4065297842025757,37.05699495083724,18.495946955677383
3.0,23.0,23.0,False,2.4823248088359833,32.03791208348237,20.54780596230415
3.0,-35.0,-35.0,False,1.6345978677272797,22.624142878193208,9.101173543191079
3.0,-8.0,-8.0,False,2.0076794624328613,22.624142878193208,33.118012752991014
3.0,-8.0,-8.0,False,2.9528762698173523,32.44464163542472,8.489404750576098
3.0,-56.0,-56.0,False,2.3210570216178894,31.568709021469765,30.930633276084393
3.0,15.0,15.0,False,3.4022809863090515,28.116022126642136,7.726958446945364
3.0,-53.0,-53.0,False,4.184528231620789,25.92845440972895,6.361703282444854
3.0,1.0,1.0,False,2.4781349301338196,28.547548617060922,18.495946955677383
3.0,40.0,40.0,False,3.1740484833717346,8.223319230342668,16.976783607050688
3.0,36.0,36.0,False,1.7849475741386414,10.918592928546547,27.297620984754463
3.0,-48.0,-48.0,False,4.184528231620789,25.92845440972895,20.493746012890593
3.0,-2.0,-2.0,False,2.8678463101387024,18.743240485877514,20.383350931047197
3.0,9.0,9.0,False,2.0112594068050385,8.33280175103024,6.973225204378284
3.0,10.0,10.0,False,2.1892183423042297,20.32312391192729,25.549048505709937
3.0,-22.0,-22.0,False,2.6269367337226868,22.38290802567421,29.515148233709983
3.0,8.0,8.0,False,1.6303650736808777,27.407492249541754,31.31891814525308
3.0,-19.0,-19.0,False,3.667074590921402,10.004409199456797,18.260034807052946
3.0,-14.0,-14.0,False,1.540235161781311,4.734114032263185,23.761026432876587
3.0,21.0,21.0,False,2.8178099393844604,30.144939614110672,20.07417715721179
3.0,-11.0,-11.0,False,1.6961322277784348,27.047034798099936,15.819045841701639
3.0,-48.0,-48.0,False,0.5283001884818077,14.617566558962983,20.208432260906946
3.0,33.0,33.0,False,2.9950031638145447,8.660856212638478,27.854344399987678
3.0,-20.0,-20.0,False,2.9949169158935547,21.41289191123986,8.489404750576098
3.0,12.0,12.0,False,1.6345978677272797,8.223319230342668,9.101173543191079
3.0,-15.0,-15.0,False,2.5686932802200317,29.21143369413939,31.38336981880821
3.0,46.0,46.0,False,2.5152156949043274,33.34571068959767,27.854344399987678
3.0,9.0,9.0,False,1.6961322277784348,26.973747435753978,15.819045841701639
3.0,-2.0,-2.0,False,2.954469174146652,28.547548617060922,25.20030988472429
3.0,5.0,5.0,False,1.7208598256111145,20.225622598050222,18.147326063853658
3.0,-32.0,-32.0,False,4.023748219013214,6.956510598235953,33.99144064929509
3.0,50.0,50.0,False,3.1740484833717346,8.223319230342668,9.399688003313267
3.0,17.0,17.0,False,2.573845624923706,7.648462998812353,14.867943508472939
3.0,-38.0,-38.0,False,2.6447466611862183,15.858357273764621,20.493746012890593
3.0,10.0,10.0,False,3.4243081510066986,27.38383510274606,16.976783607050688
3.0,13.0,13.0,False,1.6345978677272797,9.307142162918954,9.101173543191079
3.0,69.0,69.0,False,2.622411012649536,11.206725793493792,16.13015368999143
3.0,44.0,44.0,False,3.8996469974517822,15.68662788429011,28.52344559121102
3.0,29.0,29.0,False,3.4038726091384888,8.33280175103024,33.99144064929509
3.0,30.0,30.0,False,2.112702190876007,20.225622598050222,27.638525297072633
3.0,42.0,42.0,False,3.1671906113624573,7.648462998812353,7.134185759097705
3.0,2.0,2.0,False,2.5546799898147583,13.307537461292055,13.29313124636667
3.0,-8.0,-8.0,False,1.7043076753616333,32.03791208348237,13.521235118631019
3.0,37.0,37.0,False,2.9826197624206543,18.743240485877514,27.638525297072633
3.0,-7.0,-7.0,False,1.4266581237316132,19.865527024746847,20.493746012890593
3.0,9.0,9.0,False,2.5411071181297302,21.41289191123986,18.218886726612276
3.0,-2.0,-2.0,False,5.111356317996979,22.38290802567421,33.61731335729204
3.0,-15.0,-15.0,False,1.8328933715820312,31.971746011592565,8.489404750576098
3.0,36.0,36.0,False,4.601400256156921,15.279468143853476,12.111436631458385
3.0,2.0,2.0,False,2.109887719154358,30.64076549569794,34.903948797667965
3.0,38.0,38.0,False,2.5546799898147583,13.307537461292055,31.87897571378062
3.0,43.0,43.0,False,2.551866888999939,20.75038415484271,14.21874409769795
3.0,-48.0,-48.0,False,3.819090962409973,32.69666169184578,3.8185192182016565
3.0,7.0,7.0,False,2.448296844959259,30.64076549569794,29.515148233709983
3.0,-17.0,-17.0,False,3.050490379333496,27.38383510274606,28.25771342949115
3.0,11.0,11.0,False,2.109887719154358,13.307537461292055,34.903948797667965
3.0,-44.0,-44.0,False,2.8570218086242676,7.6751264530662064,16.8704197071736
3.0,20.0,20.0,False,3.140407919883728,15.68662788429011,23.761026432876587
3.0,-2.0,-2.0,False,4.184528231620789,25.92845440972895,12.111436631458385
4.0,34.0,34.0,False,3.300954282283783,29.21143369413939,35.301803724334064
4.0,-39.0,-39.0,False,3.363456428050995,14.719583605184278,19.22885367433926
4.0,6.0,6.0,False,2.4823248088359833,32.03791208348237,15.0380389769402
4.0,9.0,9.0,False,2.646380662918091,23.60713553773772,6.286423407844504
4.0,-28.0,-28.0,False,1.5038633346557617,31.971746011592565,15.652482331331008
4.0,-67.0,-67.0,False,3.526886463165283,31.568709021469765,8.05889534027647
4.0,-7.0,-7.0,False,1.7865239381790161,37.38568600380169,34.65871536938304
4.0,-18.0,-18.0,False,1.8332285284996033,26.398585129161642,16.258465835810846
4.0,-56.0,-56.0,False,6.125771224498749,16.720532473796265,19.381839381817475
4.0,48.0,48.0,False,3.3245025277137756,25.635594276041335,25.75805545468999
4.0,-1.0,-1.0,False,1.362888216972351,26.973747435753978,14.46686424671264
4.0,-6.0,-6.0,False,2.43634569644928,35.843823433678594,23.143213141527262
4.0,-21.0,-21.0,False,1.362888216972351,7.6751264530662064,14.46686424671264
4.0,29.0,29.0,False,2.9905937910079956,18.67615687860847,31.957437879873087
4.0,51.0,51.0,False,2.169079750776291,27.352446301282647,19.21685235804192
4.0,3.0,3.0,False,1.4551259279251099,18.743240485877514,11.51928569936876
4.0,-8.0,-8.0,False,5.06681764125824,23.554066107352128,11.928695267718934
4.0,23.0,23.0,False,1.824324607849121,13.644027722511993,10.813715166373807
4.0,32.0,32.0,False,2.5152156949043274,33.34571068959767,15.0380389769402
4.0,24.0,24.0,False,2.43634569644928,13.307537461292055,23.143213141527262
4.0,5.0,5.0,False,2.498404026031494,18.67615687860847,25.67326253715639
4.0,37.0,37.0,False,3.469283878803253,24.74960868217838,10.813715166373807
4.0,3.0,3.0,False,1.6743347644805908,29.923454239008823,11.470019194928632
4.0,46.0,46.0,False,1.7849475741386414,10.918592928546547,17.56792455774448
4.0,12.0,12.0,False,2.487267851829529,24.630074457450206,9.886134425409068
4.0,4.0,4.0,True,1.7849475741386414,10.918592928546547,13.156864976441035
4.0,17.0,17.0,False,2.622411012649536,11.206725793493792,17.82915355446834
4.0,-13.0,-13.0,False,1.6486754417419434,13.644027722511993,29.285268078372088
4.0,-13.0,-13.0,False,3.408350706100464,22.793596770616414,7.512447200849843
4.0,-10.0,-10.0,False,2.7332763075828552,30.144939614110672,5.644505653191313
4.0,43.0,43.0,False,3.0735420286655426,15.101617188411387,15.0380389769402
4.0,-4.0,-4.0,False,2.169079750776291,27.352446301282647,16.82064658832933
4.0,-5.0,-5.0,False,1.7593196034431458,26.321887663541897,20.537096744230542
4.0,-2.0,-2.0,False,1.637912631034851,26.91219869286402,10.812303133368559
4.0,3.0,3.0,False,2.6297053694725037,11.047435956684295,20.65149591306319
4.0,10.0,10.0,False,2.954469174146652,28.547548617060922,27.70040298402895
4.0,3.0,3.0,False,3.9484726190567017,8.931316077039316,20.537096744230542
4.0,-44.0,-44.0,False,4.023748219013214,6.956510598235953,12.521573218871074
4.0,-60.0,-60.0,False,2.4065297842025757,37.05699495083724,23.088941865931023
4.0,-47.0,-47.0,False,3.2290316224098206,14.719583605184278,21.726333282260164
4.0,-35.0,-35.0,False,4.738476932048798,22.624142878193208,20.537096744230542
4.0,18.0,18.0,False,2.1892183423042297,20.32312391192729,28.401404392414943
4.0,-11.0,-11.0,False,3.408350706100464,22.793596770616414,30.656015066632925
4.0,-2.0,-2.0,False,1.5038633346557617,7.648462998812353,15.652482331331008
4.0,26.0,26.0,False,2.4903668761253357,30.144939614110672,34.30144396264337
4.0,-33.0,-33.0,False,1.637912631034851,18.196116919812113,10.812303133368559
4.0,-3.0,-3.0,False,2.6297053694725037,11.047435956684295,22.094464885363408
4.0,-30.0,-30.0,False,2.9528762698173523,32.44464163542472,19.381839381817475
4.0,-12.0,-12.0,False,3.831969678401947,15.279468143853476,24.865148539219334
4.0,-14.0,-14.0,False,3.4243081510066986,27.38383510274606,20.65149591306319
4.0,39.0,39.0,False,3.612581640481949,17.338763343201425,6.6944264701436635
4.0,-4.0,-4.0,False,1.7849475741386414,10.918592928546547,35.243121199690265
4.0,-3.0,-3.0,False,2.9905937910079956,18.67615687860847,26.144991148091616
4.0,17.0,17.0,False,1.362888216972351,13.307537461292055,14.46686424671264
4.0,-46.0,-46.0,False,1.4551259279251099,25.92845440972895,11.51928569936876
4.0,-15.0,-15.0,False,2.43634569644928,9.183586480816455,23.143213141527262
4.0,-36.0,-36.0,False,1.7982127666473389,36.01678017441426,19.166914393717594
4.0,-25.0,-25.0,False,2.0967530012130737,16.905378336831916,25.67326253715639
4.0,13.0,13.0,False,2.324254997074604,9.307142162918954,16.82064658832933
4.0,14.0,14.0,False,2.9949169158935547,21.41289191123986,35.301803724334064
4.0,-35.0,-35.0,False,2.7332763075828552,25.79547340841524,5.644505653191313
4.0,58.0,58.0,False,2.622411012649536,11.206725793493792,17.616194561298794
4.0,-23.0,-23.0,False,3.4022809863090515,28.116022126642136,22.094464885363408
4.0,-25.0,-25.0,False,4.072222650051117,25.79547340841524,26.56501878352536
4.0,-3.0,-3.0,False,5.397716760635376,35.166991631571776,5.510134376645804
4.0,-34.0,-34.0,False,3.390621244907379,25.92845440972895,19.057489981240206
4.0,-50.0,-50.0,False,4.838716626167297,18.196116919812113,17.82915355446834
4.0,25.0,25.0,False,2.684738278388977,26.973747435753978,35.301803724334064
4.0,-4.0,-4.0,False,2.8649967908859253,22.793596770616414,16.027644713121415
4.0,-10.0,-10.0,False,1.4551259279251099,22.793596770616414,11.51928569936876
4.0,-36.0,-36.0,False,1.6524146795272827,15.858357273764621,29.055178222451005
4.0,-6.0,-6.0,False,1.637912631034851,26.973747435753978,10.812303133368559
4.0,3.0,3.0,False,2.324254997074604,8.660856212638478,16.82064658832933
4.0,21.0,21.0,False,4.587086021900177,17.338763343201425,7.919260831402366
4.0,5.0,5.0,False,1.4551259279251099,8.223319230342668,11.51928569936876
4.0,24.0,24.0,False,3.358773112297058,15.60554856147457,18.016254820984805
4.0,42.0,42.0,False,1.0613904297351837,7.648462998812353,32.28695010943871
4.0,-41.0,-41.0,False,3.4626773595809937,11.324183884744965,20.537096744230542
4.0,-43.0,-43.0,False,1.540235161781311,4.734114032263185,23.088941865931023
4.0,18.0,18.0,False,2.206324875354767,16.6767210705607,23.143213141527262
4.0,-4.0,-4.0,False,2.5687347054481506,22.624142878193208,19.14299251939613
4.0,40.0,40.0,False,2.2234342098236084,16.06220372739439,17.41291382921542
4.0,-4.0,-4.0,False,3.291223645210266,31.2104161530495,34.29144365061243
4.0,-15.0,-15.0,False,1.6524146795272827,36.01678017441426,29.055178222451005
4.0,23.0,23.0,False,3.408350706100464,22.793596770616414,21.95546202251436
4.0,24.0,24.0,False,3.4038726091384888,8.33280175103024,15.251811842301276
4.0,10.0,10.0,False,1.540235161781311,4.734114032263185,21.404655452843237
4.0,-4.0,-4.0,False,2.2234342098236084,30.097136468378373,17.41291382921542
4.0,16.0,16.0,False,1.7225477695465088,10.004409199456797,21.404655452843237
4.0,-39.0,-39.0,False,3.3568029701709747,27.047034798099936,7.512447200849843
4.0,54.0,54.0,False,2.646380662918091,4.481852602910032,6.286423407844504
4.0,-50.0,-50.0,False,3.107409358024597,27.656551380993815,34.29144365061243
4.0,26.0,26.0,False,1.2640658617019653,15.101617188411387,25.298086494337145
4.0,-21.0,-21.0,False,1.80581796169281,25.79547340841524,30.539611186916886
4.0,21.0,21.0,False,2.4823248088359833,32.03791208348237,19.14299251939613
4.0,-57.0,-57.0,False,3.246718108654022,21.90884068471014,6.345107435995754
4.0,1.0,1.0,False,1.7865239381790161,15.858357273764621,34.65871536938304
4.0,10.0,10.0,False,3.815837562084198,23.60713553773772,16.95634779995063
4.0,-28.0,-28.0,False,2.9949169158935547,21.41289191123986,21.726333282260164
4.0,-22.0,-22.0,False,2.6297053694725037,11.047435956684295,11.928695267718934
4.0,13.0,13.0,False,2.2887845039367676,9.824894554601245,26.56501878352536
4.0,-13.0,-13.0,False,1.4266581237316132,19.865527024746847,16.258465835810846
4.0,-13.0,-13.0,False,1.7593196034431458,26.321887663541897,35.72183848300669
4.0,2.0,2.0,False,2.498404026031494,17.430522767028094,25.67326253715639
4.0,-23.0,-23.0,False,1.6743347644805908,32.03791208348237,11.470019194928632
4.0,36.0,36.0,False,2.2234342098236084,15.993903190591706,17.41291382921542
4.0,18.0,18.0,False,1.6743347644805908,11.206725793493792,11.470019194928632
4.0,48.0,48.0,False,2.5687347054481506,15.68662788429011,19.14299251939613
4.0,-13.0,-13.0,False,3.0735420286655426,22.38290802567421,15.0380389769402
4.0,50.0,50.0,False,3.358773112297058,26.91219869286402,18.016254820984805
4.0,22.0,22.0,False,1.0613904297351837,26.973747435753978,32.28695010943871
4.0,-31.0,-31.0,False,1.540235161781311,4.734114032263185,17.82915355446834
4.0,-5.0,-5.0,False,3.276279628276825,20.75038415484271,27.70040298402895
4.0,9.0,9.0,False,3.291223645210266,31.2104161530495,19.174989803266737
4.0,19.0,19.0,False,2.9949169158935547,21.41289191123986,16.95634779995063
4.0,-31.0,-31.0,False,6.393894731998444,22.38290802567421,13.784125998943441
4.0,-59.0,-59.0,False,2.8649967908859253,31.568709021469765,16.027644713121415
4.0,-46.0,-46.0,False,3.4626773595809937,11.324183884744965,26.144991148091616
4.0,2.0,2.0,False,2.5687347054481506,22.38290802567421,19.14299251939613
4.0,-30.0,-30.0,False,2.169079750776291,27.352446301282647,23.088941865931023
4.0,27.0,27.0,False,2.169079750776291,27.352446301282647,19.14299251939613
4.0,-12.0,-12.0,False,3.0266414284706116,17.430522767028094,24.865148539219334
4.0,9.0,9.0,False,2.935213267803192,19.642369255843608,19.22885367433926
4.0,-1.0,-1.0,False,1.2184376120567322,14.830556688207254,25.67326253715639
4.0,-3.0,-3.0,False,3.0266414284706116,17.430522767028094,13.784125998943441
4.0,2.0,2.0,False,1.637912631034851,15.993903190591706,10.812303133368559
4.0,-18.0,-18.0,False,1.7593196034431458,26.321887663541897,13.156864976441035
4.0,54.0,54.0,False,1.6985645294189453,14.59915384557944,17.283796733258626
4.0,-6.0,-6.0,False,1.6743347644805908,35.166991631571776,11.470019194928632
4.0,-15.0,-15.0,False,2.5635184347629547,14.59915384557944,15.251811842301276
4.0,7.0,7.0,False,3.2277570366859436,27.407492249541754,31.957437879873087
4.0,-51.0,-51.0,False,4.023748219013214,6.956510598235953,29.591442690916324
4.0,-15.0,-15.0,False,1.6524146795272827,34.323262067724954,29.055178222451005
4.0,43.0,43.0,False,1.0613904297351837,8.223319230342668,32.28695010943871
4.0,5.0,5.0,False,2.5635184347629547,14.59915384557944,17.616194561298794
4.0,-1.0,-1.0,False,1.540235161781311,4.734114032263185,15.0380389769402
4.0,12.0,12.0,False,1.2640658617019653,23.554066107352128,25.298086494337145
4.0,-18.0,-18.0,False,2.4823248088359833,32.03791208348237,35.72183848300669
4.0,12.0,12.0,False,1.8332285284996033,26.398585129161642,23.143213141527262
4.0,6.0,6.0,False,3.300954282283783,16.22446842116303,35.301803724334064
4.0,-27.0,-27.0,False,0.5283001884818077,14.617566558962983,26.56501878352536
4.0,-6.0,-6.0,False,1.7593196034431458,26.321887663541897,16.027644713121415
4.0,14.0,14.0,False,2.43634569644928,15.993903190591706,23.143213141527262
4.0,-33.0,-33.0,False,3.7805986404418945,15.60554856147457,13.784125998943441
4.0,-26.0,-26.0,False,3.246718108654022,16.22446842116303,6.345107435995754
4.0,7.0,7.0,False,1.7849475741386414,10.918592928546547,7.512447200849843
4.0,12.0,12.0,False,4.981656730175018,17.338763343201425,22.094464885363408
4.0,11.0,11.0,False,6.2124641835689545,9.307142162918954,22.094464885363408
4.0,-36.0,-36.0,False,2.988057851791382,13.409309376022858,8.05889534027647
4.0,2.0,2.0,False,2.5687347054481506,15.858357273764621,19.14299251939613
4.0,-55.0,-55.0,False,2.4065297842025757,37.05699495083724,35.243121199690265
4.0,2.0,2.0,False,1.0613904297351837,23.60713553773772,32.28695010943871
4.0,28.0,28.0,False,3.0735420286655426,8.223319230342668,15.0380389769402
4.0,-66.0,-66.0,False,2.7332763075828552,21.90884068471014,5.644505653191313
4.0,65.0,65.0,False,3.9484726190567017,8.931316077039316,19.630096065463018
4.0,-1.0,-1.0,False,2.988057851791382,13.409309376022858,21.95546202251436
4.0,23.0,23.0,False,3.276279628276825,8.33280175103024,27.70040298402895
4.0,9.0,9.0,False,3.8996469974517822,15.68662788429011,30.656015066632925
4.0,-4.0,-4.0,False,1.7225477695465088,15.60554856147457,21.404655452843237
4.0,17.0,17.0,False,2.1892183423042297,20.32312391192729,16.027644713121415
4.0,16.0,16.0,False,4.237655997276306,29.923454239008823,19.22885367433926
4.0,-64.0,-64.0,False,2.9182572960853577,32.69666169184578,23.088941865931023
4.0,50.0,50.0,False,2.646380662918091,24.72803495581855,6.286423407844504
4.0,27.0,27.0,False,1.0613904297351837,14.830556688207254,32.28695010943871
4.0,-29.0,-29.0,False,3.325417935848236,27.260830887847142,22.268699010832915
4.0,15.0,15.0,False,3.325417935848236,29.923454239008823,22.268699010832915
4.0,43.0,43.0,False,3.4332969784736633,4.481852602910032,31.957437879873087
4.0,-29.0,-29.0,False,2.0967530012130737,16.905378336831916,22.268699010832915
4.0,-11.0,-11.0,False,1.4266581237316132,19.865527024746847,11.470019194928632
4.0,93.0,93.0,False,2.622411012649536,11.206725793493792,19.630096065463018
4.0,-1.0,-1.0,False,2.2887845039367676,9.824894554601245,24.865148539219334
4.0,-2.0,-2.0,False,6.115434527397156,29.21143369413939,13.784125998943441
4.0,-1.0,-1.0,False,1.7982127666473389,36.01678017441426,7.919260831402366
4.0,2.0,2.0,False,1.7865239381790161,16.905378336831916,34.65871536938304
4.0,9.0,9.0,False,2.4903668761253357,27.407492249541754,34.30144396264337
4.0,-39.0,-39.0,False,1.2088502645492554,19.541620391378807,22.268699010832915
4.0,79.0,79.0,False,3.4038726091384888,8.33280175103024,19.630096065463018
4.0,-51.0,-51.0,False,1.4551259279251099,6.956510598235953,11.51928569936876
4.0,-29.0,-29.0,False,3.276279628276825,22.624142878193208,27.70040298402895
4.0,-1.0,-1.0,False,1.5038633346557617,8.223319230342668,15.652482331331008
4.0,-2.0,-2.0,False,1.5038633346557617,35.33073143705864,15.652482331331008
4.0,-10.0,-10.0,False,3.174757957458496,29.668123591648676,19.166914393717594
4.0,43.0,43.0,False,1.7849475741386414,10.918592928546547,21.95546202251436
4.0,57.0,57.0,False,1.67342609167099,35.6753538610048,19.630096065463018
4.0,-1.0,-1.0,False,2.795687347650528,14.719583605184278,22.184498672581263
4.0,-10.0,-10.0,False,3.365821957588196,26.91219869286402,26.144991148091616
4.0,13.0,13.0,False,2.935213267803192,19.642369255843608,20.65149591306319
4.0,-14.0,-14.0,False,3.0735420286655426,26.54352680037906,15.0380389769402
4.0,8.0,8.0,False,2.2234342098236084,22.38290802567421,17.41291382921542
4.0,1.0,1.0,False,2.795687347650528,37.38568600380169,22.184498672581263
4.0,-21.0,-21.0,False,4.587086021900177,16.22446842116303,7.919260831402366
4.0,14.0,14.0,False,1.637912631034851,7.648462998812353,10.812303133368559
4.0,-26.0,-26.0,False,1.6847675740718842,13.784381156094978,19.166914393717594
4.0,-29.0,-29.0,False,2.324254997074604,23.60713553773772,16.82064658832933
4.0,-42.0,-42.0,False,0.5283001884818077,14.617566558962983,34.29144365061243
4.0,2.0,2.0,False,1.637912631034851,15.279468143853476,10.812303133368559
4.0,12.0,12.0,False,3.246718108654022,18.743240485877514,6.345107435995754
4.0,-1.0,-1.0,False,3.0523241460323334,15.993903190591706,28.401404392414943
4.0,20.0,20.0,False,1.362888216972351,8.223319230342668,14.46686424671264
4.0,-24.0,-24.0,False,1.8332285284996033,26.398585129161642,35.243121199690265
4.0,-64.0,-64.0,False,4.287232339382172,21.90884068471014,26.144991148091616
4.0,-28.0,-28.0,False,2.988057851791382,13.409309376022858,22.268699010832915
4.0,34.0,34.0,False,1.7593196034431458,26.321887663541897,25.75805545468999
4.0,-39.0,-39.0,False,1.2088502645492554,19.541620391378807,25.298086494337145
4.0,-32.0,-32.0,False,3.688220977783203,10.004409199456797,11.928695267718934
4.0,10.0,10.0,False,2.5546799898147583,13.307537461292055,19.174989803266737
4.0,17.0,17.0,False,2.795687347650528,35.843823433678594,22.184498672581263
4.0,-15.0,-15.0,False,1.7982127666473389,36.01678017441426,5.644505653191313
4.0,13.0,13.0,False,1.2640658617019653,17.338763343201425,25.298086494337145
4.0,-31.0,-31.0,False,4.720672905445099,23.60713553773772,22.094464885363408
4.0,-27.0,-27.0,False,1.8328933715820312,31.971746011592565,34.29144365061243
4.0,-23.0,-23.0,False,3.390621244907379,27.260830887847142,19.057489981240206
4.0,15.0,15.0,False,1.7865239381790161,31.971746011592565,34.65871536938304
4.0,15.0,15.0,False,1.7849475741386414,10.918592928546547,13.784125998943441
4.0,13.0,13.0,False,3.4038726091384888,8.33280175103024,5.684958172915207
4.0,17.0,17.0,False,1.6486754417419434,22.248410821803972,29.285268078372088
4.0,-10.0,-10.0,False,3.0523241460323334,15.993903190591706,8.05889534027647
4.0,-62.0,-62.0,False,3.4626773595809937,11.324183884744965,11.928695267718934
4.0,-34.0,-34.0,False,2.7332763075828552,13.409309376022858,5.644505653191313
4.0,6.0,6.0,False,2.43634569644928,26.973747435753978,23.143213141527262
4.0,41.0,41.0,False,1.4266581237316132,19.865527024746847,25.75805545468999
4.0,9.0,9.0,False,3.4769829511642456,25.635594276041335,12.521573218871074
4.0,25.0,25.0,False,0.5283001884818077,14.617566558962983,19.21685235804192
4.0,-52.0,-52.0,False,2.6041455566883087,30.097136468378373,24.865148539219334
4.0,9.0,9.0,False,2.9905937910079956,18.67615687860847,7.919260831402366
4.0,1.0,1.0,False,1.824324607849121,13.644027722511993,25.67326253715639
4.0,43.0,43.0,False,1.7865239381790161,23.554066107352128,34.65871536938304
4.0,0.0,0.0,False,1.6743347644805908,9.307142162918954,11.470019194928632
4.0,50.0,50.0,False,2.2234342098236084,23.554066107352128,17.41291382921542
4.0,-36.0,-36.0,False,2.4065297842025757,37.05699495083724,13.784125998943441
4.0,-66.0,-66.0,False,3.526886463165283,31.568709021469765,35.72183848300669
4.0,-49.0,-49.0,False,3.8614214658737183,16.22446842116303,35.243121199690265
4.0,0.0,0.0,False,0.5283001884818077,14.617566558962983,34.65871536938304
4.0,-48.0,-48.0,False,1.4551259279251099,11.324183884744965,11.51928569936876
4.0,-11.0,-11.0,False,1.7225477695465088,27.656551380993815,21.404655452843237
4.0,-38.0,-38.0,False,4.13850873708725,32.69666169184578,19.22885367433926
4.0,-12.0,-12.0,False,3.54693067073822,25.92845440972895,17.616194561298794
4.0,23.0,23.0,False,3.276279628276825,15.68662788429011,27.70040298402895
4.0,47.0,47.0,False,1.0613904297351837,4.481852602910032,32.28695010943871
4.0,-4.0,-4.0,False,1.8332285284996033,26.398585129161642,22.268699010832915
4.0,-30.0,-30.0,False,0.7908325493335724,7.6751264530662064,4.615929033497499
4.0,-15.0,-15.0,False,2.770187556743622,6.956510598235953,37.39238653564785
4.0,-52.0,-52.0,False,2.5040205121040344,9.183586480816455,19.381839381817475
4.0,-7.0,-7.0,False,4.981656730175018,17.338763343201425,11.928695267718934
4.0,42.0,42.0,False,2.206324875354767,16.6767210705607,16.95634779995063
4.0,-43.0,-43.0,False,3.363456428050995,14.719583605184278,5.684958172915207
4.0,70.0,70.0,False,2.622411012649536,11.206725793493792,16.95634779995063
4.0,7.0,7.0,False,2.954469174146652,28.547548617060922,26.56501878352536
4.0,69.0,69.0,False,2.622411012649536,11.206725793493792,6.286423407844504
4.0,19.0,19.0,False,2.112702190876007,20.225622598050222,15.0380389769402
4.0,3.0,3.0,False,2.9956433176994324,16.06220372739439,12.521573218871074
4.0,-29.0,-29.0,False,1.7865239381790161,21.90884068471014,34.65871536938304
4.0,-17.0,-17.0,False,3.0015558004379272,24.630074457450206,5.510134376645804
4.0,32.0,32.0,False,1.824324607849121,13.644027722511993,35.301803724334064
4.0,30.0,30.0,False,2.498404026031494,15.101617188411387,25.67326253715639
4.0,-7.0,-7.0,False,3.54693067073822,16.720532473796265,17.616194561298794
4.0,34.0,34.0,False,4.021404147148132,16.22446842116303,19.630096065463018
4.0,-3.0,-3.0,False,3.211077570915222,26.54352680037906,17.616194561298794
4.0,-2.0,-2.0,False,2.965057611465454,22.83619151592413,28.401404392414943
4.0,-2.0,-2.0,False,2.6297053694725037,11.047435956684295,22.268699010832915
4.0,6.0,6.0,False,2.448296844959259,30.64076549569794,27.70040298402895
4.0,-5.0,-5.0,False,4.237655997276306,29.923454239008823,11.928695267718934
4.0,30.0,30.0,False,1.637912631034851,15.101617188411387,10.812303133368559
4.0,25.0,25.0,False,2.43634569644928,18.743240485877514,23.143213141527262
4.0,7.0,7.0,False,4.738476932048798,35.166991631571776,20.537096744230542
4.0,-45.0,-45.0,False,1.2088502645492554,19.541620391378807,11.51928569936876
4.0,-24.0,-24.0,False,1.6743347644805908,20.75038415484271,11.470019194928632
4.0,3.0,3.0,False,2.965057611465454,22.83619151592413,19.057489981240206
4.0,41.0,41.0,False,2.4903668761253357,24.74960868217838,34.30144396264337
4.0,4.0,4.0,True,2.5040205121040344,9.183586480816455,35.301803724334064
4.0,-42.0,-42.0,False,3.5597676038742065,35.843823433678594,35.243121199690265
4.0,41.0,41.0,False,2.795687347650528,8.660856212638478,22.184498672581263
4.0,46.0,46.0,False,2.2234342098236084,19.642369255843608,17.41291382921542
4.0,14.0,14.0,False,1.5038633346557617,15.101617188411387,15.652482331331008
4.0,-31.0,-31.0,False,1.362888216972351,25.92845440972895,14.46686424671264
4.0,-34.0,-34.0,False,1.6524146795272827,13.409309376022858,29.055178222451005
4.0,20.0,20.0,False,2.498404026031494,8.33280175103024,25.67326253715639
4.0,5.0,5.0,False,1.5038633346557617,29.668123591648676,15.652482331331008
4.0,20.0,20.0,False,2.498404026031494,15.68662788429011,25.67326253715639
4.0,1.0,1.0,False,3.3584072589874268,23.554066107352128,34.29144365061243
4.0,6.0,6.0,False,3.4332969784736633,4.481852602910032,5.510134376645804
4.0,-39.0,-39.0,False,2.324254997074604,14.719583605184278,16.82064658832933
4.0,-25.0,-25.0,False,6.125771224498749,30.144939614110672,19.381839381817475
4.0,37.0,37.0,False,1.7225477695465088,18.743240485877514,21.404655452843237
4.0,71.0,71.0,False,1.6985645294189453,26.91219869286402,17.283796733258626
4.0,-52.0,-52.0,False,3.4626773595809937,11.324183884744965,24.865148539219334
4.0,4.0,4.0,True,3.0523241460323334,15.993903190591706,19.057489981240206
4.0,-13.0,-13.0,False,1.8328933715820312,31.971746011592565,6.345107435995754
4.0,-14.0,-14.0,False,2.43634569644928,27.047034798099936,23.143213141527262
4.0,17.0,17.0,False,1.6985645294189453,21.90884068471014,17.283796733258626
4.0,22.0,22.0,False,1.7865239381790161,34.323262067724954,34.65871536938304
4.0,-31.0,-31.0,False,3.4022809863090515,28.116022126642136,5.510134376645804
4.0,-2.0,-2.0,False,1.637912631034851,35.6753538610048,10.812303133368559
4.0,7.0,7.0,False,2.646380662918091,15.60554856147457,6.286423407844504
4.0,-2.0,-2.0,False,2.448296844959259,30.64076549569794,13.784125998943441
4.0,21.0,21.0,False,3.206999182701111,9.09800562959582,5.684958172915207
4.0,-38.0,-38.0,False,3.325417935848236,37.38568600380169,22.268699010832915
4.0,-31.0,-31.0,False,1.80581796169281,32.69666169184578,30.539611186916886
4.0,-32.0,-32.0,False,2.4065297842025757,37.05699495083724,6.345107435995754
4.0,7.0,7.0,False,1.4266581237316132,19.865527024746847,19.057489981240206
4.0,-2.0,-2.0,False,3.3568029701709747,27.047034798099936,17.616194561298794
4.0,-13.0,-13.0,False,2.684738278388977,26.973747435753978,5.684958172915207
4.0,6.0,6.0,False,2.617880880832672,28.116022126642136,17.903115948598035
4.0,-12.0,-12.0,False,1.6486754417419434,17.430522767028094,29.285268078372088
4.0,12.0,12.0,False,2.5546799898147583,13.307537461292055,26.56501878352536
4.0,53.0,53.0,False,2.684738278388977,26.973747435753978,19.630096065463018
4.0,-10.0,-10.0,False,1.7982127666473389,36.01678017441426,22.094464885363408
4.0,28.0,28.0,False,2.112702190876007,20.225622598050222,6.6944264701436635
4.0,17.0,17.0,False,1.7982127666473389,36.01678017441426,10.813715166373807
4.0,-31.0,-31.0,False,3.5597676038742065,35.843823433678594,5.510134376645804
4.0,-22.0,-22.0,False,1.362888216972351,26.54352680037906,14.46686424671264
4.0,25.0,25.0,False,2.935213267803192,19.642369255843608,15.0380389769402
4.0,-4.0,-4.0,False,3.9484726190567017,8.931316077039316,29.591442690916324
4.0,16.0,16.0,False,0.7908325493335724,10.918592928546547,4.615929033497499
4.0,-33.0,-33.0,False,1.5038633346557617,21.41289191123986,15.652482331331008
4.0,-13.0,-13.0,False,1.6743347644805908,30.64076549569794,11.470019194928632
4.0,-8.0,-8.0,False,2.9528762698173523,32.44464163542472,20.537096744230542
4.0,16.0,16.0,False,2.5546799898147583,13.307537461292055,7.919260831402366
4.0,2.0,2.0,False,2.2887845039367676,9.824894554601245,30.656015066632925
4.0,10.0,10.0,False,3.469283878803253,24.74960868217838,22.094464885363408
4.0,-27.0,-27.0,False,3.2277570366859436,27.407492249541754,29.591442690916324
4.0,-44.0,-44.0,False,3.2290316224098206,18.196116919812113,21.726333282260164
4.0,-3.0,-3.0,False,3.612581640481949,16.22446842116303,6.6944264701436635
4.0,2.0,2.0,False,1.0613904297351837,15.858357273764621,32.28695010943871
4.0,3.0,3.0,False,2.324254997074604,16.06220372739439,16.82064658832933
4.0,-17.0,-17.0,False,1.637912631034851,21.41289191123986,10.812303133368559
4.0,-12.0,-12.0,False,1.2640658617019653,10.004409199456797,25.298086494337145
4.0,-7.0,-7.0,False,1.4551259279251099,29.21143369413939,11.51928569936876
4.0,-36.0,-36.0,False,1.637912631034851,25.92845440972895,10.812303133368559
4.0,62.0,62.0,False,2.5687347054481506,11.206725793493792,19.14299251939613
4.0,23.0,23.0,False,3.4332969784736633,4.481852602910032,7.919260831402366
4.0,-5.0,-5.0,False,2.169079750776291,27.352446301282647,16.2854476759893
4.0,22.0,22.0,False,1.7593196034431458,26.321887663541897,17.616194561298794
4.0,-46.0,-46.0,False,3.107409358024597,27.656551380993815,35.72183848300669
4.0,-32.0,-32.0,False,3.4652340412139893,20.75038415484271,35.243121199690265
4.0,6.0,6.0,False,3.2290316224098206,17.338763343201425,21.726333282260164
4.0,17.0,17.0,False,3.9096407890319824,34.323262067724954,10.813715166373807
4.0,-61.0,-61.0,False,4.287232339382172,21.90884068471014,13.784125998943441
5.0,45.0,45.0,False,2.1950414776802063,29.923454239008823,26.244687441975795
5.0,12.0,12.0,False,1.862879902124405,27.407492249541754,24.464996244834488
5.0,-8.0,-8.0,False,1.4266581237316132,19.865527024746847,18.138123937032162
5.0,17.0,17.0,False,1.6049460470676422,30.097136468378373,33.10498778227313
5.0,26.0,26.0,False,2.7033852338790894,9.09800562959582,21.50347739198267
5.0,-10.0,-10.0,False,3.107409358024597,27.656551380993815,29.85216878810918
5.0,59.0,59.0,False,2.583752155303955,11.206725793493792,32.46758737400911
5.0,14.0,14.0,False,2.7033852338790894,9.307142162918954,21.50347739198267
5.0,-29.0,-29.0,False,4.184528231620789,25.92845440972895,19.749092274340114
5.0,40.0,40.0,False,3.1740484833717346,8.223319230342668,26.41760529817079
5.0,-18.0,-18.0,False,2.5940696001052856,28.116022126642136,36.79704119407881
5.0,14.0,14.0,False,2.622411012649536,11.206725793493792,13.793717261665739
5.0,8.0,8.0,False,4.981656730175018,17.338763343201425,11.345786718374804
5.0,-34.0,-34.0,False,2.7033852338790894,22.624142878193208,21.50347739198267
5.0,-13.0,-13.0,False,3.04156032204628,25.92845440972895,28.90262494425399
5.0,-16.0,-16.0,False,3.0015558004379272,24.630074457450206,25.340665090935886
5.0,21.0,21.0,False,1.3244314789772034,11.047435956684295,32.910369760064086
5.0,21.0,21.0,False,2.5770567059516907,35.33073143705864,19.749092274340114
5.0,34.0,34.0,False,1.6847675740718842,13.784381156094978,24.464996244834488
5.0,-46.0,-46.0,False,2.5635184347629547,14.59915384557944,28.129726860410003
5.0,36.0,36.0,False,2.935213267803192,19.642369255843608,17.91922906102831
5.0,44.0,44.0,False,5.228357911109924,9.307142162918954,21.170981480511113
5.0,37.0,37.0,False,2.935213267803192,19.642369255843608,29.85216878810918
5.0,-35.0,-35.0,False,2.5940696001052856,32.69666169184578,36.79704119407881
5.0,-67.0,-67.0,False,3.526886463165283,31.568709021469765,14.219505776241622
5.0,-55.0,-55.0,False,1.2088502645492554,19.541620391378807,13.793717261665739
5.0,29.0,29.0,False,2.9950031638145447,8.660856212638478,28.90262494425399
5.0,-8.0,-8.0,False,2.9905937910079956,18.67615687860847,18.138123937032162
5.0,20.0,20.0,False,2.018899619579315,34.323262067724954,8.688702397189342
5.0,24.0,24.0,False,1.4893971681594849,26.91219869286402,27.959886563661737
5.0,-37.0,-37.0,False,4.072222650051117,25.79547340841524,14.219505776241622
5.0,-8.0,-8.0,False,1.540235161781311,4.734114032263185,14.98412411094871
5.0,42.0,42.0,False,3.843184471130371,35.166991631571776,34.256342224097175
5.0,-27.0,-27.0,False,2.7033852338790894,27.260830887847142,21.50347739198267
5.0,33.0,33.0,False,1.6847675740718842,13.784381156094978,24.69625977217237
5.0,-35.0,-35.0,False,2.333035886287689,25.92845440972895,13.887553301278876
5.0,27.0,27.0,False,2.948917508125305,29.21143369413939,17.91922906102831
5.0,-36.0,-36.0,False,1.540235161781311,4.734114032263185,15.699699977267741
5.0,-54.0,-54.0,False,2.1178726255893707,31.568709021469765,33.50210775320667
5.0,-55.0,-55.0,False,1.2714112997055054,30.097136468378373,17.749326881218007
5.0,22.0,22.0,False,2.1178726255893707,29.668123591648676,33.50210775320667
5.0,1.0,1.0,False,2.988057851791382,13.409309376022858,26.41760529817079
5.0,-3.0,-3.0,False,2.018899619579315,15.60554856147457,8.688702397189342
5.0,70.0,70.0,False,1.6049460470676422,24.74960868217838,33.10498778227313
5.0,-16.0,-16.0,False,3.0523241460323334,15.993903190591706,12.903045921609975
5.0,25.0,25.0,False,1.6773176193237305,22.83619151592413,21.077177101352248
5.0,2.0,2.0,False,0.5283001884818077,14.617566558962983,24.473902056403983
5.0,28.0,28.0,False,1.5722265243530273,15.101617188411387,14.207297103697691
5.0,-23.0,-23.0,False,3.1251603960990906,16.22446842116303,24.387142111118727
5.0,-40.0,-40.0,False,4.023748219013214,6.956510598235953,22.10191882679909
5.0,-50.0,-50.0,False,2.0967530012130737,16.905378336831916,18.22651614147689
5.0,-35.0,-35.0,False,4.070510447025299,7.6751264530662064,8.431269853369185
5.0,-10.0,-10.0,False,3.4769829511642456,25.635594276041335,34.56418802785129
5.0,-26.0,-26.0,False,1.540235161781311,4.734114032263185,25.340665090935886
5.0,8.0,8.0,False,1.7849475741386414,10.918592928546547,14.219505776241622
5.0,-9.0,-9.0,False,3.408350706100464,22.793596770616414,29.998560553031645
5.0,-6.0,-6.0,False,2.9998483061790466,17.430522767028094,36.53077602160571
5.0,-31.0,-31.0,False,2.6041455566883087,30.097136468378373,19.749092274340114
5.0,-41.0,-41.0,False,3.1079309582710266,37.38568600380169,5.18094459802413
5.0,12.0,12.0,False,3.1079309582710266,29.923454239008823,5.18094459802413
5.0,34.0,34.0,False,2.206324875354767,16.6767210705607,24.69625977217237
5.0,13.0,13.0,False,3.1079309582710266,15.68662788429011,5.18094459802413
5.0,-6.0,-6.0,False,1.824324607849121,13.644027722511993,36.40341273700107
5.0,1.0,1.0,False,1.3244314789772034,35.843823433678594,32.910369760064086
5.0,-7.0,-7.0,False,1.8332285284996033,26.398585129161642,14.815422735501137
5.0,-26.0,-26.0,False,2.9949169158935547,21.41289191123986,8.431269853369185
5.0,-12.0,-12.0,False,2.9528762698173523,32.44464163542472,36.40341273700107
5.0,30.0,30.0,False,1.4266581237316132,19.865527024746847,36.5348562217881
5.0,0.0,0.0,False,4.808223009109497,23.554066107352128,4.674526827116739
5.0,3.0,3.0,False,1.4266581237316132,19.865527024746847,14.207297103697691
5.0,15.0,15.0,False,2.5770567059516907,35.33073143705864,22.10191882679909
5.0,53.0,53.0,False,2.583752155303955,9.09800562959582,32.46758737400911
5.0,-26.0,-26.0,False,1.67342609167099,35.6753538610048,37.3757470735629
5.0,30.0,30.0,False,3.1740484833717346,8.223319230342668,30.727162091234025
5.0,-32.0,-32.0,False,4.072222650051117,25.79547340841524,36.40341273700107
5.0,45.0,45.0,False,2.1950414776802063,33.34571068959767,26.244687441975795
5.0,-30.0,-30.0,False,3.1251603960990906,22.624142878193208,24.387142111118727
5.0,-76.0,-76.0,False,2.6641079783439636,21.90884068471014,13.793717261665739
5.0,-19.0,-19.0,False,1.3244314789772034,11.324183884744965,32.910369760064086
5.0,22.0,22.0,False,2.0235751569271088,23.554066107352128,14.98412411094871
5.0,-10.0,-10.0,False,1.6004957556724548,27.656551380993815,15.209949494628521
5.0,16.0,16.0,False,3.120579272508621,24.74960868217838,21.69531252197881
5.0,37.0,37.0,False,2.9905937910079956,18.67615687860847,34.256342224097175
5.0,8.0,8.0,False,2.018899619579315,21.41289191123986,8.688702397189342
5.0,21.0,21.0,False,1.5996634364128113,24.648113421502625,24.11075278082796
5.0,-55.0,-55.0,False,3.526886463165283,31.568709021469765,33.504158003951865
5.0,-30.0,-30.0,False,2.1950414776802063,21.90884068471014,26.244687441975795
5.0,35.0,35.0,False,1.6004957556724548,35.166991631571776,15.209949494628521
5.0,-43.0,-43.0,False,2.5635184347629547,14.59915384557944,37.3757470735629
5.0,-17.0,-17.0,False,1.6847675740718842,13.784381156094978,15.699699977267741
5.0,31.0,31.0,False,1.4266581237316132,19.865527024746847,27.959886563661737
5.0,-11.0,-11.0,False,2.6027947664260864,15.993903190591706,25.092397327948465
5.0,17.0,17.0,False,3.4243081510066986,27.38383510274606,34.256342224097175
5.0,-1.0,-1.0,False,1.7593196034431458,26.321887663541897,13.887553301278876
5.0,19.0,19.0,False,1.8064912557601929,29.923454239008823,37.06953890830405
5.0,-47.0,-47.0,False,3.107409358024597,27.656551380993815,14.219505776241622
5.0,-30.0,-30.0,False,1.4893971681594849,21.90884068471014,27.959886563661737
5.0,-47.0,-47.0,False,4.13850873708725,32.69666169184578,25.340665090935886
5.0,7.0,7.0,False,2.1178726255893707,16.6767210705607,33.50210775320667
5.0,-5.0,-5.0,False,2.6297053694725037,11.047435956684295,36.40341273700107
5.0,-59.0,-59.0,False,4.023748219013214,6.956510598235953,12.903045921609975
5.0,36.0,36.0,False,3.04156032204628,18.743240485877514,28.90262494425399
5.0,-34.0,-34.0,False,1.4705161154270172,27.656551380993815,15.653578600762636
5.0,0.0,0.0,False,2.2887845039367676,9.824894554601245,18.138123937032162
5.0,32.0,32.0,False,1.6004957556724548,28.547548617060922,15.209949494628521
5.0,5.0,5.0,True,2.5770567059516907,35.33073143705864,8.431269853369185
5.0,35.0,35.0,False,2.3171703815460205,28.547548617060922,24.69625977217237
5.0,-36.0,-36.0,False,0.5453740656375885,4.734114032263185,28.65393344913118
5.0,3.0,3.0,False,3.0266414284706116,17.430522767028094,21.69531252197881
5.0,7.0,7.0,False,1.4705161154270172,16.06220372739439,15.653578600762636
5.0,6.0,6.0,False,1.6847675740718842,13.784381156094978,22.10191882679909
5.0,-25.0,-25.0,False,0.5283001884818077,14.617566558962983,24.387142111118727
5.0,-38.0,-38.0,False,3.4243081510066986,27.38383510274606,24.050975169914427
5.0,-19.0,-19.0,False,1.2184376120567322,14.830556688207254,12.903045921609975
5.0,44.0,44.0,False,2.583752155303955,33.63547532797233,32.46758737400911
5.0,45.0,45.0,False,1.4893971681594849,29.923454239008823,27.959886563661737
5.0,-1.0,-1.0,False,1.2714112997055054,23.554066107352128,17.749326881218007
5.0,-2.0,-2.0,False,2.9950031638145447,8.660856212638478,36.53077602160571
5.0,-21.0,-21.0,False,3.2277570366859436,27.407492249541754,31.200887814752516
5.0,-15.0,-15.0,False,2.8714041709899902,17.430522767028094,33.99730532850971
5.0,33.0,33.0,False,2.935213267803192,19.642369255843608,8.331518458786583
5.0,-6.0,-6.0,False,1.8328933715820312,31.971746011592565,14.98412411094871
5.0,-6.0,-6.0,False,3.1251603960990906,20.75038415484271,24.387142111118727
5.0,-2.0,-2.0,False,3.211077570915222,26.54352680037906,29.85216878810918
5.0,-27.0,-27.0,False,2.9528762698173523,32.44464163542472,15.699699977267741
5.0,-33.0,-33.0,False,2.3173386454582214,22.38290802567421,14.815422735501137
5.0,28.0,28.0,False,2.583752155303955,29.21143369413939,32.46758737400911
5.0,34.0,34.0,False,3.843184471130371,15.279468143853476,34.256342224097175
5.0,-54.0,-54.0,False,0.5453740656375885,22.624142878193208,28.65393344913118
5.0,9.0,9.0,False,2.426355868577957,32.03791208348237,25.068048942614315
5.0,46.0,46.0,False,1.862879902124405,17.338763343201425,24.464996244834488
5.0,1.0,1.0,False,1.8332285284996033,26.398585129161642,26.5307767396735
5.0,-30.0,-30.0,False,2.4065297842025757,37.05699495083724,21.69531252197881
5.0,-10.0,-10.0,False,3.0266414284706116,17.430522767028094,25.340665090935886
5.0,3.0,3.0,False,1.862879902124405,7.6751264530662064,24.464996244834488
5.0,-52.0,-52.0,False,1.2714112997055054,27.656551380993815,17.749326881218007
5.0,36.0,36.0,False,2.018899619579315,31.2104161530495,8.688702397189342
5.0,29.0,29.0,False,1.862879902124405,30.144939614110672,24.464996244834488
5.0,-26.0,-26.0,False,3.0015558004379272,24.630074457450206,29.511531531840184
5.0,0.0,0.0,False,1.5722265243530273,17.430522767028094,14.207297103697691
5.0,11.0,11.0,False,1.5722265243530273,18.743240485877514,14.207297103697691
5.0,-49.0,-49.0,False,0.5283001884818077,14.617566558962983,15.699699977267741
5.0,11.0,11.0,False,3.1740484833717346,8.223319230342668,31.200887814752516
5.0,-41.0,-41.0,False,4.184528231620789,25.92845440972895,23.460697585691594
5.0,6.0,6.0,False,3.52096951007843,35.166991631571776,31.200887814752516
5.0,-10.0,-10.0,False,3.425659418106079,20.75038415484271,25.095374257880003
5.0,-24.0,-24.0,False,2.6447466611862183,15.858357273764621,24.387142111118727
5.0,-52.0,-52.0,False,4.184528231620789,25.92845440972895,4.674526827116739
5.0,-18.0,-18.0,False,2.6027947664260864,34.323262067724954,25.092397327948465
5.0,-7.0,-7.0,False,3.0266414284706116,17.430522767028094,11.345786718374804
5.0,-62.0,-62.0,False,1.7847826480865479,21.90884068471014,33.23112653415567
5.0,17.0,17.0,False,2.9460976123809814,17.430522767028094,13.399764335040341
5.0,-20.0,-20.0,False,0.5453740656375885,15.279468143853476,28.65393344913118
5.0,-57.0,-57.0,False,5.634735405445099,22.624142878193208,18.22651614147689
5.0,-35.0,-35.0,False,4.070510447025299,7.6751264530662064,29.998560553031645
5.0,2.0,2.0,False,1.824324607849121,13.644027722511993,22.10191882679909
5.0,18.0,18.0,False,3.2501679062843323,29.21143369413939,30.727162091234025
5.0,-39.0,-39.0,False,2.9998483061790466,16.720532473796265,36.53077602160571
5.0,28.0,28.0,False,2.9905937910079956,18.67615687860847,28.90262494425399
5.0,-3.0,-3.0,False,3.0015558004379272,24.630074457450206,22.10191882679909
5.0,-53.0,-53.0,False,1.6220495998859406,31.568709021469765,10.92195393502413
5.0,-1.0,-1.0,False,3.120579272508621,26.91219869286402,21.69531252197881
5.0,-39.0,-39.0,False,2.9949169158935547,21.41289191123986,29.511531531840184
5.0,-10.0,-10.0,False,3.2501679062843323,25.79547340841524,30.727162091234025
5.0,-17.0,-17.0,False,1.2714112997055054,26.398585129161642,17.749326881218007
5.0,-34.0,-34.0,False,2.6041455566883087,30.097136468378373,24.11075278082796
5.0,26.0,26.0,False,1.6773176193237305,11.047435956684295,21.077177101352248
5.0,-46.0,-46.0,False,2.6041455566883087,30.097136468378373,36.53077602160571
5.0,25.0,25.0,False,3.175884425640106,32.69666169184578,33.04178545923674
5.0,-1.0,-1.0,False,2.543964385986328,13.409309376022858,17.01174745261643
5.0,-11.0,-11.0,False,1.8328933715820312,31.971746011592565,34.354067501359125
5.0,5.0,5.0,True,2.7033852338790894,28.547548617060922,21.50347739198267
5.0,26.0,26.0,False,4.237655997276306,29.923454239008823,19.749092274340114
5.0,-29.0,-29.0,False,2.5040205121040344,9.183586480816455,25.095374257880003
5.0,-12.0,-12.0,False,2.6027947664260864,22.83619151592413,25.092397327948465
5.0,39.0,39.0,False,3.9898303151130676,7.648462998812353,29.85216878810918
5.0,-26.0,-26.0,False,1.6220495998859406,15.60554856147457,10.92195393502413
5.0,-44.0,-44.0,False,2.5635184347629547,14.59915384557944,18.22651614147689
5.0,15.0,15.0,False,1.8064912557601929,24.72803495581855,37.06953890830405
5.0,-11.0,-11.0,False,3.214888334274292,22.624142878193208,8.331518458786583
5.0,3.0,3.0,False,1.4705161154270172,17.430522767028094,15.653578600762636
5.0,55.0,55.0,False,2.018899619579315,15.101617188411387,8.688702397189342
5.0,-6.0,-6.0,False,3.4626773595809937,11.324183884744965,34.256342224097175
5.0,28.0,28.0,False,3.425659418106079,15.101617188411387,25.095374257880003
5.0,-2.0,-2.0,False,2.0967530012130737,16.905378336831916,17.01174745261643
5.0,-11.0,-11.0,False,2.112702190876007,20.225622598050222,33.99730532850971
5.0,-34.0,-34.0,False,0.5283001884818077,14.617566558962983,5.18094459802413
5.0,-10.0,-10.0,False,4.13850873708725,32.69666169184578,29.85216878810918
5.0,8.0,8.0,False,2.954469174146652,28.547548617060922,22.10191882679909
5.0,-39.0,-39.0,False,3.2277570366859436,27.407492249541754,34.56418802785129
5.0,-35.0,-35.0,False,4.405576705932617,22.38290802567421,8.431269853369185
5.0,7.0,7.0,False,1.7847826480865479,18.743240485877514,33.23112653415567
5.0,-6.0,-6.0,False,4.408215701580048,9.307142162918954,29.511531531840184
5.0,-28.0,-28.0,False,2.3171703815460205,21.90884068471014,24.69625977217237
5.0,1.0,1.0,False,4.405576705932617,35.166991631571776,8.431269853369185
5.0,-37.0,-37.0,False,3.107409358024597,27.656551380993815,25.095374257880003
5.0,19.0,19.0,False,1.8064912557601929,33.63547532797233,37.06953890830405
5.0,24.0,24.0,False,3.0015558004379272,24.630074457450206,21.170981480511113
5.0,47.0,47.0,False,3.469283878803253,24.74960868217838,34.256342224097175
5.0,48.0,48.0,False,0.8470876216888428,26.398585129161642,27.410317757402368
5.0,-7.0,-7.0,False,4.380702197551727,9.307142162918954,24.050975169914427
5.0,-23.0,-23.0,False,2.6624786257743835,27.656551380993815,15.41415975997255
5.0,1.0,1.0,False,3.408350706100464,22.793596770616414,26.5307767396735
5.0,7.0,7.0,False,0.8470876216888428,6.956510598235953,27.410317757402368
5.0,-36.0,-36.0,False,1.6220495998859406,11.324183884744965,10.92195393502413
5.0,-1.0,-1.0,False,2.748087704181671,33.63547532797233,21.38555442392829
5.0,-13.0,-13.0,False,4.380702197551727,35.166991631571776,24.050975169914427
5.0,-35.0,-35.0,False,1.4705161154270172,25.92845440972895,15.653578600762636
5.0,3.0,3.0,False,1.4266581237316132,19.865527024746847,21.50347739198267
5.0,32.0,32.0,False,2.333035886287689,22.248410821803972,13.887553301278876
5.0,53.0,53.0,False,2.018899619579315,9.09800562959582,8.688702397189342
5.0,-24.0,-24.0,False,2.333035886287689,27.260830887847142,13.887553301278876
5.0,9.0,9.0,False,2.9998483061790466,17.338763343201425,36.53077602160571
5.0,-12.0,-12.0,False,2.935213267803192,19.642369255843608,37.3757470735629
5.0,-6.0,-6.0,False,1.6220495998859406,20.75038415484271,10.92195393502413
5.0,19.0,19.0,False,2.6624786257743835,28.547548617060922,15.41415975997255
5.0,14.0,14.0,False,1.7847826480865479,15.68662788429011,33.23112653415567
5.0,-29.0,-29.0,False,2.684738278388977,26.973747435753978,24.050975169914427
5.0,-10.0,-10.0,False,3.809454381465912,18.743240485877514,24.050975169914427
5.0,35.0,35.0,False,1.862879902124405,16.06220372739439,24.464996244834488
5.0,30.0,30.0,False,2.3171703815460205,11.047435956684295,24.69625977217237
5.0,-6.0,-6.0,False,3.211077570915222,26.54352680037906,8.331518458786583
5.0,-24.0,-24.0,False,4.072222650051117,25.79547340841524,34.354067501359125
5.0,46.0,46.0,False,2.1892183423042297,20.32312391192729,36.5348562217881
5.0,47.0,47.0,False,1.6049460470676422,10.004409199456797,33.10498778227313
5.0,2.0,2.0,False,3.0266414284706116,17.430522767028094,33.504158003951865
5.0,-38.0,-38.0,False,2.6027947664260864,27.260830887847142,25.092397327948465
5.0,-11.0,-11.0,False,3.5597676038742065,35.843823433678594,19.749092274340114
5.0,-5.0,-5.0,False,2.3171703815460205,18.196116919812113,24.69625977217237
5.0,-4.0,-4.0,False,2.5546799898147583,13.307537461292055,4.674526827116739
5.0,-39.0,-39.0,False,6.949200510978699,22.38290802567421,18.138123937032162
5.0,44.0,44.0,False,2.018899619579315,33.34571068959767,8.688702397189342
5.0,20.0,20.0,False,3.120579272508621,29.923454239008823,21.69531252197881
5.0,-3.0,-3.0,False,0.5453740656375885,33.63547532797233,28.65393344913118
5.0,-17.0,-17.0,False,1.2714112997055054,22.793596770616414,17.749326881218007
5.0,4.0,4.0,False,1.67342609167099,35.6753538610048,14.98412411094871
5.0,-20.0,-20.0,False,2.5040205121040344,9.183586480816455,19.749092274340114
5.0,-10.0,-10.0,False,2.426355868577957,15.858357273764621,25.068048942614315
5.0,1.0,1.0,False,1.4893971681594849,27.260830887847142,27.959886563661737
5.0,-21.0,-21.0,False,1.824324607849121,13.644027722511993,34.56418802785129
5.0,1.0,1.0,False,2.5152156949043274,33.34571068959767,12.903045921609975
5.0,-12.0,-12.0,False,6.289071679115295,30.144939614110672,25.340665090935886
5.0,-4.0,-4.0,False,1.67342609167099,35.6753538610048,25.095374257880003
5.0,-50.0,-50.0,False,3.4626773595809937,11.324183884744965,14.219505776241622
5.0,22.0,22.0,False,1.6773176193237305,26.91219869286402,21.077177101352248
5.0,15.0,15.0,False,1.6817763447761536,29.923454239008823,18.88927523679118
5.0,-5.0,-5.0,False,1.6220495998859406,32.03791208348237,10.92195393502413
5.0,49.0,49.0,False,2.622411012649536,11.206725793493792,30.727162091234025
5.0,20.0,20.0,False,1.580909550189972,10.004409199456797,8.156117171451935
5.0,-9.0,-9.0,False,1.8332285284996033,26.398585129161642,29.998560553031645
5.0,77.0,77.0,False,1.5996634364128113,24.648113421502625,33.04178545923674
5.0,-37.0,-37.0,False,2.5635184347629547,14.59915384557944,12.903045921609975
5.0,-2.0,-2.0,False,2.0235751569271088,10.004409199456797,14.98412411094871
5.0,28.0,28.0,False,1.4266581237316132,19.865527024746847,17.01174745261643
5.0,2.0,2.0,False,1.6817763447761536,16.6767210705607,18.88927523679118
5.0,-20.0,-20.0,False,0.5453740656375885,11.047435956684295,28.65393344913118
5.0,31.0,31.0,False,2.206324875354767,16.6767210705607,32.46758737400911
5.0,21.0,21.0,False,2.5152156949043274,33.34571068959767,24.387142111118727
5.0,32.0,32.0,False,2.583752155303955,28.547548617060922,32.46758737400911
5.0,11.0,11.0,False,2.9460976123809814,24.630074457450206,13.399764335040341
5.0,-51.0,-51.0,False,2.4065297842025757,37.05699495083724,21.38555442392829
5.0,18.0,18.0,False,1.5722265243530273,8.33280175103024,14.207297103697691
5.0,27.0,27.0,False,2.018899619579315,11.047435956684295,8.688702397189342
5.0,3.0,3.0,False,4.237655997276306,29.923454239008823,4.674526827116739
5.0,-65.0,-65.0,False,4.287232339382172,21.90884068471014,8.431269853369185
5.0,-9.0,-9.0,False,2.0235751569271088,27.38383510274606,14.98412411094871
5.0,-1.0,-1.0,False,1.2184376120567322,14.830556688207254,37.06953890830405
5.0,42.0,42.0,False,2.1950414776802063,23.554066107352128,26.244687441975795
5.0,-37.0,-37.0,False,2.6641079783439636,21.41289191123986,13.793717261665739
5.0,32.0,32.0,False,2.1950414776802063,8.660856212638478,26.244687441975795
5.0,6.0,6.0,False,2.9905937910079956,18.67615687860847,21.69531252197881
5.0,-4.0,-4.0,False,1.7982127666473389,36.01678017441426,26.5307767396735
5.0,20.0,20.0,False,2.3171703815460205,20.75038415484271,24.69625977217237
5.0,13.0,13.0,False,3.52096951007843,17.338763343201425,31.200887814752516
5.0,29.0,29.0,False,3.206999182701111,9.09800562959582,26.5307767396735
5.0,32.0,32.0,False,2.1178726255893707,22.248410821803972,33.50210775320667
5.0,-5.0,-5.0,False,1.7982127666473389,36.01678017441426,37.06953890830405
5.0,7.0,7.0,False,2.6624786257743835,32.44464163542472,15.41415975997255
5.0,-13.0,-13.0,False,3.0015558004379272,24.630074457450206,8.431269853369185
5.0,14.0,14.0,False,2.1178726255893707,9.824894554601245,33.50210775320667
5.0,35.0,35.0,False,2.426355868577957,33.34571068959767,25.068048942614315
5.0,-45.0,-45.0,False,2.6641079783439636,27.260830887847142,13.793717261665739
5.0,-24.0,-24.0,False,3.0015558004379272,24.630074457450206,21.38555442392829
5.0,-11.0,-11.0,False,1.2714112997055054,16.06220372739439,17.749326881218007
5.0,10.0,10.0,False,2.7033852338790894,19.642369255843608,21.50347739198267
5.0,9.0,9.0,False,3.1079309582710266,23.554066107352128,5.18094459802413
5.0,-31.0,-31.0,False,2.3173386454582214,13.409309376022858,14.815422735501137
5.0,-48.0,-48.0,False,4.380702197551727,27.260830887847142,24.050975169914427
5.0,17.0,17.0,False,4.474137037992477,9.307142162918954,34.354067501359125
5.0,-47.0,-47.0,False,0.5283001884818077,14.617566558962983,21.38555442392829
5.0,-4.0,-4.0,False,2.9528762698173523,32.44464163542472,26.5307767396735
5.0,-47.0,-47.0,False,4.403007447719574,27.260830887847142,15.699699977267741
5.0,6.0,6.0,False,1.4266581237316132,19.865527024746847,22.10191882679909
5.0,-6.0,-6.0,False,3.5023776292800903,7.648462998812353,21.38555442392829
5.0,10.0,10.0,False,1.67342609167099,35.6753538610048,15.41415975997255
5.0,-5.0,-5.0,False,2.8714041709899902,25.635594276041335,33.99730532850971
5.0,14.0,14.0,False,2.1892183423042297,20.32312391192729,14.815422735501137
5.0,-24.0,-24.0,False,1.8328933715820312,31.971746011592565,14.219505776241622
5.0,-1.0,-1.0,False,4.403007447719574,29.668123591648676,15.699699977267741
5.0,-36.0,-36.0,False,2.9998483061790466,15.60554856147457,36.53077602160571
5.0,-45.0,-45.0,False,2.6027947664260864,22.624142878193208,25.092397327948465
5.0,15.0,15.0,False,1.8332285284996033,26.398585129161642,13.399764335040341
5.0,10.0,10.0,False,2.448296844959259,30.64076549569794,28.27572797113035
5.0,14.0,14.0,False,1.3244314789772034,36.01678017441426,32.910369760064086
5.0,-6.0,-6.0,False,2.1892183423042297,20.32312391192729,28.129726860410003
5.0,-11.0,-11.0,False,2.5546799898147583,13.307537461292055,24.050975169914427
5.0,24.0,24.0,False,1.6049460470676422,16.720532473796265,33.10498778227313
5.0,70.0,70.0,False,3.175884425640106,35.166991631571776,33.04178545923674
5.0,21.0,21.0,False,1.6220495998859406,33.63547532797233,10.92195393502413
5.0,-12.0,-12.0,False,1.8328933715820312,31.971746011592565,33.504158003951865
5.0,18.0,18.0,False,2.9460976123809814,29.21143369413939,13.399764335040341
5.0,-27.0,-27.0,False,3.4243081510066986,27.38383510274606,25.340665090935886
5.0,-17.0,-17.0,False,3.2501679062843323,22.624142878193208,30.727162091234025
5.0,46.0,46.0,False,3.2776378393173218,29.668123591648676,26.41760529817079
5.0,-1.0,-1.0,False,2.1892183423042297,20.32312391192729,29.511531531840184
5.0,-16.0,-16.0,False,4.478660821914673,15.279468143853476,12.903045921609975
5.0,-15.0,-15.0,False,2.684738278388977,26.973747435753978,11.345786718374804
5.0,44.0,44.0,False,1.862879902124405,8.223319230342668,24.464996244834488
5.0,-31.0,-31.0,False,3.1251603960990906,18.196116919812113,24.387142111118727
5.0,-49.0,-49.0,False,3.6923112869262695,21.90884068471014,28.27572797113035
5.0,-25.0,-25.0,False,1.2714112997055054,20.75038415484271,17.749326881218007
5.0,-42.0,-42.0,False,4.13850873708725,32.69666169184578,36.40341273700107
1.0,12.0,12.0,False,2.6978642642498016,14.052062641389664,29.90291379937124
1.0,-14.0,-14.0,False,1.233888864517212,29.442352478119012,15.699282655303499
1.0,35.0,35.0,False,1.0084461867809296,28.39974375662921,14.489252908953558
1.0,7.0,7.0,False,2.2695714235305786,5.858690064133631,27.513876517704556
1.0,10.0,10.0,False,2.482245624065399,23.582378552343595,13.030337221666658
1.0,2.0,2.0,False,3.875714063644409,5.858690064133631,8.744844716319943
1.0,34.0,34.0,False,3.147463798522949,24.350919771937136,14.598702058188339
1.0,17.0,17.0,False,2.7933056950569153,30.76665145223399,34.80100054837196
1.0,-31.0,-31.0,False,1.2128764241933823,22.13426439106034,30.464041352909135
1.0,46.0,46.0,False,2.5294495820999146,35.63678559892133,16.47846874715538
1.0,31.0,31.0,False,2.7933056950569153,30.76665145223399,18.575195081464237
1.0,41.0,41.0,False,2.1430044174194336,28.76105386280754,24.542622295571157
1.0,-57.0,-57.0,False,2.467828333377838,15.890040324059727,26.325718348049545
1.0,43.0,43.0,False,1.6206836700439453,7.407068392448537,24.542622295571157
1.0,-10.0,-10.0,False,2.0695550441741943,32.53754134818523,28.820114552828112
1.0,25.0,25.0,False,2.8675488233566284,34.02618758674762,20.920707504825007
1.0,37.0,37.0,False,2.2695714235305786,21.123113333517736,27.513876517704556
1.0,21.0,21.0,False,3.027155101299286,10.01112967077923,22.108152106335908
1.0,-37.0,-37.0,False,3.8512147068977356,35.229543824134886,30.36051721235347
1.0,-10.0,-10.0,False,2.6605873703956604,19.048219653662706,29.86099778521027
1.0,5.0,5.0,False,1.4314748048782349,13.040404692378823,24.901099080414053
1.0,8.0,8.0,False,2.4802903532981873,2.874923870903153,17.51198170430677
1.0,-38.0,-38.0,False,2.6605873703956604,28.36885017600886,29.86099778521027
1.0,22.0,22.0,False,2.5101314783096313,11.750893741462583,10.31088891593816
1.0,32.0,32.0,False,4.162864506244659,13.738662345661448,31.82214311241224
1.0,-44.0,-44.0,False,3.076087772846222,32.53754134818523,19.441087299755857
1.0,5.0,5.0,False,1.6520878672599792,19.048219653662706,23.068434202502253
1.0,36.0,36.0,False,1.8911126255989075,9.437834070621292,17.371804032624258
1.0,31.0,31.0,False,3.631927788257599,15.136872510559767,31.149302726766926
1.0,-21.0,-21.0,False,1.233888864517212,14.64685785753644,15.699282655303499
1.0,0.0,0.0,False,2.2171555161476135,7.899419314132418,24.087873838222887
1.0,-30.0,-30.0,False,4.407665252685547,7.367331704663039,21.144264263199005
1.0,-42.0,-42.0,False,2.0556656420230865,13.24563814739179,24.127652234960944
1.0,5.0,5.0,False,1.30422642827034,13.15124159053508,30.464041352909135
1.0,11.0,11.0,False,1.2980918288230896,7.407068392448537,3.380975167039705
1.0,1.0,1.0,True,3.2925080955028534,29.442352478119012,19.595071507717908
1.0,-32.0,-32.0,False,3.5643245577812195,13.783839114471794,11.574186615347308
1.0,-26.0,-26.0,False,5.646791875362396,36.58726713773066,15.57909088048316
1.0,43.0,43.0,False,1.5037471652030945,10.975431618860185,21.682084080654388
1.0,28.0,28.0,False,1.6206836700439453,7.407068392448537,7.7728152845552
1.0,7.0,7.0,False,1.0084461867809296,28.39974375662921,19.592338158271378
1.0,16.0,16.0,False,2.0129697918891907,17.103868603480883,15.57909088048316
1.0,45.0,45.0,False,1.30422642827034,13.15124159053508,27.513876517704556
1.0,-57.0,-57.0,False,4.117579698562622,32.53754134818523,24.127652234960944
1.0,-8.0,-8.0,False,3.5192887783050537,6.325574874385337,25.715823483277678
1.0,-8.0,-8.0,False,4.289421439170837,36.58726713773066,19.71282096025786
1.0,21.0,21.0,False,1.5261220335960388,13.296179460742033,24.17030541441272
1.0,-62.0,-62.0,False,3.3726610839366913,24.457393500376842,21.144264263199005
1.0,-2.0,-2.0,False,3.0532886385917664,23.901222508180602,31.351936526316763
1.0,9.0,9.0,False,1.2128764241933823,22.13426439106034,33.54059202632778
1.0,-16.0,-16.0,False,3.13155597448349,24.888026828065964,31.236045178274594
1.0,32.0,32.0,False,1.5261220335960388,13.296179460742033,28.820114552828112
1.0,64.0,64.0,False,1.618940532207489,22.708619179516027,28.830334024125126
1.0,-36.0,-36.0,False,4.09272038936615,7.899419314132418,17.291840824337886
1.0,-3.0,-3.0,False,1.6706708669662476,10.839095026225614,35.26076295908942
1.0,17.0,17.0,False,3.147463798522949,24.350919771937136,31.35468295528793
1.0,-3.0,-3.0,False,3.9190537333488464,3.366304286174846,34.972176200736094
1.0,-11.0,-11.0,False,1.6706708669662476,16.276325791790896,35.26076295908942
1.0,1.0,1.0,True,2.861171841621399,21.123113333517736,21.144264263199005
1.0,-9.0,-9.0,False,2.2236387729644775,15.562997710453976,18.575195081464237
1.0,43.0,43.0,False,2.8675488233566284,10.839095026225614,20.920707504825007
1.0,19.0,19.0,False,1.9543041288852692,22.22948558069741,34.972176200736094
1.0,5.0,5.0,False,3.3984220027923584,10.757752085220359,15.837420250647442
1.0,10.0,10.0,False,3.589700758457184,5.465180894487634,13.030337221666658
1.0,-11.0,-11.0,False,3.5634565353393555,5.858690064133631,18.575195081464237
1.0,37.0,37.0,False,1.618940532207489,13.587326777248025,28.830334024125126
1.0,-58.0,-58.0,False,2.4256690740585327,14.64685785753644,6.1943122277549545
1.0,28.0,28.0,False,2.422547996044159,29.90964794088205,24.17030541441272
1.0,-37.0,-37.0,False,2.484754055738449,6.325574874385337,28.869922802580422
1.0,26.0,26.0,False,1.122931718826294,31.192895777995776,11.556227348639661
1.0,-33.0,-33.0,False,2.045419156551361,15.562997710453976,16.4365618477917
1.0,-27.0,-27.0,False,2.513563245534897,10.648497146808825,17.307033405640468
1.0,1.0,1.0,True,1.1156711876392365,9.767656429337697,11.556227348639661
1.0,-22.0,-22.0,False,3.0563420057296753,36.58726713773066,22.66685004253635
1.0,-9.0,-9.0,False,5.659423828125,32.53754134818523,17.473520900142166
1.0,-28.0,-28.0,False,4.1733304262161255,13.040404692378823,31.448136170412937
1.0,-14.0,-14.0,False,1.233888864517212,7.367331704663039,15.699282655303499
1.0,32.0,32.0,False,3.226036548614502,29.165860390190957,31.351936526316763
1.0,42.0,42.0,False,1.233888864517212,29.165860390190957,15.699282655303499
1.0,8.0,8.0,False,1.2982112765312195,24.894477694537755,24.17030541441272
1.0,32.0,32.0,False,2.2747095227241516,10.975431618860185,25.715823483277678
1.0,-46.0,-46.0,False,2.045419156551361,18.60669612740499,16.4365618477917
1.0,-29.0,-29.0,False,1.0544519126415253,19.83002820511667,33.99442138906607
1.0,-71.0,-71.0,False,3.5643245577812195,13.783839114471794,31.073999820611757
1.0,-9.0,-9.0,False,3.5028025433421135,30.66906221680573,7.415009417023084
1.0,4.0,4.0,False,1.2881052643060684,35.63678559892133,23.523962931622762
1.0,-13.0,-13.0,False,1.6822614073753357,16.807123310044627,11.372897656009007
1.0,-2.0,-2.0,False,2.5294495820999146,35.63678559892133,6.1943122277549545
1.0,-59.0,-59.0,False,2.6605873703956604,10.01112967077923,29.86099778521027
1.0,-30.0,-30.0,False,2.598024308681488,23.048390194498644,31.448136170412937
1.0,6.0,6.0,False,2.0556656420230865,13.24563814739179,11.556227348639661
1.0,-21.0,-21.0,False,3.1056050658226013,21.73719561968628,6.1943122277549545
1.0,49.0,49.0,False,2.2695714235305786,10.839095026225614,27.513876517704556
1.0,31.0,31.0,False,6.697211742401123,19.048219653662706,14.313099811095869
1.0,0.0,0.0,False,2.482245624065399,23.582378552343595,34.972176200736094
1.0,-14.0,-14.0,False,2.422547996044159,15.890040324059727,24.17030541441272
1.0,22.0,22.0,False,2.268523633480072,16.25262303823182,18.515164423497577
1.0,33.0,33.0,False,1.945082277059555,24.74098496063788,24.542622295571157
1.0,-38.0,-38.0,False,2.1055375933647156,14.64685785753644,26.84762777934458
1.0,48.0,48.0,False,2.4802903532981873,2.874923870903153,13.030337221666658
1.0,-13.0,-13.0,False,2.4489800930023193,36.58726713773066,24.542622295571157
1.0,-2.0,-2.0,False,1.9380650222301483,21.96994829233411,12.393772413394146
1.0,-20.0,-20.0,False,2.1055375933647156,14.052062641389664,26.84762777934458
1.0,-2.0,-2.0,False,4.113258823752403,18.735545372376823,11.574186615347308
1.0,-26.0,-26.0,False,1.6927593350410461,10.010070498405925,34.80100054837196
1.0,6.0,6.0,False,1.1156711876392365,9.767656429337697,27.513876517704556
1.0,43.0,43.0,False,3.5028025433421135,10.757752085220359,7.415009417023084
1.0,-6.0,-6.0,False,1.0084461867809296,28.39974375662921,12.393772413394146
1.0,-1.0,-1.0,False,2.4489800930023193,20.602776038513937,24.542622295571157
1.0,-44.0,-44.0,False,1.6706708669662476,13.040404692378823,35.26076295908942
1.0,12.0,12.0,False,2.6978642642498016,14.052062641389664,10.31088891593816
1.0,-29.0,-29.0,False,3.1945232152938843,3.366304286174846,33.94397208812464
1.0,-2.0,-2.0,False,4.13850873708725,30.66906221680573,32.40193593399178
1.0,-68.0,-68.0,False,2.045419156551361,24.457393500376842,16.4365618477917
1.0,-10.0,-10.0,False,3.2331326007843018,30.66906221680573,26.477792899818954
1.0,-48.0,-48.0,False,2.350049912929535,30.66906221680573,12.393772413394146
1.0,-6.0,-6.0,False,3.839110314846039,18.93892168304736,31.82214311241224
1.0,-9.0,-9.0,False,2.4970897436141968,11.595908444748803,8.942536115608092
1.0,26.0,26.0,False,1.4314748048782349,33.13051487341523,24.901099080414053
1.0,19.0,19.0,False,3.2331326007843018,12.675255339870207,26.477792899818954
1.0,27.0,27.0,False,3.5564870834350586,5.9086676599403525,16.47846874715538
1.0,-38.0,-38.0,False,1.1156711876392365,9.767656429337697,29.843911375238598
1.0,30.0,30.0,False,2.4802903532981873,2.874923870903153,25.715823483277678
1.0,-6.0,-6.0,False,1.2881052643060684,4.450873625648581,23.523962931622762
1.0,-6.0,-6.0,False,1.2223436683416367,13.296179460742033,34.21752850865029
1.0,35.0,35.0,False,1.0084461867809296,28.39974375662921,28.820114552828112
1.0,29.0,29.0,False,1.5261220335960388,13.296179460742033,23.462362138833956
1.0,29.0,29.0,False,4.695863902568817,18.735545372376823,8.270992504929596
1.0,31.0,31.0,False,1.5261220335960388,13.296179460742033,31.82214311241224
1.0,8.0,8.0,False,2.2171555161476135,24.888026828065964,24.087873838222887
1.0,-25.0,-25.0,False,1.0544519126415253,19.83002820511667,31.351936526316763
1.0,-47.0,-47.0,False,1.9150481820106506,3.366304286174846,5.843127538811253
1.0,19.0,19.0,False,2.2747095227241516,10.975431618860185,31.351936526316763
1.0,30.0,30.0,False,3.631927788257599,15.136872510559767,16.47846874715538
1.0,24.0,24.0,False,2.75434872508049,33.13051487341523,19.595071507717908
1.0,-1.0,-1.0,False,2.513563245534897,20.602776038513937,17.307033405640468
1.0,-27.0,-27.0,False,1.2223436683416367,28.36885017600886,34.21752850865029
1.0,-8.0,-8.0,False,5.379766494035721,7.899419314132418,14.313099811095869
1.0,-30.0,-30.0,False,2.484754055738449,19.636446099316878,28.869922802580422
1.0,-47.0,-47.0,False,1.6706708669662476,11.78656970466098,35.26076295908942
1.0,28.0,28.0,False,2.861171841621399,21.123113333517736,16.47846874715538
1.0,24.0,24.0,False,4.9297946989536285,29.90964794088205,15.57909088048316
1.0,22.0,22.0,False,1.122931718826294,31.192895777995776,26.477792899818954
1.0,-44.0,-44.0,False,2.482245624065399,23.582378552343595,24.127652234960944
1.0,-44.0,-44.0,False,2.610757291316986,19.502515288279614,17.51198170430677
1.0,37.0,37.0,False,3.589700758457184,27.418094402655203,13.030337221666658
1.0,34.0,34.0,False,2.2695714235305786,30.461338131567466,27.513876517704556
1.0,19.0,19.0,False,2.6003804802894592,12.675255339870207,23.462362138833956
1.0,-31.0,-31.0,False,3.197012424468994,23.384879487685296,30.464041352909135
1.0,61.0,61.0,False,3.027155101299286,27.418094402655203,22.108152106335908
1.0,9.0,9.0,False,1.30422642827034,13.15124159053508,21.144264263199005
1.0,-31.0,-31.0,False,2.1055375933647156,7.899419314132418,26.84762777934458
1.0,34.0,34.0,False,1.618940532207489,26.15389980390492,28.830334024125126
1.0,0.0,0.0,False,1.1156711876392365,9.767656429337697,24.087873838222887
1.0,-41.0,-41.0,False,1.1156711876392365,9.767656429337697,31.073999820611757
1.0,-9.0,-9.0,False,3.3984220027923584,27.172942602891066,15.837420250647442
1.0,-34.0,-34.0,False,3.076087772846222,7.367331704663039,19.441087299755857
1.0,-21.0,-21.0,False,1.233888864517212,30.66906221680573,15.699282655303499
1.0,0.0,0.0,False,2.2236387729644775,15.562997710453976,18.515164423497577
1.0,22.0,22.0,False,2.2171555161476135,12.675255339870207,24.087873838222887
1.0,35.0,35.0,False,2.8675488233566284,16.276325791790896,20.920707504825007
1.0,-10.0,-10.0,False,3.5634565353393555,9.872231010738886,18.575195081464237
1.0,-17.0,-17.0,False,2.100797653198242,36.58726713773066,22.799188194545923
1.0,4.0,4.0,False,5.659423828125,5.465180894487634,17.473520900142166
1.0,29.0,29.0,False,3.7850303053855896,30.461338131567466,11.556227348639661
1.0,5.0,5.0,False,1.6520878672599792,21.96994829233411,23.068434202502253
1.0,-54.0,-54.0,False,3.1945232152938843,10.648497146808825,33.94397208812464
1.0,-40.0,-40.0,False,1.2459309101104736,10.01112967077923,29.37963551408822
1.0,39.0,39.0,False,2.5096392035484314,4.450873625648581,14.489252908953558
1.0,16.0,16.0,False,1.9543041288852692,22.22948558069741,22.799188194545923
1.0,45.0,45.0,False,2.5451010316610336,17.447460761495517,18.515164423497577
1.0,-50.0,-50.0,False,2.4023587107658386,18.60669612740499,28.869922802580422
1.0,51.0,51.0,False,3.296020209789276,12.45885336735725,16.47846874715538
1.0,0.0,0.0,False,2.861171841621399,21.123113333517736,8.942536115608092
1.0,-28.0,-28.0,False,2.1055375933647156,15.562997710453976,26.84762777934458
1.0,30.0,30.0,False,1.7033283412456512,13.738662345661448,12.255675266296434
1.0,14.0,14.0,False,2.2747095227241516,10.975431618860185,23.295662124960778
1.0,40.0,40.0,False,1.7033283412456512,30.76665145223399,12.255675266296434
1.0,-24.0,-24.0,False,2.4970897436141968,11.595908444748803,19.445600017845067
1.0,14.0,14.0,False,1.122931718826294,31.192895777995776,22.66685004253635
1.0,31.0,31.0,False,5.596133649349213,13.738662345661448,31.149302726766926
1.0,-2.0,-2.0,False,1.2881052643060684,10.975431618860185,23.523962931622762
1.0,-8.0,-8.0,False,1.122931718826294,31.192895777995776,17.51198170430677
1.0,28.0,28.0,False,2.513563245534897,5.9086676599403525,17.307033405640468
1.0,-37.0,-37.0,False,1.2459309101104736,14.64685785753644,29.37963551408822
1.0,45.0,45.0,False,2.5451010316610336,17.447460761495517,34.972176200736094
1.0,10.0,10.0,False,2.387943744659424,19.177254715595215,8.942536115608092
1.0,25.0,25.0,False,5.48413622379303,12.675255339870207,27.584797600395497
1.0,24.0,24.0,False,2.4256690740585327,14.64685785753644,22.108152106335908
1.0,-33.0,-33.0,False,2.1055375933647156,31.61732003665157,26.84762777934458
1.0,10.0,10.0,False,2.329282760620117,21.92385737835604,31.82214311241224
1.0,10.0,10.0,False,2.5451010316610336,17.447460761495517,30.36051721235347
1.0,31.0,31.0,False,2.513563245534897,15.136872510559767,17.307033405640468
1.0,-48.0,-48.0,False,2.6605873703956604,35.229543824134886,29.86099778521027
1.0,17.0,17.0,False,1.2982112765312195,24.894477694537755,7.415009417023084
1.0,11.0,11.0,False,1.5794258117675781,4.450873625648581,34.733486340918546
1.0,-32.0,-32.0,False,2.329282760620117,21.92385737835604,32.91141081911861
1.0,-12.0,-12.0,False,1.2980918288230896,11.595908444748803,3.380975167039705
1.0,-2.0,-2.0,False,2.4489800930023193,7.367331704663039,24.542622295571157
1.0,33.0,33.0,False,1.0084461867809296,28.39974375662921,19.708434004523152
1.0,28.0,28.0,False,4.5304936170578,27.172942602891066,34.972176200736094
1.0,-3.0,-3.0,False,1.8911126255989075,22.228267042504473,17.371804032624258
1.0,0.0,0.0,False,2.8675488233566284,7.367331704663039,20.920707504825007
1.0,-53.0,-53.0,False,1.2881052643060684,22.228267042504473,23.523962931622762
1.0,3.0,3.0,False,2.045419156551361,29.90964794088205,16.4365618477917
1.0,23.0,23.0,False,3.5028025433421135,34.02618758674762,7.415009417023084
1.0,41.0,41.0,False,2.4802903532981873,2.874923870903153,20.920707504825007
1.0,24.0,24.0,False,2.268523633480072,16.25262303823182,31.82214311241224
1.0,-3.0,-3.0,False,3.565295159816742,17.839974399770664,8.744844716319943
1.0,74.0,74.0,False,4.695863902568817,10.757752085220359,8.270992504929596
1.0,-60.0,-60.0,False,2.3258383870124817,24.457393500376842,19.592338158271378
1.0,-38.0,-38.0,False,1.2980918288230896,17.839974399770664,3.380975167039705
1.0,18.0,18.0,False,2.329282760620117,21.92385737835604,13.030337221666658
1.0,-26.0,-26.0,False,1.122931718826294,31.192895777995776,6.1943122277549545
1.0,-44.0,-44.0,False,1.233888864517212,13.783839114471794,15.699282655303499
1.0,-43.0,-43.0,False,1.6706708669662476,23.582378552343595,35.26076295908942
1.0,25.0,25.0,False,1.122931718826294,31.192895777995776,28.820114552828112
1.0,-25.0,-25.0,False,2.045419156551361,21.92385737835604,16.4365618477917
1.0,-16.0,-16.0,False,1.122931718826294,31.192895777995776,31.073999820611757
1.0,14.0,14.0,False,3.135703146457672,20.30899627985144,25.715823483277678
1.0,15.0,15.0,False,3.8512147068977356,30.873939032607424,30.36051721235347
1.0,-9.0,-9.0,False,1.2980918288230896,16.25262303823182,3.380975167039705
1.0,-40.0,-40.0,False,4.1733304262161255,32.53754134818523,31.448136170412937
1.0,3.0,3.0,False,3.875714063644409,13.040404692378823,8.744844716319943
1.0,1.0,1.0,True,1.6822614073753357,19.177254715595215,11.372897656009007
1.0,-3.0,-3.0,False,3.8309966921806335,3.366304286174846,18.515164423497577
1.0,-9.0,-9.0,False,3.143414556980133,16.276325791790896,32.241337655220086
1.0,36.0,36.0,False,1.945082277059555,24.74098496063788,17.473520900142166
1.0,-8.0,-8.0,False,1.9543041288852692,22.22948558069741,31.448136170412937
1.0,-13.0,-13.0,False,2.0129697918891907,17.103868603480883,32.241337655220086
1.0,7.0,7.0,False,1.0084461867809296,28.39974375662921,34.733486340918546
1.0,-50.0,-50.0,False,3.827030211687088,15.890040324059727,6.427551953147684
1.0,-23.0,-23.0,False,2.610757291316986,19.636446099316878,17.51198170430677
1.0,0.0,0.0,False,3.2331326007843018,6.325574874385337,26.477792899818954
1.0,-27.0,-27.0,False,1.8911126255989075,24.457393500376842,17.371804032624258
1.0,-51.0,-51.0,False,3.2925080955028534,29.442352478119012,6.1943122277549545
1.0,14.0,14.0,False,3.5634565353393555,32.37434441038926,18.575195081464237
1.0,-31.0,-31.0,False,3.5331456661224365,18.93892168304736,34.80100054837196
1.0,40.0,40.0,False,4.169380486011505,28.36885017600886,8.270992504929596
1.0,-37.0,-37.0,False,3.503046691417694,22.228267042504473,23.295662124960778
1.0,-21.0,-21.0,False,1.2982112765312195,24.894477694537755,11.372897656009007
1.0,-4.0,-4.0,False,1.4314748048782349,30.66906221680573,24.901099080414053
1.0,-23.0,-23.0,False,1.5794258117675781,13.24563814739179,34.733486340918546
1.0,44.0,44.0,False,4.56334912776947,30.873939032607424,35.78205794709068
1.0,28.0,28.0,False,2.6003804802894592,21.123113333517736,23.462362138833956
1.0,-4.0,-4.0,False,3.076087772846222,5.9086676599403525,19.441087299755857
1.0,27.0,27.0,False,1.5037471652030945,26.15389980390492,21.682084080654388
1.0,46.0,46.0,False,2.2747095227241516,10.975431618860185,27.584797600395497
1.0,0.0,0.0,False,2.1055375933647156,21.123113333517736,26.84762777934458
1.0,-12.0,-12.0,False,1.2982112765312195,24.894477694537755,8.942536115608092
1.0,-1.0,-1.0,False,2.598024308681488,23.048390194498644,31.82214311241224
1.0,44.0,44.0,False,5.557302236557007,4.450873625648581,32.40193593399178
1.0,33.0,33.0,False,2.100797653198242,19.048219653662706,22.799188194545923
1.0,9.0,9.0,False,2.2236387729644775,15.562997710453976,27.513876517704556
1.0,-41.0,-41.0,False,2.350049912929535,7.899419314132418,12.393772413394146
1.0,20.0,20.0,False,2.75434872508049,33.13051487341523,34.972176200736094
1.0,0.0,0.0,False,2.1055375933647156,27.172942602891066,26.84762777934458
1.0,-1.0,-1.0,False,2.7933056950569153,30.76665145223399,32.241337655220086
1.0,-31.0,-31.0,False,2.598024308681488,23.048390194498644,8.942536115608092
1.0,-57.0,-57.0,False,2.4023587107658386,18.60669612740499,24.127652234960944
1.0,4.0,4.0,False,3.631927788257599,15.136872510559767,23.295662124960778
1.0,-7.0,-7.0,False,1.5037471652030945,30.66906221680573,21.682084080654388
1.0,-31.0,-31.0,False,2.350049912929535,19.636446099316878,12.393772413394146
1.0,-7.0,-7.0,False,1.6520878672599792,16.807123310044627,23.068434202502253
1.0,-8.0,-8.0,False,2.684738278388977,22.76304587768066,31.448136170412937
1.0,-1.0,-1.0,False,1.618940532207489,22.228267042504473,28.830334024125126
1.0,36.0,36.0,False,2.4011834859848022,13.587326777248025,33.54059202632778
1.0,59.0,59.0,False,3.226036548614502,29.165860390190957,27.584797600395497
1.0,-57.0,-57.0,False,4.117579698562622,10.01112967077923,24.127652234960944
1.0,-64.0,-64.0,False,2.4023587107658386,18.60669612740499,26.325718348049545
1.0,16.0,16.0,False,1.6206836700439453,7.407068392448537,33.94397208812464
1.0,-8.0,-8.0,False,2.422547996044159,5.465180894487634,24.17030541441272
1.0,-21.0,-21.0,False,3.308484733104706,24.888026828065964,23.295662124960778
1.0,-14.0,-14.0,False,1.1156711876392365,9.767656429337697,15.699282655303499
1.0,34.0,34.0,False,1.4314748048782349,17.103868603480883,24.901099080414053
1.0,-8.0,-8.0,False,2.2236387729644775,15.562997710453976,22.66685004253635
1.0,-23.0,-23.0,False,1.2128764241933823,22.13426439106034,34.80100054837196
1.0,30.0,30.0,False,4.5304936170578,13.738662345661448,34.972176200736094
1.0,46.0,46.0,False,3.147463798522949,24.350919771937136,29.90291379937124
1.0,29.0,29.0,False,1.0084461867809296,28.39974375662921,22.799188194545923
1.0,-16.0,-16.0,False,2.100797653198242,10.01112967077923,22.799188194545923
1.0,24.0,24.0,False,1.2982112765312195,24.894477694537755,17.371804032624258
1.0,31.0,31.0,False,3.5331456661224365,22.708619179516027,34.80100054837196
1.0,8.0,8.0,False,2.482245624065399,23.582378552343595,32.40193593399178
1.0,11.0,11.0,False,3.076087772846222,10.757752085220359,19.441087299755857
1.0,-18.0,-18.0,False,2.484754055738449,11.595908444748803,28.869922802580422
1.0,9.0,9.0,False,3.631927788257599,15.136872510559767,31.351936526316763
1.0,13.0,13.0,False,1.233888864517212,26.15389980390492,15.699282655303499
1.0,23.0,23.0,False,3.641395628452301,34.02618758674762,11.574186615347308
1.0,-7.0,-7.0,False,1.2223436683416367,27.172942602891066,34.21752850865029
1.0,-15.0,-15.0,False,1.2982112765312195,24.894477694537755,19.441087299755857
1.0,23.0,23.0,False,3.756829261779785,32.37434441038926,34.972176200736094
1.0,34.0,34.0,False,3.380917489528656,9.437834070621292,27.584797600395497
1.0,-2.0,-2.0,False,3.147463798522949,24.350919771937136,24.127652234960944
1.0,8.0,8.0,False,4.127568960189819,19.636446099316878,31.149302726766926
1.0,46.0,46.0,False,2.513563245534897,17.447460761495517,17.307033405640468
1.0,-1.0,-1.0,False,2.8570218086242676,10.757752085220359,19.445600017845067
1.0,-28.0,-28.0,False,1.1156711876392365,9.767656429337697,19.592338158271378
1.0,32.0,32.0,False,2.861171841621399,21.123113333517736,29.90291379937124
1.0,5.0,5.0,False,1.2980918288230896,13.15124159053508,3.380975167039705
1.0,23.0,23.0,False,2.2542691826820374,18.088919882678805,25.715823483277678
1.0,3.0,3.0,False,2.1430044174194336,28.76105386280754,28.869922802580422
1.0,-29.0,-29.0,False,3.1945232152938843,7.899419314132418,33.94397208812464
1.0,-37.0,-37.0,False,4.117579698562622,19.636446099316878,24.127652234960944
1.0,16.0,16.0,False,2.329282760620117,21.92385737835604,32.40193593399178
1.0,-6.0,-6.0,False,2.4256690740585327,14.64685785753644,17.473520900142166
1.0,-2.0,-2.0,False,2.4970897436141968,11.595908444748803,31.351936526316763
1.0,27.0,27.0,False,2.5096392035484314,26.15389980390492,14.489252908953558
1.0,11.0,11.0,False,1.0084461867809296,28.39974375662921,31.351936526316763
1.0,14.0,14.0,False,1.7615023851394653,21.123113333517736,7.7728152845552
1.0,22.0,22.0,False,2.071891486644745,12.318934777827334,24.087873838222887
1.0,-6.0,-6.0,False,1.5794258117675781,22.22948558069741,34.733486340918546
1.0,44.0,44.0,False,1.8911126255989075,29.90964794088205,17.371804032624258
1.0,32.0,32.0,False,3.380917489528656,9.437834070621292,29.90291379937124
1.0,25.0,25.0,False,2.5294495820999146,35.63678559892133,31.351936526316763
1.0,-11.0,-11.0,False,2.350049912929535,21.73719561968628,12.393772413394146
1.0,11.0,11.0,False,1.233888864517212,34.02618758674762,15.699282655303499
1.0,-4.0,-4.0,False,2.2171555161476135,17.839974399770664,24.087873838222887
1.0,-61.0,-61.0,False,3.5643245577812195,13.783839114471794,8.942536115608092
1.0,20.0,20.0,False,2.4970897436141968,11.595908444748803,19.708434004523152
1.0,19.0,19.0,False,6.117297828197479,26.15389980390492,14.313099811095869
1.0,-38.0,-38.0,False,2.3866533041000366,18.60669612740499,33.99442138906607
1.0,-10.0,-10.0,False,2.5096392035484314,10.01112967077923,14.489252908953558
1.0,-3.0,-3.0,False,1.7033283412456512,23.048390194498644,12.255675266296434
1.0,-29.0,-29.0,False,1.6520878672599792,13.24563814739179,23.068434202502253
1.0,-20.0,-20.0,False,1.6706708669662476,32.37434441038926,35.26076295908942
1.0,82.0,82.0,False,4.56334912776947,30.873939032607424,8.270992504929596
1.0,20.0,20.0,False,1.2982112765312195,24.894477694537755,11.556227348639661
1.0,-30.0,-30.0,False,2.350049912929535,14.052062641389664,12.393772413394146
1.0,16.0,16.0,False,1.2223436683416367,12.45885336735725,34.21752850865029
1.0,8.0,8.0,False,2.329282760620117,21.92385737835604,18.515164423497577
1.0,15.0,15.0,False,3.296020209789276,12.45885336735725,27.39813021663478
1.0,-28.0,-28.0,False,3.2827028632164,23.384879487685296,32.36990622727532
1.0,-7.0,-7.0,False,2.2171555161476135,30.66906221680573,24.087873838222887
1.0,17.0,17.0,False,1.5261220335960388,13.296179460742033,15.57909088048316
1.0,-18.0,-18.0,False,1.6822614073753357,22.22948558069741,11.372897656009007
1.0,-43.0,-43.0,False,1.651623249053955,20.602776038513937,27.198448274331646
1.0,7.0,7.0,False,1.8911126255989075,13.040404692378823,17.371804032624258
1.0,15.0,15.0,False,4.127568960189819,19.636446099316878,32.40193593399178
1.0,-9.0,-9.0,False,1.6520878672599792,20.30899627985144,23.068434202502253
1.0,-14.0,-14.0,False,1.9543041288852692,22.22948558069741,28.06849473842699
1.0,-30.0,-30.0,False,2.2236387729644775,15.562997710453976,17.51198170430677
1.0,-48.0,-48.0,False,2.4256690740585327,14.64685785753644,33.29898623106143
1.0,-19.0,-19.0,False,1.651623249053955,20.30899627985144,27.198448274331646
1.0,-26.0,-26.0,False,2.467828333377838,30.461338131567466,26.325718348049545
1.0,-53.0,-53.0,False,2.467828333377838,20.602776038513937,26.325718348049545
2.0,37.0,37.0,False,3.147463798522949,24.350919771937136,16.421269399290725
2.0,-2.0,-2.0,False,2.071891486644745,12.318934777827334,29.515148233709983
2.0,-48.0,-48.0,False,2.3783482909202576,23.384879487685296,12.834733234363137
2.0,3.0,3.0,False,2.7767388820648193,23.901222508180602,19.312253586268028
2.0,-4.0,-4.0,False,3.831646203994751,10.839095026225614,27.07901591196244
2.0,-14.0,-14.0,False,2.8765732049942017,20.30899627985144,25.549048505709937
2.0,66.0,66.0,False,3.831646203994751,10.839095026225614,9.961161340928564
2.0,-9.0,-9.0,False,2.4011834859848022,13.587326777248025,25.549048505709937
2.0,14.0,14.0,False,2.329282760620117,21.92385737835604,21.15332010962242
2.0,-22.0,-22.0,False,3.753319561481476,10.648497146808825,21.15332010962242
2.0,29.0,29.0,False,2.9826197624206543,15.136872510559767,27.638525297072633
2.0,54.0,54.0,False,3.8400921523571014,22.708619179516027,28.39319991515784
2.0,-28.0,-28.0,False,3.0666863918304443,19.636446099316878,6.379064423655132
2.0,0.0,0.0,False,1.1156711876392365,9.767656429337697,7.134185759097705
2.0,-14.0,-14.0,False,2.4706369638442993,16.807123310044627,32.32215163152994
2.0,-2.0,-2.0,False,5.024310767650604,11.78656970466098,10.676207169970654
2.0,7.0,7.0,False,3.308484733104706,24.888026828065964,35.017141504229
2.0,-18.0,-18.0,False,2.5686932802200317,30.461338131567466,31.38336981880821
2.0,31.0,31.0,False,2.573845624923706,29.165860390190957,14.867943508472939
2.0,18.0,18.0,False,2.0076794624328613,12.318934777827334,33.118012752991014
2.0,-26.0,-26.0,False,1.7208598256111145,23.384879487685296,18.147326063853658
2.0,-3.0,-3.0,False,2.2522791028022766,5.9086676599403525,21.680663688607773
2.0,36.0,36.0,False,2.573796182870865,24.350919771937136,22.02459852305198
2.0,-33.0,-33.0,False,2.0556656420230865,13.24563814739179,15.668592023566653
2.0,-10.0,-10.0,False,2.3783482909202576,2.874923870903153,12.834733234363137
2.0,-42.0,-42.0,False,3.41544571518898,17.839974399770664,15.668592023566653
2.0,-5.0,-5.0,False,5.111356317996979,11.78656970466098,33.61731335729204
2.0,-49.0,-49.0,False,3.2925080955028534,29.442352478119012,36.644787751607346
2.0,7.0,7.0,False,4.018531918525696,22.708619179516027,21.049646298479143
2.0,-7.0,-7.0,False,1.6303650736808777,17.839974399770664,31.31891814525308
2.0,-17.0,-17.0,False,1.122931718826294,31.192895777995776,34.93556740317086
2.0,16.0,16.0,False,1.7208598256111145,10.757752085220359,18.147326063853658
2.0,-11.0,-11.0,False,3.0666863918304443,16.807123310044627,6.379064423655132
2.0,4.0,4.0,False,1.6345978677272797,16.276325791790896,9.101173543191079
2.0,-37.0,-37.0,False,2.5851669907569885,35.229543824134886,13.29313124636667
2.0,-43.0,-43.0,False,3.701210677623749,15.890040324059727,29.905493731687468
2.0,-25.0,-25.0,False,3.5643245577812195,13.783839114471794,7.726958446945364
2.0,-5.0,-5.0,False,2.329282760620117,21.92385737835604,27.340407301262463
2.0,13.0,13.0,False,2.4970897436141968,11.595908444748803,22.02459852305198
2.0,64.0,64.0,False,2.159067451953888,29.90964794088205,29.005221850423506
2.0,-34.0,-34.0,False,2.4781349301338196,29.442352478119012,18.495946955677383
2.0,-17.0,-17.0,False,2.071891486644745,12.318934777827334,25.549048505709937
2.0,-4.0,-4.0,False,2.6605873703956604,24.350919771937136,20.208432260906946
2.0,-16.0,-16.0,False,2.482245624065399,23.582378552343595,33.99144064929509
2.0,-10.0,-10.0,False,2.4706369638442993,27.172942602891066,32.32215163152994
2.0,-29.0,-29.0,False,1.0544519126415253,19.83002820511667,17.415009792433555
2.0,-2.0,-2.0,False,2.2522791028022766,21.123113333517736,21.680663688607773
2.0,-39.0,-39.0,False,3.2925080955028534,29.442352478119012,18.260034807052946
2.0,-1.0,-1.0,False,2.6978642642498016,14.052062641389664,27.297620984754463
2.0,-42.0,-42.0,False,2.598024308681488,23.048390194498644,34.93556740317086
2.0,6.0,6.0,False,3.5192887783050537,6.325574874385337,21.15332010962242
2.0,-12.0,-12.0,False,2.071891486644745,12.318934777827334,18.495946955677383
2.0,12.0,12.0,False,3.819090962409973,30.873939032607424,3.8185192182016565
2.0,-5.0,-5.0,False,1.6927593350410461,10.010070498405925,24.628847470315463
2.0,5.0,5.0,False,2.684738278388977,22.76304587768066,30.043911458949115
2.0,19.0,19.0,False,2.071891486644745,12.318934777827334,16.976783607050688
2.0,1.0,1.0,False,2.5851669907569885,29.90964794088205,13.29313124636667
2.0,-59.0,-59.0,False,5.326363623142242,32.53754134818523,36.644787751607346
2.0,21.0,21.0,False,1.9543041288852692,22.22948558069741,31.566669453100815
2.0,8.0,8.0,False,4.127568960189819,19.636446099316878,31.87897571378062
2.0,4.0,4.0,False,1.0544519126415253,19.83002820511667,7.726958446945364
2.0,-15.0,-15.0,False,2.5686932802200317,27.172942602891066,31.38336981880821
2.0,-13.0,-13.0,False,2.4023587107658386,18.60669612740499,5.297059722650129
2.0,7.0,7.0,False,3.3838635087013245,10.757752085220359,7.518512131629629
2.0,8.0,8.0,False,2.2522791028022766,19.177254715595215,21.680663688607773
2.0,-30.0,-30.0,False,2.4256690740585327,14.64685785753644,25.77777416495959
2.0,-40.0,-40.0,False,3.0170386880636215,31.61732003665157,6.379064423655132
2.0,32.0,32.0,False,3.2925080955028534,29.442352478119012,12.141090020856087
2.0,45.0,45.0,False,2.551866888999939,22.76304587768066,14.21874409769795
2.0,-50.0,-50.0,False,2.8570218086242676,17.839974399770664,16.8704197071736
2.0,-24.0,-24.0,False,3.684903144836426,11.78656970466098,25.77777416495959
2.0,-42.0,-42.0,False,3.2925080955028534,29.442352478119012,34.93556740317086
2.0,9.0,9.0,False,2.2542691826820374,18.088919882678805,14.867943508472939
2.0,-32.0,-32.0,False,1.5608877539634705,10.010070498405925,33.321471532450225
2.0,-22.0,-22.0,False,3.3657261729240417,12.675255339870207,23.398072407060113
2.0,-4.0,-4.0,False,1.7043076753616333,16.25262303823182,13.521235118631019
2.0,-28.0,-28.0,False,3.140407919883728,29.442352478119012,23.761026432876587
2.0,12.0,12.0,False,1.6961322277784348,20.30899627985144,15.819045841701639
2.0,-8.0,-8.0,False,2.3783482909202576,30.76665145223399,12.834733234363137
2.0,-27.0,-27.0,False,2.75434872508049,33.13051487341523,21.049646298479143
2.0,-30.0,-30.0,False,2.329282760620117,21.92385737835604,3.8185192182016565
2.0,5.0,5.0,False,2.3783482909202576,29.165860390190957,12.834733234363137
2.0,-37.0,-37.0,False,4.127568960189819,19.636446099316878,27.07901591196244
2.0,0.0,0.0,False,3.982268750667572,35.229543824134886,35.017141504229
2.0,40.0,40.0,False,3.143414556980133,16.276325791790896,7.726958446945364
2.0,5.0,5.0,False,1.7043076753616333,18.088919882678805,13.521235118631019
2.0,-3.0,-3.0,False,2.7933056950569153,30.76665145223399,16.8704197071736
2.0,-3.0,-3.0,False,2.9826197624206543,5.858690064133631,27.638525297072633
2.0,6.0,6.0,False,3.8600403666496277,5.858690064133631,7.726958446945364
2.0,50.0,50.0,False,3.8600403666496277,10.757752085220359,7.726958446945364
2.0,5.0,5.0,False,1.7244549989700317,15.136872510559767,17.415009792433555
2.0,-13.0,-13.0,False,2.573796182870865,17.839974399770664,22.02459852305198
2.0,4.0,4.0,False,2.4706369638442993,24.350919771937136,32.32215163152994
2.0,10.0,10.0,False,1.9487190544605255,13.24563814739179,24.194594572438245
2.0,-39.0,-39.0,False,2.5851669907569885,11.78656970466098,13.29313124636667
2.0,10.0,10.0,False,2.3210570216178894,29.90964794088205,30.930633276084393
2.0,57.0,57.0,False,3.135703146457672,20.30899627985144,12.141090020856087
2.0,33.0,33.0,False,3.380917489528656,9.437834070621292,20.54780596230415
2.0,36.0,36.0,False,2.1430044174194336,28.76105386280754,20.07417715721179
2.0,-30.0,-30.0,False,3.701210677623749,19.636446099316878,29.905493731687468
2.0,-16.0,-16.0,False,2.4970897436141968,11.595908444748803,15.668592023566653
2.0,-50.0,-50.0,False,4.622734606266022,7.899419314132418,19.80050173133401
2.0,24.0,24.0,False,1.7043076753616333,30.873939032607424,13.521235118631019
2.0,35.0,35.0,False,2.4011834859848022,13.587326777248025,7.726958446945364
2.0,41.0,41.0,False,2.9826197624206543,24.350919771937136,27.638525297072633
2.0,-40.0,-40.0,False,2.482245624065399,23.582378552343595,24.63892116231524
2.0,75.0,75.0,False,3.6829899549484253,10.839095026225614,12.141090020856087
2.0,-41.0,-41.0,False,3.819090962409973,3.366304286174846,3.8185192182016565
2.0,-9.0,-9.0,False,3.0532886385917664,23.901222508180602,8.489404750576098
2.0,-1.0,-1.0,False,2.5686932802200317,10.757752085220359,31.38336981880821
2.0,-45.0,-45.0,False,3.0666863918304443,30.66906221680573,6.379064423655132
2.0,-32.0,-32.0,False,2.4256690740585327,14.64685785753644,14.867943508472939
2.0,-12.0,-12.0,False,2.3783482909202576,19.048219653662706,12.834733234363137
2.0,2.0,2.0,True,2.4802903532981873,2.874923870903153,18.260034807052946
2.0,28.0,28.0,False,3.380917489528656,9.437834070621292,5.297059722650129
2.0,23.0,23.0,False,2.551866888999939,3.366304286174846,14.21874409769795
2.0,45.0,45.0,False,1.9380650222301483,21.96994829233411,12.111436631458385
2.0,48.0,48.0,False,3.226036548614502,29.165860390190957,16.421269399290725
2.0,30.0,30.0,False,3.1671906113624573,27.418094402655203,7.134185759097705
2.0,25.0,25.0,False,3.0532886385917664,23.901222508180602,14.435607654029132
2.0,64.0,64.0,False,2.4802903532981873,2.874923870903153,9.961161340928564
2.0,62.0,62.0,False,4.034347951412201,29.90964794088205,9.961161340928564
2.0,-13.0,-13.0,False,1.6303650736808777,32.53754134818523,31.31891814525308
2.0,-1.0,-1.0,False,3.140407919883728,16.807123310044627,23.761026432876587
2.0,-13.0,-13.0,False,3.3657261729240417,9.437834070621292,23.398072407060113
2.0,-19.0,-19.0,False,1.2982112765312195,24.894477694537755,6.379064423655132
2.0,-38.0,-38.0,False,1.2128764241933823,22.13426439106034,3.8185192182016565
2.0,-2.0,-2.0,False,2.4802903532981873,2.874923870903153,24.63892116231524
2.0,24.0,24.0,False,2.1430044174194336,28.76105386280754,19.312253586268028
2.0,42.0,42.0,False,5.280986726284027,10.757752085220359,16.976783607050688
2.0,20.0,20.0,False,1.9380650222301483,21.96994829233411,19.312253586268028
2.0,-35.0,-35.0,False,2.6269367337226868,36.58726713773066,29.515148233709983
2.0,40.0,40.0,False,2.387943744659424,19.177254715595215,31.566669453100815
2.0,19.0,19.0,False,2.4970897436141968,11.595908444748803,5.297059722650129
2.0,36.0,36.0,False,2.2880871295928955,2.874923870903153,24.628847470315463
2.0,-29.0,-29.0,False,2.8765732049942017,19.636446099316878,25.549048505709937
2.0,-44.0,-44.0,False,3.565295159816742,17.839974399770664,29.905493731687468
2.0,26.0,26.0,False,2.5101314783096313,11.750893741462583,7.726958446945364
2.0,1.0,1.0,False,2.5411071181297302,5.465180894487634,18.218886726612276
2.0,53.0,53.0,False,3.296020209789276,12.45885336735725,35.017141504229
2.0,3.0,3.0,False,4.56334912776947,30.873939032607424,19.80050173133401
2.0,-10.0,-10.0,False,1.2982112765312195,24.894477694537755,34.903948797667965
2.0,-4.0,-4.0,False,1.945082277059555,24.74098496063788,25.549048505709937
2.0,10.0,10.0,False,1.7043076753616333,19.048219653662706,13.521235118631019
2.0,5.0,5.0,False,4.967686772346497,12.675255339870207,30.043911458949115
2.0,25.0,25.0,False,3.7850303053855896,30.461338131567466,5.297059722650129
2.0,26.0,26.0,False,2.2747095227241516,10.975431618860185,30.043911458949115
2.0,26.0,26.0,False,2.7767388820648193,10.757752085220359,19.312253586268028
2.0,-35.0,-35.0,False,1.6303650736808777,24.457393500376842,31.31891814525308
2.0,5.0,5.0,False,2.5451010316610336,17.447460761495517,20.383350931047197
2.0,55.0,55.0,False,2.5411071181297302,22.708619179516027,18.218886726612276
2.0,15.0,15.0,False,2.6269367337226868,4.450873625648581,29.515148233709983
2.0,29.0,29.0,False,2.0129697918891907,17.103868603480883,31.87897571378062
2.0,-19.0,-19.0,False,2.75434872508049,33.13051487341523,34.93556740317086
2.0,-8.0,-8.0,False,1.6927593350410461,10.010070498405925,16.421269399290725
2.0,52.0,52.0,False,1.460553228855133,30.873939032607424,17.159430315035877
2.0,-39.0,-39.0,False,2.4706369638442993,13.040404692378823,32.32215163152994
2.0,-11.0,-11.0,False,3.756829261779785,32.37434441038926,25.20030988472429
2.0,-10.0,-10.0,False,3.503046691417694,22.228267042504473,27.089845862247575
2.0,3.0,3.0,False,4.407665252685547,7.367331704663039,14.435607654029132
2.0,-28.0,-28.0,False,2.684738278388977,22.76304587768066,21.049646298479143
2.0,-53.0,-53.0,False,4.3308225274086,32.53754134818523,24.63892116231524
2.0,18.0,18.0,False,2.573796182870865,26.15389980390492,22.02459852305198
2.0,-72.0,-72.0,False,3.5643245577812195,13.783839114471794,34.93556740317086
2.0,-82.0,-82.0,False,3.3726610839366913,24.457393500376842,21.049646298479143
2.0,48.0,48.0,False,1.9487190544605255,28.76105386280754,24.194594572438245
2.0,7.0,7.0,False,1.1156711876392365,9.767656429337697,9.399688003313267
2.0,-3.0,-3.0,False,4.407665252685547,7.367331704663039,16.976783607050688
2.0,51.0,51.0,False,3.7285558581352234,30.873939032607424,27.089845862247575
2.0,15.0,15.0,False,3.380917489528656,9.437834070621292,27.340407301262463
2.0,7.0,7.0,False,1.0084461867809296,28.39974375662921,23.761026432876587
2.0,3.0,3.0,False,2.7933056950569153,30.76665145223399,20.493746012890593
2.0,2.0,2.0,True,1.2128764241933823,22.13426439106034,17.159430315035877
2.0,31.0,31.0,False,1.30422642827034,13.15124159053508,16.421269399290725
2.0,-26.0,-26.0,False,2.3783482909202576,20.30899627985144,12.834733234363137
2.0,-1.0,-1.0,False,4.036521911621094,9.872231010738886,16.976783607050688
2.0,-28.0,-28.0,False,2.6978642642498016,14.052062641389664,18.260034807052946
2.0,-50.0,-50.0,False,1.6927593350410461,10.010070498405925,19.80050173133401
2.0,-9.0,-9.0,False,1.122931718826294,31.192895777995776,18.495946955677383
2.0,42.0,42.0,False,2.2747095227241516,10.975431618860185,10.676207169970654
2.0,35.0,35.0,False,2.0076794624328613,19.048219653662706,33.118012752991014
2.0,9.0,9.0,False,2.6269367337226868,15.136872510559767,29.515148233709983
2.0,-41.0,-41.0,False,3.3657261729240417,5.465180894487634,23.398072407060113
2.0,47.0,47.0,False,2.5294495820999146,35.63678559892133,27.089845862247575
2.0,-43.0,-43.0,False,2.3783482909202576,24.888026828065964,12.834733234363137
2.0,-49.0,-49.0,False,4.407665252685547,7.367331704663039,36.644787751607346
2.0,-8.0,-8.0,False,3.2925080955028534,29.442352478119012,16.421269399290725
2.0,-30.0,-30.0,False,1.6345978677272797,35.229543824134886,9.101173543191079
2.0,-12.0,-12.0,False,5.0038527846336365,13.738662345661448,6.361703282444854
2.0,-11.0,-11.0,False,2.2522791028022766,12.675255339870207,21.680663688607773
2.0,-20.0,-20.0,False,1.2982112765312195,24.894477694537755,25.549048505709937
2.0,57.0,57.0,False,2.268523633480072,16.25262303823182,12.141090020856087
2.0,-10.0,-10.0,False,4.113011717796326,10.01112967077923,16.185850788484068
2.0,34.0,34.0,False,2.2542691826820374,18.088919882678805,7.134185759097705
2.0,28.0,28.0,False,2.3210570216178894,22.708619179516027,30.930633276084393
2.0,19.0,19.0,False,3.380917489528656,9.437834070621292,27.297620984754463
2.0,23.0,23.0,False,2.75434872508049,33.13051487341523,7.134185759097705
2.0,-48.0,-48.0,False,3.827030211687088,15.890040324059727,6.361703282444854
2.0,-26.0,-26.0,False,2.573845624923706,11.78656970466098,14.867943508472939
2.0,2.0,2.0,True,4.113011717796326,13.040404692378823,16.185850788484068
2.0,-44.0,-44.0,False,3.3657261729240417,7.367331704663039,23.398072407060113
2.0,-34.0,-34.0,False,2.4781349301338196,18.735545372376823,18.495946955677383
2.0,31.0,31.0,False,2.9567827582359314,22.708619179516027,26.749602502026427
2.0,-82.0,-82.0,False,3.3726610839366913,24.457393500376842,19.80050173133401
2.0,44.0,44.0,False,1.9380650222301483,21.96994829233411,24.194594572438245
2.0,-5.0,-5.0,False,1.5608877539634705,16.807123310044627,33.321471532450225
2.0,-1.0,-1.0,False,3.140407919883728,26.15389980390492,23.761026432876587
2.0,-3.0,-3.0,False,1.6303650736808777,29.442352478119012,31.31891814525308
2.0,8.0,8.0,False,1.30422642827034,13.15124159053508,8.489404750576098
2.0,-1.0,-1.0,False,2.9567827582359314,34.02618758674762,26.749602502026427
2.0,-36.0,-36.0,False,1.2128764241933823,22.13426439106034,18.260034807052946
2.0,1.0,1.0,False,3.1671906113624573,35.229543824134886,7.134185759097705
2.0,-8.0,-8.0,False,1.5261220335960388,13.296179460742033,29.905493731687468
2.0,-29.0,-29.0,False,2.3210570216178894,18.735545372376823,30.930633276084393
2.0,-10.0,-10.0,False,1.30422642827034,13.15124159053508,36.644787751607346
2.0,15.0,15.0,False,3.050490379333496,24.350919771937136,28.25771342949115
2.0,2.0,2.0,True,2.5294495820999146,35.63678559892133,27.07901591196244
2.0,20.0,20.0,False,2.4970897436141968,11.595908444748803,31.87897571378062
2.0,9.0,9.0,False,2.6978642642498016,14.052062641389664,27.089845862247575
2.0,-11.0,-11.0,False,2.4706369638442993,5.9086676599403525,32.32215163152994
2.0,-2.0,-2.0,False,2.2880871295928955,23.384879487685296,24.628847470315463
2.0,19.0,19.0,False,1.6206836700439453,7.407068392448537,26.749602502026427
2.0,-10.0,-10.0,False,1.6961322277784348,23.582378552343595,15.819045841701639
2.0,-9.0,-9.0,False,2.861171841621399,21.123113333517736,20.493746012890593
2.0,-12.0,-12.0,False,2.4781349301338196,12.675255339870207,18.495946955677383
2.0,-10.0,-10.0,False,2.4011834859848022,13.587326777248025,29.905493731687468
2.0,-29.0,-29.0,False,1.5608877539634705,6.325574874385337,33.321471532450225
2.0,39.0,39.0,False,3.1671906113624573,19.048219653662706,7.134185759097705
2.0,0.0,0.0,False,2.573845624923706,20.30899627985144,14.867943508472939
2.0,-5.0,-5.0,False,4.050903618335724,23.384879487685296,16.421269399290725
2.0,-3.0,-3.0,False,1.945082277059555,24.74098496063788,7.518512131629629
2.0,6.0,6.0,False,2.2522791028022766,29.90964794088205,21.680663688607773
2.0,-41.0,-41.0,False,2.4706369638442993,7.899419314132418,32.32215163152994
2.0,30.0,30.0,False,3.380917489528656,9.437834070621292,35.017141504229
2.0,4.0,4.0,False,3.8600403666496277,11.78656970466098,7.726958446945364
2.0,-50.0,-50.0,False,3.701210677623749,32.53754134818523,29.905493731687468
2.0,26.0,26.0,False,3.756829261779785,32.37434441038926,16.185850788484068
2.0,-4.0,-4.0,False,1.6927593350410461,10.010070498405925,27.638525297072633
2.0,-17.0,-17.0,False,2.4023587107658386,18.60669612740499,20.07417715721179
2.0,24.0,24.0,False,2.2747095227241516,10.975431618860185,19.312253586268028
2.0,24.0,24.0,False,1.0544519126415253,19.83002820511667,29.005221850423506
2.0,-11.0,-11.0,False,2.4706369638442993,21.73719561968628,32.32215163152994
2.0,44.0,44.0,False,1.6961322277784348,22.708619179516027,15.819045841701639
2.0,-29.0,-29.0,False,2.5101314783096313,11.750893741462583,21.049646298479143
2.0,-21.0,-21.0,False,2.3783482909202576,27.418094402655203,12.834733234363137
2.0,31.0,31.0,False,3.7850303053855896,30.461338131567466,21.15332010962242
2.0,6.0,6.0,False,1.945082277059555,24.74098496063788,30.930633276084393
2.0,-1.0,-1.0,False,2.071891486644745,12.318934777827334,25.77777416495959
2.0,-23.0,-23.0,False,2.684738278388977,22.76304587768066,6.361703282444854
2.0,-44.0,-44.0,False,4.3308225274086,11.78656970466098,24.63892116231524
2.0,-15.0,-15.0,False,2.268523633480072,16.25262303823182,29.905493731687468
2.0,32.0,32.0,False,1.9487190544605255,26.15389980390492,24.194594572438245
2.0,-1.0,-1.0,False,1.9380650222301483,21.96994829233411,20.493746012890593
2.0,-7.0,-7.0,False,2.4023587107658386,18.60669612740499,25.14612605934036
2.0,18.0,18.0,False,1.6961322277784348,27.172942602891066,15.819045841701639
2.0,12.0,12.0,False,1.122931718826294,31.192895777995776,15.819045841701639
2.0,2.0,2.0,True,3.5358769297599792,23.384879487685296,19.36740908663324
2.0,-21.0,-21.0,False,1.7043076753616333,24.888026828065964,13.521235118631019
2.0,0.0,0.0,False,4.036521911621094,9.872231010738886,31.87897571378062
2.0,-1.0,-1.0,False,2.5451010316610336,17.447460761495517,20.208432260906946
2.0,36.0,36.0,False,1.6961322277784348,35.63678559892133,15.819045841701639
2.0,-43.0,-43.0,False,2.8678463101387024,3.366304286174846,20.383350931047197
2.0,-47.0,-47.0,False,1.2128764241933823,22.13426439106034,21.049646298479143
2.0,22.0,22.0,False,1.460553228855133,33.13051487341523,17.159430315035877
2.0,-4.0,-4.0,False,5.111356317996979,7.899419314132418,33.61731335729204
2.0,39.0,39.0,False,1.945082277059555,24.74098496063788,6.33060962266511
2.0,2.0,2.0,True,2.3210570216178894,27.172942602891066,30.930633276084393
2.0,-43.0,-43.0,False,4.029255390167236,11.78656970466098,34.93556740317086
2.0,15.0,15.0,False,2.329282760620117,21.92385737835604,6.33060962266511
2.0,19.0,19.0,False,2.4970897436141968,11.595908444748803,16.976783607050688
2.0,-39.0,-39.0,False,3.0170386880636215,31.61732003665157,25.20030988472429
2.0,14.0,14.0,False,1.6345978677272797,24.350919771937136,9.101173543191079
2.0,55.0,55.0,False,4.5018298625946045,30.873939032607424,20.54780596230415
2.0,-27.0,-27.0,False,2.4970897436141968,11.595908444748803,20.208432260906946
2.0,6.0,6.0,False,3.5192887783050537,6.325574874385337,14.435607654029132
2.0,-4.0,-4.0,False,2.8765732049942017,16.276325791790896,25.549048505709937
2.0,-36.0,-36.0,False,3.3726610839366913,24.457393500376842,28.52344559121102
2.0,-14.0,-14.0,False,2.0076794624328613,32.53754134818523,33.118012752991014
2.0,-4.0,-4.0,False,3.8400921523571014,11.78656970466098,28.39319991515784
2.0,44.0,44.0,False,2.4802903532981873,2.874923870903153,14.435607654029132
2.0,5.0,5.0,False,2.598024308681488,23.048390194498644,7.726958446945364
2.0,-27.0,-27.0,False,2.4023587107658386,18.60669612740499,30.043911458949115
2.0,30.0,30.0,False,1.460553228855133,21.123113333517736,17.159430315035877
2.0,-1.0,-1.0,False,1.5608877539634705,27.172942602891066,33.321471532450225
2.0,-42.0,-42.0,False,4.029255390167236,18.735545372376823,34.93556740317086
2.0,53.0,53.0,False,2.159067451953888,30.461338131567466,29.005221850423506
2.0,-1.0,-1.0,False,4.894083797931671,5.465180894487634,28.52344559121102
2.0,-5.0,-5.0,False,3.756829261779785,32.37434441038926,8.489404750576098
2.0,-15.0,-15.0,False,3.135703146457672,20.30899627985144,29.905493731687468
2.0,-11.0,-11.0,False,4.018531918525696,29.90964794088205,21.049646298479143
2.0,-35.0,-35.0,False,3.0666863918304443,5.465180894487634,6.379064423655132
2.0,-23.0,-23.0,False,2.3783482909202576,30.461338131567466,12.834733234363137
2.0,-16.0,-16.0,False,2.2236387729644775,15.562997710453976,19.312253586268028
2.0,38.0,38.0,False,4.9297946989536285,29.90964794088205,31.566669453100815
2.0,26.0,26.0,False,1.6961322277784348,19.048219653662706,15.819045841701639
2.0,51.0,51.0,False,2.159067451953888,32.37434441038926,29.005221850423506
2.0,37.0,37.0,False,2.5411071181297302,4.450873625648581,18.218886726612276
2.0,-26.0,-26.0,False,1.7244549989700317,9.872231010738886,17.415009792433555
2.0,-13.0,-13.0,False,2.482245624065399,23.582378552343595,27.340407301262463
2.0,-2.0,-2.0,False,2.3210570216178894,16.807123310044627,30.930633276084393
2.0,26.0,26.0,False,1.2982112765312195,24.894477694537755,9.399688003313267
2.0,-50.0,-50.0,False,2.8765732049942017,19.502515288279614,25.549048505709937
2.0,28.0,28.0,False,1.122931718826294,31.192895777995776,25.14612605934036
2.0,17.0,17.0,False,2.268523633480072,16.25262303823182,16.421269399290725
2.0,-54.0,-54.0,False,2.8570218086242676,22.228267042504473,16.8704197071736
2.0,33.0,33.0,False,2.2542691826820374,18.088919882678805,10.676207169970654
2.0,-7.0,-7.0,False,2.2448704540729523,33.13051487341523,25.428733571057606
2.0,-20.0,-20.0,False,2.0129697918891907,17.103868603480883,12.834733234363137
2.0,63.0,63.0,False,3.226036548614502,29.165860390190957,11.934899970707379
2.0,-7.0,-7.0,False,1.5608877539634705,20.30899627985144,33.321471532450225
2.0,32.0,32.0,False,1.6927593350410461,10.010070498405925,12.141090020856087
2.0,37.0,37.0,False,2.730090856552124,5.9086676599403525,16.13015368999143
2.0,-16.0,-16.0,False,1.1156711876392365,9.767656429337697,27.340407301262463
2.0,2.0,2.0,True,6.532543182373047,11.78656970466098,25.14612605934036
2.0,-7.0,-7.0,False,2.2747095227241516,10.975431618860185,19.80050173133401
2.0,29.0,29.0,False,4.531162202358246,27.418094402655203,10.676207169970654
2.0,22.0,22.0,False,1.6961322277784348,24.74098496063788,15.819045841701639
2.0,-47.0,-47.0,False,2.2236387729644775,15.562997710453976,19.80050173133401
2.0,-10.0,-10.0,False,2.5411071181297302,22.228267042504473,18.218886726612276
2.0,-7.0,-7.0,False,0.8101569414138794,7.899419314132418,21.83394025973381
2.0,-8.0,-8.0,False,2.0129697918891907,17.103868603480883,25.549048505709937
2.0,-14.0,-14.0,False,3.5192887783050537,6.325574874385337,30.043911458949115
2.0,23.0,23.0,False,1.6345978677272797,12.45885336735725,9.101173543191079
2.0,-5.0,-5.0,False,1.122931718826294,31.192895777995776,28.25771342949115
2.0,-40.0,-40.0,False,3.9190537333488464,3.366304286174846,20.493746012890593
2.0,-56.0,-56.0,False,2.4023587107658386,18.60669612740499,16.8704197071736
2.0,0.0,0.0,False,2.387943744659424,19.177254715595215,32.32215163152994
2.0,-1.0,-1.0,False,2.4802903532981873,2.874923870903153,34.93556740317086
2.0,40.0,40.0,False,2.2747095227241516,10.975431618860185,16.976783607050688
2.0,-41.0,-41.0,False,3.308484733104706,24.888026828065964,36.644787751607346
2.0,-19.0,-19.0,False,2.8570218086242676,16.807123310044627,16.8704197071736
2.0,-21.0,-21.0,False,2.8570218086242676,20.30899627985144,16.8704197071736
2.0,3.0,3.0,False,3.9190537333488464,3.366304286174846,14.435607654029132
2.0,-40.0,-40.0,False,2.8678463101387024,5.465180894487634,20.383350931047197
2.0,-6.0,-6.0,False,2.329282760620117,21.92385737835604,30.043911458949115
2.0,2.0,2.0,True,1.7244549989700317,5.9086676599403525,17.415009792433555
2.0,-42.0,-42.0,False,3.667074590921402,15.890040324059727,18.260034807052946
2.0,-54.0,-54.0,False,2.4256690740585327,14.64685785753644,27.07901591196244
2.0,13.0,13.0,False,2.573796182870865,23.901222508180602,22.02459852305198
2.0,-13.0,-13.0,False,2.8678463101387024,5.9086676599403525,20.383350931047197
2.0,-13.0,-13.0,False,2.5686932802200317,15.136872510559767,31.38336981880821
2.0,36.0,36.0,False,1.9380650222301483,21.96994829233411,28.39319991515784
2.0,25.0,25.0,False,1.460553228855133,32.37434441038926,17.159430315035877
2.0,6.0,6.0,False,2.3210570216178894,16.276325791790896,30.930633276084393
2.0,-46.0,-46.0,False,2.6605873703956604,6.325574874385337,20.208432260906946
2.0,9.0,9.0,False,2.329282760620117,21.92385737835604,27.089845862247575
2.0,10.0,10.0,False,2.6978642642498016,14.052062641389664,35.017141504229
2.0,-29.0,-29.0,False,2.3210570216178894,29.442352478119012,30.930633276084393
2.0,3.0,3.0,False,2.071891486644745,12.318934777827334,33.99144064929509
2.0,-21.0,-21.0,False,1.5608877539634705,14.052062641389664,33.321471532450225
2.0,66.0,66.0,False,2.7933056950569153,30.76665145223399,9.961161340928564
2.0,-13.0,-13.0,False,3.3838635087013245,34.02618758674762,7.518512131629629
2.0,-6.0,-6.0,False,3.831646203994751,10.839095026225614,36.644787751607346
2.0,16.0,16.0,False,3.684903144836426,4.450873625648581,25.77777416495959
2.0,-25.0,-25.0,False,2.9567827582359314,35.229543824134886,26.749602502026427
2.0,-39.0,-39.0,False,1.0544519126415253,19.83002820511667,15.668592023566653
2.0,35.0,35.0,False,1.30422642827034,13.15124159053508,33.61731335729204
2.0,-31.0,-31.0,False,2.6978642642498016,14.052062641389664,34.93556740317086
2.0,20.0,20.0,False,1.460553228855133,11.750893741462583,17.159430315035877
3.0,-16.0,-16.0,False,1.1156711876392365,9.767656429337697,23.143213141527262
3.0,-39.0,-39.0,False,2.4256690740585327,14.64685785753644,22.268699010832915
3.0,-19.0,-19.0,False,1.2982112765312195,24.894477694537755,29.591442690916324
3.0,-35.0,-35.0,False,1.2128764241933823,22.13426439106034,11.51928569936876
3.0,-24.0,-24.0,False,2.9182572960853577,13.738662345661448,23.088941865931023
3.0,-6.0,-6.0,False,1.4551259279251099,13.296179460742033,11.51928569936876
3.0,8.0,8.0,False,1.1156711876392365,9.767656429337697,25.75805545468999
3.0,-11.0,-11.0,False,1.6743347644805908,13.738662345661448,11.470019194928632
3.0,-12.0,-12.0,False,2.4802903532981873,2.874923870903153,19.381839381817475
3.0,-14.0,-14.0,False,4.9297946989536285,29.90964794088205,19.381839381817475
3.0,-26.0,-26.0,False,2.0556656420230865,13.24563814739179,12.521573218871074
3.0,29.0,29.0,False,2.071891486644745,12.318934777827334,22.184498672581263
3.0,-14.0,-14.0,False,3.641395628452301,34.02618758674762,30.656015066632925
3.0,-49.0,-49.0,False,1.6486754417419434,30.66906221680573,29.285268078372088
3.0,28.0,28.0,False,2.4011834859848022,13.587326777248025,34.30144396264337
3.0,2.0,2.0,False,1.7865239381790161,6.325574874385337,34.65871536938304
3.0,-19.0,-19.0,False,1.6486754417419434,33.13051487341523,29.285268078372088
3.0,-35.0,-35.0,False,1.2128764241933823,22.13426439106034,29.055178222451005
3.0,13.0,13.0,False,1.6206836700439453,7.407068392448537,22.268699010832915
3.0,-28.0,-28.0,False,1.637912631034851,7.367331704663039,10.812303133368559
3.0,-4.0,-4.0,False,2.4802903532981873,2.874923870903153,17.82915355446834
3.0,-45.0,-45.0,False,1.6927593350410461,10.010070498405925,17.82915355446834
3.0,24.0,24.0,False,6.393894731998444,22.708619179516027,13.784125998943441
3.0,0.0,0.0,False,3.380917489528656,9.437834070621292,19.22885367433926
3.0,-1.0,-1.0,False,4.9297946989536285,29.90964794088205,8.05889534027647
3.0,10.0,10.0,False,1.2128764241933823,22.13426439106034,22.184498672581263
3.0,-4.0,-4.0,False,2.9182572960853577,30.873939032607424,23.088941865931023
3.0,3.0,3.0,True,3.5564870834350586,5.9086676599403525,20.65149591306319
3.0,-1.0,-1.0,False,2.482245624065399,23.582378552343595,31.957437879873087
3.0,-36.0,-36.0,False,1.2128764241933823,22.13426439106034,21.726333282260164
3.0,7.0,7.0,False,1.0084461867809296,28.39974375662921,25.67326253715639
3.0,-42.0,-42.0,False,2.7332763075828552,17.839974399770664,5.644505653191313
3.0,-31.0,-31.0,False,2.8649967908859253,20.602776038513937,16.027644713121415
3.0,-25.0,-25.0,False,5.507937431335449,11.78656970466098,15.251811842301276
3.0,5.0,5.0,False,1.4551259279251099,10.839095026225614,11.51928569936876
3.0,-9.0,-9.0,False,1.6743347644805908,16.276325791790896,11.470019194928632
3.0,10.0,10.0,False,1.945082277059555,24.74098496063788,27.70040298402895
3.0,-14.0,-14.0,False,1.2982112765312195,24.894477694537755,22.094464885363408
3.0,-1.0,-1.0,False,2.487267851829529,28.36885017600886,9.886134425409068
3.0,-1.0,-1.0,False,3.831646203994751,10.839095026225614,13.156864976441035
3.0,-24.0,-24.0,False,3.143414556980133,16.276325791790896,19.166914393717594
3.0,39.0,39.0,False,1.7225477695465088,28.76105386280754,21.404655452843237
3.0,-4.0,-4.0,False,1.0084461867809296,28.39974375662921,21.726333282260164
3.0,18.0,18.0,False,3.296020209789276,12.45885336735725,26.144991148091616
3.0,-67.0,-67.0,False,3.3726610839366913,24.457393500376842,5.684958172915207
3.0,-12.0,-12.0,False,2.2542691826820374,18.088919882678805,16.258465835810846
3.0,-42.0,-42.0,False,2.8649967908859253,10.01112967077923,16.027644713121415
3.0,19.0,19.0,False,1.122931718826294,31.192895777995776,6.6944264701436635
3.0,12.0,12.0,False,4.56334912776947,30.873939032607424,7.512447200849843
3.0,-31.0,-31.0,False,4.407665252685547,7.367331704663039,19.22885367433926
3.0,12.0,12.0,False,2.1430044174194336,28.76105386280754,16.82064658832933
3.0,-15.0,-15.0,False,3.7850303053855896,30.461338131567466,7.67611347285172
3.0,17.0,17.0,False,2.75434872508049,33.13051487341523,6.6944264701436635
3.0,-36.0,-36.0,False,3.4817839860916138,19.636446099316878,16.258465835810846
3.0,3.0,3.0,True,1.6486754417419434,10.757752085220359,29.285268078372088
3.0,67.0,67.0,False,2.1430044174194336,28.76105386280754,18.016254820984805
3.0,-22.0,-22.0,False,2.8649967908859253,19.636446099316878,16.027644713121415
3.0,-2.0,-2.0,False,1.1156711876392365,9.767656429337697,34.30144396264337
3.0,-9.0,-9.0,False,4.531162202358246,27.418094402655203,35.72183848300669
3.0,-26.0,-26.0,False,3.2336122393608093,20.602776038513937,20.65149591306319
3.0,-61.0,-61.0,False,3.5643245577812195,13.783839114471794,20.537096744230542
3.0,20.0,20.0,False,2.684738278388977,22.76304587768066,37.39238653564785
3.0,-17.0,-17.0,False,2.5101314783096313,11.750893741462583,5.644505653191313
3.0,-21.0,-21.0,False,1.80581796169281,15.562997710453976,30.539611186916886
3.0,-6.0,-6.0,False,1.945082277059555,24.74098496063788,7.512447200849843
3.0,-8.0,-8.0,False,3.5564870834350586,5.9086676599403525,29.591442690916324
3.0,-13.0,-13.0,False,2.6978642642498016,14.052062641389664,7.919260831402366
3.0,20.0,20.0,False,2.5451010316610336,17.447460761495517,26.56501878352536
3.0,25.0,25.0,False,1.0613904297351837,16.25262303823182,32.28695010943871
3.0,35.0,35.0,False,3.3245025277137756,16.807123310044627,25.75805545468999
3.0,11.0,11.0,False,3.296020209789276,12.45885336735725,34.29144365061243
3.0,7.0,7.0,False,1.6206836700439453,7.407068392448537,5.644505653191313
3.0,24.0,24.0,False,3.5564870834350586,5.9086676599403525,6.6944264701436635
3.0,8.0,8.0,False,3.296020209789276,12.45885336735725,16.258465835810846
3.0,9.0,9.0,False,1.5038633346557617,30.873939032607424,15.652482331331008
3.0,9.0,9.0,False,1.80581796169281,15.136872510559767,30.539611186916886
3.0,-8.0,-8.0,False,2.0129697918891907,17.103868603480883,30.656015066632925
3.0,-42.0,-42.0,False,2.324254997074604,19.502515288279614,16.82064658832933
3.0,1.0,1.0,False,1.2128764241933823,22.13426439106034,37.39238653564785
3.0,22.0,22.0,False,0.7908325493335724,12.45885336735725,4.615929033497499
3.0,-11.0,-11.0,False,2.071891486644745,12.318934777827334,13.784125998943441
3.0,-1.0,-1.0,False,1.5038633346557617,28.76105386280754,15.652482331331008
3.0,-34.0,-34.0,False,3.827030211687088,15.890040324059727,12.521573218871074
3.0,-19.0,-19.0,False,3.246718108654022,19.636446099316878,6.345107435995754
3.0,-56.0,-56.0,False,3.255272388458252,19.502515288279614,17.82915355446834
3.0,72.0,72.0,False,2.5451010316610336,17.447460761495517,18.016254820984805
3.0,4.0,4.0,False,1.362888216972351,16.807123310044627,14.46686424671264
3.0,45.0,45.0,False,2.2234342098236084,19.048219653662706,17.41291382921542
3.0,-45.0,-45.0,False,2.4023587107658386,18.60669612740499,5.684958172915207
3.0,-6.0,-6.0,False,3.612581640481949,3.366304286174846,6.6944264701436635
3.0,21.0,21.0,False,1.7865239381790161,12.675255339870207,34.65871536938304
3.0,-42.0,-42.0,False,3.8811795115470886,30.66906221680573,5.684958172915207
3.0,-9.0,-9.0,False,4.531162202358246,27.418094402655203,30.656015066632925
3.0,-25.0,-25.0,False,3.0735420286655426,10.01112967077923,15.0380389769402
3.0,-36.0,-36.0,False,1.2128764241933823,22.13426439106034,30.656015066632925
3.0,24.0,24.0,False,2.32444167137146,29.442352478119012,19.21685235804192
3.0,-20.0,-20.0,False,3.135703146457672,20.30899627985144,17.82915355446834
3.0,-2.0,-2.0,False,1.9380650222301483,21.96994829233411,5.510134376645804
3.0,64.0,64.0,False,3.226036548614502,29.165860390190957,16.95634779995063
3.0,-8.0,-8.0,False,2.071891486644745,12.318934777827334,19.174989803266737
3.0,19.0,19.0,False,2.7933056950569153,30.76665145223399,15.251811842301276
3.0,-30.0,-30.0,False,3.0170386880636215,31.61732003665157,26.56501878352536
3.0,19.0,19.0,False,3.358773112297058,18.93892168304736,18.016254820984805
3.0,32.0,32.0,False,4.021404147148132,35.229543824134886,19.630096065463018
3.0,-28.0,-28.0,False,2.6978642642498016,14.052062641389664,35.72183848300669
3.0,-3.0,-3.0,False,2.324254997074604,30.461338131567466,16.82064658832933
3.0,29.0,29.0,False,2.4970897436141968,11.595908444748803,22.184498672581263
3.0,-19.0,-19.0,False,2.2542691826820374,18.088919882678805,19.381839381817475
3.0,-21.0,-21.0,False,0.7908325493335724,14.052062641389664,4.615929033497499
3.0,-33.0,-33.0,False,1.0544519126415253,19.83002820511667,22.268699010832915
3.0,53.0,53.0,False,1.6206836700439453,7.407068392448537,16.95634779995063
3.0,-33.0,-33.0,False,1.5038633346557617,21.92385737835604,15.652482331331008
3.0,13.0,13.0,False,1.2982112765312195,24.894477694537755,10.813715166373807
3.0,-37.0,-37.0,False,2.4256690740585327,14.64685785753644,19.174989803266737
3.0,25.0,25.0,False,2.0129697918891907,17.103868603480883,6.6944264701436635
3.0,88.0,88.0,False,1.6985645294189453,28.76105386280754,17.283796733258626
3.0,-10.0,-10.0,False,0.7908325493335724,12.675255339870207,4.615929033497499
3.0,-28.0,-28.0,False,2.0556656420230865,13.24563814739179,22.094464885363408
3.0,-18.0,-18.0,False,5.489045798778534,12.675255339870207,8.05889534027647
3.0,67.0,67.0,False,1.6985645294189453,23.901222508180602,17.283796733258626
3.0,-52.0,-52.0,False,2.4023587107658386,18.60669612740499,24.865148539219334
3.0,-7.0,-7.0,False,2.2542691826820374,18.088919882678805,5.510134376645804
3.0,-26.0,-26.0,False,1.637912631034851,9.872231010738886,10.812303133368559
3.0,-11.0,-11.0,False,1.4551259279251099,16.807123310044627,11.51928569936876
3.0,37.0,37.0,False,2.770187556743622,29.90964794088205,37.39238653564785
3.0,-23.0,-23.0,False,1.5038633346557617,11.750893741462583,15.652482331331008
3.0,2.0,2.0,False,3.756829261779785,32.37434441038926,7.919260831402366
3.0,52.0,52.0,False,2.5294495820999146,35.63678559892133,35.301803724334064
3.0,-25.0,-25.0,False,2.498404026031494,6.325574874385337,25.67326253715639
3.0,-12.0,-12.0,False,2.861171841621399,21.123113333517736,7.67611347285172
3.0,-5.0,-5.0,False,4.129241168498993,7.367331704663039,21.95546202251436
3.0,18.0,18.0,False,1.6524146795272827,29.165860390190957,29.055178222451005
3.0,11.0,11.0,False,3.815837562084198,5.465180894487634,16.95634779995063
3.0,-4.0,-4.0,False,2.2542691826820374,18.088919882678805,5.644505653191313
3.0,1.0,1.0,False,1.6524146795272827,29.90964794088205,29.055178222451005
3.0,29.0,29.0,False,1.7865239381790161,13.587326777248025,34.65871536938304
3.0,31.0,31.0,False,1.945082277059555,24.74098496063788,17.903115948598035
3.0,3.0,3.0,True,1.30422642827034,13.15124159053508,26.144991148091616
3.0,1.0,1.0,False,2.4256690740585327,14.64685785753644,25.75805545468999
3.0,6.0,6.0,False,2.5294495820999146,35.63678559892133,7.67611347285172
3.0,15.0,15.0,False,2.7332763075828552,30.873939032607424,5.644505653191313
3.0,17.0,17.0,False,2.32444167137146,14.64685785753644,19.21685235804192
3.0,31.0,31.0,False,2.770187556743622,15.136872510559767,37.39238653564785
3.0,56.0,56.0,False,3.641395628452301,34.02618758674762,19.630096065463018
3.0,-56.0,-56.0,False,2.4023587107658386,18.60669612740499,16.258465835810846
3.0,-32.0,-32.0,False,3.276279628276825,30.66906221680573,27.70040298402895
3.0,6.0,6.0,False,2.4011834859848022,13.587326777248025,7.919260831402366
3.0,-23.0,-23.0,False,1.362888216972351,18.735545372376823,14.46686424671264
3.0,-21.0,-21.0,False,1.5261220335960388,13.296179460742033,19.381839381817475
3.0,56.0,56.0,False,2.5451010316610336,17.447460761495517,25.75805545468999
3.0,-12.0,-12.0,False,2.482245624065399,23.582378552343595,15.0380389769402
3.0,21.0,21.0,False,2.32444167137146,15.890040324059727,19.21685235804192
3.0,-22.0,-22.0,False,1.2982112765312195,24.894477694537755,7.512447200849843
3.0,-33.0,-33.0,False,3.3584072589874268,19.636446099316878,34.29144365061243
3.0,-41.0,-41.0,False,2.324254997074604,32.53754134818523,16.82064658832933
3.0,-39.0,-39.0,False,3.2290316224098206,7.367331704663039,21.726333282260164
3.0,28.0,28.0,False,2.1430044174194336,28.76105386280754,15.0380389769402
3.0,-58.0,-58.0,False,3.753319561481476,10.648497146808825,13.784125998943441
3.0,-68.0,-68.0,False,3.3726610839366913,24.457393500376842,26.144991148091616
3.0,-31.0,-31.0,False,1.2640658617019653,5.858690064133631,25.298086494337145
3.0,1.0,1.0,False,0.7908325493335724,13.738662345661448,4.615929033497499
3.0,37.0,37.0,False,4.9297946989536285,29.90964794088205,17.56792455774448
3.0,-2.0,-2.0,False,1.7225477695465088,13.040404692378823,21.404655452843237
3.0,-13.0,-13.0,False,3.8811795115470886,12.675255339870207,5.684958172915207
3.0,27.0,27.0,False,1.7225477695465088,17.103868603480883,21.404655452843237
3.0,31.0,31.0,False,1.0613904297351837,27.172942602891066,32.28695010943871
3.0,30.0,30.0,False,1.7865239381790161,27.172942602891066,34.65871536938304
3.0,-32.0,-32.0,False,0.7908325493335724,23.048390194498644,4.615929033497499
3.0,39.0,39.0,False,2.861171841621399,21.123113333517736,16.95634779995063
3.0,-29.0,-29.0,False,3.2336122393608093,20.602776038513937,19.174989803266737
3.0,-25.0,-25.0,False,3.276279628276825,29.442352478119012,27.70040298402895
3.0,12.0,12.0,False,3.867150604724884,29.90964794088205,20.65149591306319
3.0,43.0,43.0,False,2.5294495820999146,35.63678559892133,10.813715166373807
3.0,-34.0,-34.0,False,3.3726610839366913,24.457393500376842,17.56792455774448
3.0,-10.0,-10.0,False,2.5687347054481506,10.01112967077923,19.14299251939613
3.0,14.0,14.0,False,3.276279628276825,4.450873625648581,27.70040298402895
3.0,18.0,18.0,False,2.7933056950569153,30.76665145223399,27.70040298402895
3.0,-8.0,-8.0,False,1.6524146795272827,13.587326777248025,29.055178222451005
3.0,-17.0,-17.0,False,2.071891486644745,12.318934777827334,21.726333282260164
3.0,-43.0,-43.0,False,2.8649967908859253,19.502515288279614,16.027644713121415
3.0,46.0,46.0,False,3.0532886385917664,23.901222508180602,18.016254820984805
3.0,-31.0,-31.0,False,3.9190537333488464,3.366304286174846,19.22885367433926
3.0,-25.0,-25.0,False,1.0544519126415253,19.83002820511667,30.539611186916886
3.0,-20.0,-20.0,False,2.324254997074604,28.36885017600886,16.82064658832933
3.0,24.0,24.0,False,3.1056050658226013,21.73719561968628,6.6944264701436635
3.0,-25.0,-25.0,False,3.276279628276825,18.735545372376823,27.70040298402895
3.0,41.0,41.0,False,1.7225477695465088,24.350919771937136,21.404655452843237
3.0,-16.0,-16.0,False,1.4551259279251099,11.595908444748803,11.51928569936876
3.0,-32.0,-32.0,False,2.598024308681488,23.048390194498644,22.268699010832915
3.0,-23.0,-23.0,False,2.0556656420230865,13.24563814739179,26.56501878352536
3.0,56.0,56.0,False,2.5294495820999146,35.63678559892133,22.184498672581263
3.0,38.0,38.0,False,2.7933056950569153,30.76665145223399,21.95546202251436
3.0,2.0,2.0,False,1.637912631034851,13.587326777248025,10.812303133368559
3.0,-23.0,-23.0,False,2.0556656420230865,13.24563814739179,25.67326253715639
3.0,-30.0,-30.0,False,4.4153967797756195,13.040404692378823,16.2854476759893
3.0,2.0,2.0,False,1.0544519126415253,19.83002820511667,35.301803724334064
3.0,28.0,28.0,False,3.296020209789276,12.45885336735725,19.057489981240206
3.0,-59.0,-59.0,False,3.174757957458496,7.899419314132418,19.166914393717594
3.0,-42.0,-42.0,False,0.7908325493335724,10.01112967077923,4.615929033497499
3.0,52.0,52.0,False,1.6206836700439453,7.407068392448537,22.184498672581263
3.0,-3.0,-3.0,False,3.612581640481949,23.384879487685296,6.6944264701436635
3.0,-12.0,-12.0,False,2.4023587107658386,18.60669612740499,37.39238653564785
3.0,7.0,7.0,False,3.143414556980133,16.276325791790896,26.56501878352536
3.0,-2.0,-2.0,False,3.756829261779785,32.37434441038926,26.56501878352536
3.0,20.0,20.0,False,1.362888216972351,10.839095026225614,14.46686424671264
3.0,-8.0,-8.0,False,2.861171841621399,21.123113333517736,21.726333282260164
3.0,-2.0,-2.0,False,3.0532886385917664,23.901222508180602,7.919260831402366
3.0,-39.0,-39.0,False,2.4256690740585327,14.64685785753644,16.027644713121415
3.0,-50.0,-50.0,False,3.8614214658737183,9.872231010738886,35.243121199690265
3.0,2.0,2.0,False,3.296020209789276,12.45885336735725,11.928695267718934
3.0,-45.0,-45.0,False,3.827030211687088,15.890040324059727,24.865148539219334
3.0,-21.0,-21.0,False,3.3584072589874268,12.675255339870207,34.29144365061243
3.0,-18.0,-18.0,False,4.127568960189819,19.636446099316878,26.56501878352536
3.0,11.0,11.0,False,1.0084461867809296,28.39974375662921,15.251811842301276
3.0,-14.0,-14.0,False,2.9182572960853577,10.839095026225614,23.088941865931023
3.0,-31.0,-31.0,False,3.308484733104706,24.888026828065964,35.72183848300669
3.0,38.0,38.0,False,1.7865239381790161,29.90964794088205,34.65871536938304
3.0,48.0,48.0,False,1.0613904297351837,17.447460761495517,32.28695010943871
3.0,11.0,11.0,False,2.2747095227241516,10.975431618860185,22.268699010832915
3.0,-39.0,-39.0,False,0.7908325493335724,30.66906221680573,4.615929033497499
3.0,51.0,51.0,False,3.815837562084198,10.839095026225614,16.95634779995063
3.0,-43.0,-43.0,False,3.839110314846039,18.93892168304736,29.591442690916324
3.0,-36.0,-36.0,False,1.2128764241933823,22.13426439106034,35.72183848300669
3.0,10.0,10.0,False,2.387943744659424,19.177254715595215,28.401404392414943
3.0,-25.0,-25.0,False,4.728456288576126,16.807123310044627,11.928695267718934
3.0,-7.0,-7.0,False,2.684738278388977,22.76304587768066,6.345107435995754
3.0,-30.0,-30.0,False,2.6978642642498016,14.052062641389664,5.510134376645804
3.0,7.0,7.0,False,2.6978642642498016,14.052062641389664,31.957437879873087
3.0,-21.0,-21.0,False,2.268523633480072,16.25262303823182,16.258465835810846
3.0,-25.0,-25.0,False,4.587086021900177,11.78656970466098,7.919260831402366
3.0,-26.0,-26.0,False,2.2236387729644775,15.562997710453976,6.345107435995754
3.0,19.0,19.0,False,2.487267851829529,21.123113333517736,9.886134425409068
3.0,-57.0,-57.0,False,2.9182572960853577,7.367331704663039,23.088941865931023
3.0,-29.0,-29.0,False,2.2236387729644775,15.562997710453976,16.2854476759893
3.0,-13.0,-13.0,False,2.7332763075828552,34.02618758674762,5.644505653191313
3.0,2.0,2.0,False,1.637912631034851,5.9086676599403525,10.812303133368559
3.0,-38.0,-38.0,False,3.2336122393608093,20.602776038513937,35.72183848300669
3.0,55.0,55.0,False,2.32444167137146,9.437834070621292,19.21685235804192
3.0,-4.0,-4.0,False,1.945082277059555,24.74098496063788,21.726333282260164
3.0,-36.0,-36.0,False,2.2236387729644775,15.562997710453976,30.656015066632925
3.0,41.0,41.0,False,2.2542691826820374,18.088919882678805,6.286423407844504
3.0,12.0,12.0,False,5.280986726284027,10.757752085220359,22.094464885363408
3.0,-21.0,-21.0,False,4.127568960189819,19.636446099316878,20.537096744230542
3.0,8.0,8.0,False,3.3245025277137756,3.366304286174846,25.75805545468999
3.0,-42.0,-42.0,False,4.169380486011505,28.36885017600886,19.381839381817475
3.0,-47.0,-47.0,False,1.0544519126415253,19.83002820511667,16.258465835810846
3.0,29.0,29.0,False,1.0084461867809296,28.39974375662921,10.813715166373807
3.0,6.0,6.0,False,1.5261220335960388,13.296179460742033,19.057489981240206
3.0,-41.0,-41.0,False,3.0170386880636215,31.61732003665157,35.72183848300669
3.0,-50.0,-50.0,False,6.157199919223785,36.58726713773066,35.72183848300669
3.0,-42.0,-42.0,False,1.6486754417419434,18.735545372376823,29.285268078372088
3.0,-9.0,-9.0,False,2.4011834859848022,13.587326777248025,30.656015066632925
3.0,-9.0,-9.0,False,3.0532886385917664,23.901222508180602,28.401404392414943
3.0,11.0,11.0,False,2.5294495820999146,35.63678559892133,29.591442690916324
3.0,-25.0,-25.0,False,3.8614214658737183,26.15389980390492,35.243121199690265
3.0,32.0,32.0,False,2.646380662918091,20.30899627985144,6.286423407844504
3.0,-30.0,-30.0,False,2.8649967908859253,13.040404692378823,16.027644713121415
3.0,-13.0,-13.0,False,2.4256690740585327,14.64685785753644,6.6944264701436635
3.0,6.0,6.0,False,2.0129697918891907,17.103868603480883,27.70040298402895
3.0,-3.0,-3.0,False,3.2302297949790955,30.461338131567466,28.401404392414943
3.0,1.0,1.0,False,3.5192887783050537,6.325574874385337,17.56792455774448
3.0,67.0,67.0,False,2.32444167137146,30.76665145223399,19.21685235804192
3.0,39.0,39.0,False,3.308484733104706,24.888026828065964,19.630096065463018
3.0,-9.0,-9.0,False,3.463726669549942,18.93892168304736,31.957437879873087
3.0,18.0,18.0,False,1.2982112765312195,24.894477694537755,34.65871536938304
3.0,-3.0,-3.0,False,2.617880880832672,20.602776038513937,17.903115948598035
3.0,3.0,3.0,True,2.646380662918091,17.839974399770664,6.286423407844504
3.0,-5.0,-5.0,False,2.324254997074604,32.37434441038926,16.82064658832933
3.0,-38.0,-38.0,False,2.7332763075828552,18.735545372376823,5.644505653191313
3.0,3.0,3.0,True,1.0613904297351837,6.325574874385337,32.28695010943871
3.0,0.0,0.0,False,3.3584072589874268,10.839095026225614,34.29144365061243
3.0,11.0,11.0,False,2.5687347054481506,14.052062641389664,19.14299251939613
3.0,19.0,19.0,False,3.815837562084198,28.36885017600886,16.95634779995063
3.0,59.0,59.0,False,3.143414556980133,16.276325791790896,18.016254820984805
3.0,-35.0,-35.0,False,1.4551259279251099,6.325574874385337,11.51928569936876
3.0,-2.0,-2.0,False,1.30422642827034,13.15124159053508,7.512447200849843
3.0,-7.0,-7.0,False,1.7225477695465088,15.890040324059727,21.404655452843237
3.0,-55.0,-55.0,False,1.5038633346557617,36.58726713773066,15.652482331331008
3.0,12.0,12.0,False,3.831646203994751,10.839095026225614,20.537096744230542
3.0,-17.0,-17.0,False,1.122931718826294,31.192895777995776,24.865148539219334
3.0,-13.0,-13.0,False,4.169380486011505,28.36885017600886,15.251811842301276
3.0,21.0,21.0,False,5.280986726284027,10.757752085220359,15.251811842301276
3.0,-22.0,-22.0,False,1.6743347644805908,12.318934777827334,11.470019194928632
3.0,-53.0,-53.0,False,4.407665252685547,7.367331704663039,19.381839381817475
3.0,15.0,15.0,False,2.43634569644928,21.123113333517736,23.143213141527262
3.0,20.0,20.0,False,1.362888216972351,10.975431618860185,14.46686424671264
3.0,16.0,16.0,False,2.32444167137146,22.228267042504473,19.21685235804192
3.0,-50.0,-50.0,False,2.4023587107658386,18.60669612740499,8.05889534027647
3.0,-36.0,-36.0,False,3.3726610839366913,24.457393500376842,31.957437879873087
3.0,102.0,102.0,False,1.6985645294189453,22.708619179516027,17.283796733258626
3.0,-23.0,-23.0,False,3.1056050658226013,21.73719561968628,19.381839381817475
3.0,-4.0,-4.0,False,1.1156711876392365,9.767656429337697,17.616194561298794
3.0,-29.0,-29.0,False,3.246718108654022,7.899419314132418,6.345107435995754
3.0,-3.0,-3.0,False,3.7850303053855896,30.461338131567466,19.22885367433926
3.0,24.0,24.0,False,2.5101314783096313,11.750893741462583,35.301803724334064
3.0,22.0,22.0,False,2.4970897436141968,11.595908444748803,19.14299251939613
3.0,-26.0,-26.0,False,2.498404026031494,13.040404692378823,25.67326253715639
3.0,21.0,21.0,False,3.226036548614502,29.165860390190957,5.684958172915207
3.0,0.0,0.0,False,2.1430044174194336,28.76105386280754,34.29144365061243
4.0,-5.0,-5.0,False,3.5023776292800903,10.839095026225614,21.38555442392829
4.0,-45.0,-45.0,False,1.1156711876392365,9.767656429337697,17.749326881218007
4.0,-16.0,-16.0,False,1.4705161154270172,14.052062641389664,15.653578600762636
4.0,0.0,0.0,False,4.407665252685547,7.367331704663039,21.170981480511113
4.0,22.0,22.0,False,3.175884425640106,10.01112967077923,33.04178545923674
4.0,-24.0,-24.0,False,4.169380486011505,28.36885017600886,36.40341273700107
4.0,2.0,2.0,False,5.225623786449432,4.450873625648581,11.345786718374804
4.0,42.0,42.0,False,1.6206836700439453,7.407068392448537,29.85216878810918
4.0,36.0,36.0,False,2.1430044174194336,28.76105386280754,8.331518458786583
4.0,4.0,4.0,True,6.247042119503021,22.708619179516027,18.22651614147689
4.0,-16.0,-16.0,False,1.2982112765312195,24.894477694537755,14.815422735501137
4.0,0.0,0.0,False,2.0235751569271088,11.595908444748803,14.98412411094871
4.0,-73.0,-73.0,False,3.5023776292800903,10.648497146808825,21.38555442392829
4.0,29.0,29.0,False,3.120579272508621,29.165860390190957,21.69531252197881
4.0,9.0,9.0,False,2.7033852338790894,4.450873625648581,21.50347739198267
4.0,-32.0,-32.0,False,3.1079309582710266,23.384879487685296,5.18094459802413
4.0,-7.0,-7.0,False,3.214888334274292,3.366304286174846,8.331518458786583
4.0,-37.0,-37.0,False,4.994126081466675,18.735545372376823,29.998560553031645
4.0,19.0,19.0,False,3.1079309582710266,12.45885336735725,5.18094459802413
4.0,-15.0,-15.0,False,1.9543041288852692,22.22948558069741,11.345786718374804
4.0,15.0,15.0,False,2.6978642642498016,14.052062641389664,34.256342224097175
4.0,31.0,31.0,False,1.6004957556724548,18.088919882678805,15.209949494628521
4.0,32.0,32.0,False,1.6206836700439453,7.407068392448537,13.399764335040341
4.0,-29.0,-29.0,False,1.5722265243530273,5.858690064133631,14.207297103697691
4.0,-1.0,-1.0,False,2.948917508125305,6.325574874385337,17.91922906102831
4.0,19.0,19.0,False,2.4970897436141968,11.595908444748803,32.46758737400911
4.0,-32.0,-32.0,False,2.3173386454582214,5.465180894487634,14.815422735501137
4.0,12.0,12.0,False,5.697363376617432,19.048219653662706,26.5307767396735
4.0,-11.0,-11.0,False,3.1056050658226013,21.73719561968628,18.138123937032162
4.0,-27.0,-27.0,False,4.864805698394775,5.858690064133631,33.504158003951865
4.0,-36.0,-36.0,False,1.0544519126415253,19.83002820511667,14.815422735501137
4.0,-27.0,-27.0,False,2.1178726255893707,18.735545372376823,33.50210775320667
4.0,-23.0,-23.0,False,1.7847826480865479,14.052062641389664,33.23112653415567
4.0,-1.0,-1.0,False,1.9380650222301483,21.96994829233411,25.340665090935886
4.0,-10.0,-10.0,False,2.6978642642498016,14.052062641389664,19.749092274340114
4.0,-28.0,-28.0,False,2.5940696001052856,18.735545372376823,36.79704119407881
4.0,-47.0,-47.0,False,2.2236387729644775,15.562997710453976,15.699699977267741
4.0,-32.0,-32.0,False,3.52096951007843,18.735545372376823,31.200887814752516
4.0,-6.0,-6.0,False,3.843184471130371,10.01112967077923,34.256342224097175
4.0,2.0,2.0,False,1.388237476348877,20.602776038513937,24.473902056403983
4.0,31.0,31.0,False,2.2747095227241516,10.975431618860185,25.068048942614315
4.0,-14.0,-14.0,False,2.583752155303955,19.502515288279614,32.46758737400911
4.0,32.0,32.0,False,2.598024308681488,23.048390194498644,33.04178545923674
4.0,52.0,52.0,False,1.6049460470676422,34.02618758674762,33.10498778227313
4.0,26.0,26.0,False,2.9460976123809814,4.450873625648581,13.399764335040341
4.0,4.0,4.0,True,1.9380650222301483,21.96994829233411,36.40341273700107
4.0,-25.0,-25.0,False,1.8064912557601929,15.562997710453976,37.06953890830405
4.0,0.0,0.0,False,1.4893971681594849,9.872231010738886,27.959886563661737
4.0,-35.0,-35.0,False,5.262855768203735,7.899419314132418,36.40341273700107
4.0,4.0,4.0,True,1.6220495998859406,5.9086676599403525,10.92195393502413
4.0,-60.0,-60.0,False,1.5722265243530273,13.783839114471794,14.207297103697691
4.0,-22.0,-22.0,False,2.861171841621399,21.123113333517736,18.22651614147689
4.0,-6.0,-6.0,False,2.6624786257743835,19.636446099316878,15.41415975997255
4.0,-17.0,-17.0,False,2.4023587107658386,18.60669612740499,8.331518458786583
4.0,-4.0,-4.0,False,2.426355868577957,24.888026828065964,25.068048942614315
4.0,-2.0,-2.0,False,2.2747095227241516,10.975431618860185,33.99730532850971
4.0,-50.0,-50.0,False,4.220310688018799,10.01112967077923,25.340665090935886
4.0,-16.0,-16.0,False,2.543964385986328,19.502515288279614,17.01174745261643
4.0,29.0,29.0,False,1.5261220335960388,13.296179460742033,29.85216878810918
4.0,-13.0,-13.0,False,1.7847826480865479,11.750893741462583,33.23112653415567
4.0,-11.0,-11.0,False,1.30422642827034,13.15124159053508,34.56418802785129
4.0,-40.0,-40.0,False,6.629661679267883,18.735545372376823,14.219505776241622
4.0,14.0,14.0,False,1.4705161154270172,2.874923870903153,15.653578600762636
4.0,-49.0,-49.0,False,3.2336122393608093,20.602776038513937,15.699699977267741
4.0,-51.0,-51.0,False,6.157199919223785,36.58726713773066,25.340665090935886
4.0,-16.0,-16.0,False,1.2982112765312195,24.894477694537755,36.40341273700107
4.0,1.0,1.0,False,1.6927593350410461,10.010070498405925,24.464996244834488
4.0,-15.0,-15.0,False,3.135703146457672,20.30899627985144,14.219505776241622
4.0,-34.0,-34.0,False,2.8714041709899902,28.36885017600886,33.99730532850971
4.0,-57.0,-57.0,False,3.0170386880636215,31.61732003665157,28.129726860410003
4.0,-29.0,-29.0,False,3.52096951007843,5.465180894487634,31.200887814752516
4.0,29.0,29.0,False,2.268523633480072,16.25262303823182,34.256342224097175
4.0,-6.0,-6.0,False,1.3244314789772034,23.582378552343595,32.910369760064086
4.0,29.0,29.0,False,1.5261220335960388,13.296179460742033,15.209949494628521
4.0,21.0,21.0,False,2.5451010316610336,17.447460761495517,26.5307767396735
4.0,-29.0,-29.0,False,3.0170386880636215,31.61732003665157,26.5307767396735
4.0,-8.0,-8.0,False,2.583752155303955,18.93892168304736,32.46758737400911
4.0,-35.0,-35.0,False,3.112634241580963,36.58726713773066,24.11075278082796
4.0,-4.0,-4.0,False,2.071891486644745,12.318934777827334,24.387142111118727
4.0,36.0,36.0,False,1.6004957556724548,29.90964794088205,15.209949494628521
4.0,-3.0,-3.0,False,1.6927593350410461,10.010070498405925,36.5348562217881
4.0,26.0,26.0,False,2.071891486644745,12.318934777827334,34.256342224097175
4.0,32.0,32.0,False,1.945082277059555,24.74098496063788,29.85216878810918
4.0,-52.0,-52.0,False,3.5192887783050537,6.325574874385337,28.129726860410003
4.0,-31.0,-31.0,False,2.6027947664260864,19.636446099316878,25.092397327948465
4.0,-2.0,-2.0,False,1.862879902124405,15.890040324059727,24.464996244834488
4.0,-6.0,-6.0,False,3.380917489528656,9.437834070621292,11.345786718374804
4.0,-4.0,-4.0,False,2.2236387729644775,15.562997710453976,8.331518458786583
4.0,-19.0,-19.0,False,4.615268886089325,27.172942602891066,34.56418802785129
4.0,51.0,51.0,False,1.2982112765312195,24.894477694537755,33.04178545923674
4.0,-4.0,-4.0,False,1.4893971681594849,31.61732003665157,27.959886563661737
4.0,20.0,20.0,False,1.2982112765312195,24.894477694537755,24.473902056403983
4.0,9.0,9.0,False,2.268523633480072,16.25262303823182,15.41415975997255
4.0,20.0,20.0,False,0.8470876216888428,7.367331704663039,27.410317757402368
4.0,-49.0,-49.0,False,0.5453740656375885,20.602776038513937,28.65393344913118
4.0,19.0,19.0,False,1.6004957556724548,12.675255339870207,15.209949494628521
4.0,-5.0,-5.0,False,2.3171703815460205,18.93892168304736,24.69625977217237
4.0,19.0,19.0,False,2.2747095227241516,10.975431618860185,24.11075278082796
4.0,22.0,22.0,False,2.7933056950569153,30.76665145223399,28.27572797113035
4.0,77.0,77.0,False,1.6206836700439453,7.407068392448537,33.04178545923674
4.0,-2.0,-2.0,False,2.4970897436141968,11.595908444748803,24.11075278082796
4.0,36.0,36.0,False,3.2776378393173218,4.450873625648581,26.41760529817079
4.0,-31.0,-31.0,False,1.2982112765312195,24.894477694537755,34.56418802785129
4.0,37.0,37.0,False,1.4893971681594849,19.048219653662706,27.959886563661737
4.0,-40.0,-40.0,False,3.1079309582710266,18.93892168304736,5.18094459802413
4.0,-10.0,-10.0,False,2.4011834859848022,13.587326777248025,25.340665090935886
4.0,19.0,19.0,False,1.6004957556724548,23.901222508180602,15.209949494628521
4.0,0.0,0.0,False,2.8411534875631332,5.465180894487634,36.5348562217881
4.0,-24.0,-24.0,False,3.827030211687088,15.890040324059727,19.749092274340114
4.0,38.0,38.0,False,3.147463798522949,24.350919771937136,8.331518458786583
4.0,-28.0,-28.0,False,2.598024308681488,23.048390194498644,33.504158003951865
4.0,39.0,39.0,False,2.1430044174194336,28.76105386280754,17.91922906102831
4.0,25.0,25.0,False,3.641395628452301,34.02618758674762,21.170981480511113
4.0,34.0,34.0,False,3.843184471130371,27.418094402655203,34.256342224097175
4.0,-5.0,-5.0,False,0.8470876216888428,10.648497146808825,27.410317757402368
4.0,49.0,49.0,False,1.6049460470676422,23.901222508180602,33.10498778227313
4.0,1.0,1.0,False,3.226036548614502,29.165860390190957,28.129726860410003
4.0,41.0,41.0,False,2.1430044174194336,28.76105386280754,26.244687441975795
4.0,-35.0,-35.0,False,1.6927593350410461,10.010070498405925,36.40341273700107
4.0,-37.0,-37.0,False,3.0170386880636215,31.61732003665157,36.40341273700107
4.0,39.0,39.0,False,1.4893971681594849,19.177254715595215,27.959886563661737
4.0,-1.0,-1.0,False,1.6004957556724548,13.040404692378823,15.209949494628521
4.0,-34.0,-34.0,False,1.0544519126415253,19.83002820511667,23.460697585691594
4.0,41.0,41.0,False,1.580909550189972,19.177254715595215,8.156117171451935
4.0,-10.0,-10.0,False,2.018899619579315,30.66906221680573,8.688702397189342
4.0,-7.0,-7.0,False,2.2542691826820374,18.088919882678805,18.138123937032162
4.0,-2.0,-2.0,False,2.1950414776802063,3.366304286174846,26.244687441975795
4.0,-48.0,-48.0,False,1.6927593350410461,10.010070498405925,13.793717261665739
4.0,10.0,10.0,False,3.6923112869262695,27.172942602891066,28.27572797113035
4.0,2.0,2.0,False,3.175884425640106,13.783839114471794,33.04178545923674
4.0,-2.0,-2.0,False,2.5294495820999146,35.63678559892133,24.050975169914427
4.0,-20.0,-20.0,False,4.408215701580048,27.418094402655203,29.511531531840184
4.0,-4.0,-4.0,False,3.2776378393173218,11.78656970466098,26.41760529817079
4.0,-21.0,-21.0,False,2.598024308681488,23.048390194498644,19.749092274340114
4.0,-19.0,-19.0,False,2.8714041709899902,32.37434441038926,33.99730532850971
4.0,-3.0,-3.0,False,1.6004957556724548,7.367331704663039,15.209949494628521
4.0,-2.0,-2.0,False,2.583752155303955,5.858690064133631,32.46758737400911
4.0,-63.0,-63.0,False,3.255272388458252,19.502515288279614,37.3757470735629
4.0,-31.0,-31.0,False,1.6817763447761536,20.602776038513937,18.88927523679118
4.0,22.0,22.0,False,3.04156032204628,16.807123310044627,28.90262494425399
4.0,-44.0,-44.0,False,3.827030211687088,15.890040324059727,18.138123937032162
4.0,-2.0,-2.0,False,1.4893971681594849,18.735545372376823,27.959886563661737
4.0,-8.0,-8.0,False,1.9543041288852692,22.22948558069741,21.50347739198267
4.0,-48.0,-48.0,False,4.405576705932617,36.58726713773066,8.431269853369185
4.0,-23.0,-23.0,False,1.2128764241933823,22.13426439106034,10.92195393502413
4.0,-8.0,-8.0,False,2.071891486644745,12.318934777827334,25.095374257880003
4.0,22.0,22.0,False,2.333035886287689,35.63678559892133,13.887553301278876
4.0,18.0,18.0,False,1.4705161154270172,7.407068392448537,15.653578600762636
4.0,-52.0,-52.0,False,3.9190537333488464,3.366304286174846,37.3757470735629
4.0,-32.0,-32.0,False,2.3171703815460205,24.457393500376842,24.69625977217237
4.0,-52.0,-52.0,False,4.407665252685547,7.367331704663039,37.3757470735629
4.0,22.0,22.0,False,1.6004957556724548,34.02618758674762,15.209949494628521
4.0,-14.0,-14.0,False,3.5564870834350586,5.9086676599403525,4.674526827116739
4.0,-22.0,-22.0,False,4.531162202358246,27.418094402655203,37.3757470735629
4.0,-25.0,-25.0,False,1.6220495998859406,35.229543824134886,10.92195393502413
4.0,-50.0,-50.0,False,0.5453740656375885,29.442352478119012,28.65393344913118
4.0,13.0,13.0,False,4.56334912776947,30.873939032607424,25.340665090935886
4.0,-13.0,-13.0,False,2.3173386454582214,11.595908444748803,14.815422735501137
4.0,-34.0,-34.0,False,3.425659418106079,17.839974399770664,25.095374257880003
4.0,0.0,0.0,False,3.175884425640106,24.457393500376842,33.04178545923674
4.0,27.0,27.0,False,2.1430044174194336,28.76105386280754,15.41415975997255
4.0,-37.0,-37.0,False,2.598024308681488,23.048390194498644,8.431269853369185
4.0,-55.0,-55.0,False,5.379766494035721,7.899419314132418,28.129726860410003
4.0,28.0,28.0,False,2.3171703815460205,30.461338131567466,24.69625977217237
4.0,-46.0,-46.0,False,2.3173386454582214,19.502515288279614,14.815422735501137
4.0,61.0,61.0,False,0.8470876216888428,2.874923870903153,27.410317757402368
4.0,-18.0,-18.0,False,2.9460976123809814,18.93892168304736,13.399764335040341
4.0,-1.0,-1.0,False,2.583752155303955,13.040404692378823,32.46758737400911
4.0,-5.0,-5.0,False,1.6220495998859406,11.750893741462583,10.92195393502413
4.0,-40.0,-40.0,False,1.6927593350410461,10.010070498405925,14.219505776241622
4.0,-38.0,-38.0,False,1.7847826480865479,17.839974399770664,33.23112653415567
4.0,19.0,19.0,False,2.3173386454582214,12.45885336735725,14.815422735501137
4.0,30.0,30.0,False,2.583752155303955,13.738662345661448,32.46758737400911
4.0,-45.0,-45.0,False,2.2236387729644775,15.562997710453976,13.793717261665739
4.0,20.0,20.0,False,0.8470876216888428,23.048390194498644,27.410317757402368
4.0,19.0,19.0,False,2.0235751569271088,19.177254715595215,14.98412411094871
4.0,-28.0,-28.0,False,1.4705161154270172,11.78656970466098,15.653578600762636
4.0,-8.0,-8.0,False,5.280986726284027,10.757752085220359,18.22651614147689
4.0,-61.0,-61.0,False,4.839568138122559,36.58726713773066,34.56418802785129
4.0,-52.0,-52.0,False,3.2925080955028534,29.442352478119012,37.3757470735629
4.0,-8.0,-8.0,False,2.2747095227241516,10.975431618860185,24.050975169914427
4.0,27.0,27.0,False,3.2776378393173218,5.9086676599403525,26.41760529817079
4.0,-5.0,-5.0,False,2.6641079783439636,10.839095026225614,13.793717261665739
4.0,-1.0,-1.0,False,4.036521911621094,9.872231010738886,29.85216878810918
4.0,-10.0,-10.0,False,3.52096951007843,12.675255339870207,31.200887814752516
4.0,-38.0,-38.0,False,6.57752138376236,32.53754134818523,33.504158003951865
4.0,36.0,36.0,False,2.8411534875631332,19.048219653662706,36.5348562217881
4.0,21.0,21.0,False,1.4705161154270172,17.447460761495517,15.653578600762636
4.0,-82.0,-82.0,False,3.3726610839366913,24.457393500376842,34.56418802785129
4.0,-5.0,-5.0,False,2.3173386454582214,13.587326777248025,14.815422735501137
4.0,6.0,6.0,False,3.1056050658226013,21.73719561968628,24.11075278082796
4.0,-31.0,-31.0,False,3.425659418106079,11.78656970466098,25.095374257880003
4.0,-50.0,-50.0,False,0.5453740656375885,18.735545372376823,28.65393344913118
4.0,11.0,11.0,False,4.478660821914673,22.708619179516027,12.903045921609975
4.0,-23.0,-23.0,False,3.1251603960990906,23.384879487685296,24.387142111118727
4.0,0.0,0.0,False,2.482245624065399,23.582378552343595,32.46758737400911
4.0,9.0,9.0,False,2.7033852338790894,29.90964794088205,21.50347739198267
4.0,-5.0,-5.0,False,2.333035886287689,23.901222508180602,13.887553301278876
4.0,-35.0,-35.0,False,2.333035886287689,22.228267042504473,13.887553301278876
4.0,47.0,47.0,False,3.831646203994751,10.839095026225614,34.256342224097175
4.0,-16.0,-16.0,False,1.5261220335960388,13.296179460742033,21.38555442392829
4.0,-27.0,-27.0,False,2.7033852338790894,6.325574874385337,21.50347739198267
4.0,41.0,41.0,False,2.5451010316610336,17.447460761495517,8.331518458786583
4.0,-28.0,-28.0,False,3.2925080955028534,29.442352478119012,33.504158003951865
4.0,32.0,32.0,False,1.862879902124405,27.172942602891066,24.464996244834488
4.0,-31.0,-31.0,False,1.0544519126415253,19.83002820511667,21.50347739198267
4.0,-47.0,-47.0,False,2.8714041709899902,31.61732003665157,33.99730532850971
4.0,56.0,56.0,False,2.3171703815460205,29.165860390190957,24.69625977217237
4.0,-26.0,-26.0,False,3.120579272508621,35.229543824134886,21.69531252197881
4.0,40.0,40.0,False,2.2747095227241516,10.975431618860185,29.85216878810918
4.0,-49.0,-49.0,False,1.0544519126415253,19.83002820511667,13.793717261665739
4.0,8.0,8.0,False,1.580909550189972,24.888026828065964,8.156117171451935
4.0,18.0,18.0,False,1.6206836700439453,7.407068392448537,21.69531252197881
4.0,0.0,0.0,False,2.8411534875631332,23.384879487685296,36.5348562217881
4.0,6.0,6.0,False,3.226036548614502,29.165860390190957,29.511531531840184
4.0,1.0,1.0,False,1.580909550189972,5.858690064133631,8.156117171451935
4.0,1.0,1.0,False,2.387943744659424,19.177254715595215,25.340665090935886
4.0,-5.0,-5.0,False,1.6206836700439453,7.407068392448537,34.56418802785129
4.0,29.0,29.0,False,1.6773176193237305,13.738662345661448,21.077177101352248
4.0,53.0,53.0,False,3.226036548614502,29.165860390190957,29.85216878810918
4.0,-13.0,-13.0,False,4.6660721600055695,29.90964794088205,37.3757470735629
4.0,-8.0,-8.0,False,2.3173386454582214,16.807123310044627,14.815422735501137
4.0,-30.0,-30.0,False,2.482245624065399,23.582378552343595,23.460697585691594
4.0,-52.0,-52.0,False,3.2336122393608093,20.602776038513937,18.22651614147689
4.0,-24.0,-24.0,False,2.6624786257743835,22.228267042504473,15.41415975997255
4.0,-43.0,-43.0,False,4.478660821914673,5.465180894487634,12.903045921609975
4.0,-13.0,-13.0,False,2.0129697918891907,17.103868603480883,4.674526827116739
4.0,28.0,28.0,False,2.8411534875631332,27.172942602891066,36.5348562217881
4.0,50.0,50.0,False,1.6773176193237305,12.45885336735725,21.077177101352248
4.0,23.0,23.0,False,1.7847826480865479,22.708619179516027,33.23112653415567
4.0,57.0,57.0,False,5.228357911109924,22.708619179516027,21.170981480511113
4.0,-41.0,-41.0,False,5.379766494035721,7.899419314132418,18.138123937032162
4.0,7.0,7.0,False,3.1251603960990906,15.136872510559767,24.387142111118727
4.0,-6.0,-6.0,False,3.0532886385917664,23.901222508180602,33.504158003951865
4.0,-37.0,-37.0,False,4.220310688018799,10.01112967077923,22.10191882679909
4.0,-29.0,-29.0,False,2.329282760620117,21.92385737835604,14.219505776241622
4.0,15.0,15.0,False,1.8064912557601929,10.839095026225614,37.06953890830405
4.0,-2.0,-2.0,False,1.0084461867809296,28.39974375662921,29.998560553031645
4.0,-27.0,-27.0,False,2.598024308681488,23.048390194498644,21.69531252197881
4.0,7.0,7.0,False,1.6773176193237305,28.36885017600886,21.077177101352248
4.0,-30.0,-30.0,False,2.3171703815460205,13.783839114471794,24.69625977217237
4.0,-2.0,-2.0,False,2.018899619579315,35.229543824134886,8.688702397189342
4.0,10.0,10.0,False,1.580909550189972,19.636446099316878,8.156117171451935
4.0,-50.0,-50.0,False,2.8714041709899902,18.93892168304736,33.99730532850971
4.0,-50.0,-50.0,False,6.57752138376236,32.53754134818523,25.340665090935886
4.0,12.0,12.0,False,3.631927788257599,15.136872510559767,28.27572797113035
4.0,47.0,47.0,False,2.1950414776802063,35.63678559892133,26.244687441975795
4.0,2.0,2.0,False,2.0556656420230865,13.24563814739179,29.85216878810918
4.0,-6.0,-6.0,False,2.8714041709899902,29.90964794088205,33.99730532850971
4.0,-5.0,-5.0,False,5.489045798778534,12.675255339870207,26.5307767396735
4.0,5.0,5.0,False,1.5261220335960388,13.296179460742033,34.354067501359125
4.0,-2.0,-2.0,False,2.1430044174194336,28.76105386280754,33.99730532850971
4.0,51.0,51.0,False,2.018899619579315,12.45885336735725,8.688702397189342
4.0,3.0,3.0,False,4.615268886089325,27.172942602891066,33.504158003951865
4.0,-16.0,-16.0,False,1.1156711876392365,9.767656429337697,15.41415975997255
4.0,21.0,21.0,False,1.3244314789772034,13.587326777248025,32.910369760064086
4.0,4.0,4.0,True,1.4705161154270172,21.123113333517736,15.653578600762636
4.0,-13.0,-13.0,False,4.220310688018799,10.01112967077923,29.85216878810918
4.0,4.0,4.0,True,5.262855768203735,19.048219653662706,36.40341273700107
4.0,-47.0,-47.0,False,4.994126081466675,32.53754134818523,29.998560553031645
4.0,-8.0,-8.0,False,1.5261220335960388,13.296179460742033,14.219505776241622
4.0,-41.0,-41.0,False,2.6624786257743835,10.648497146808825,15.41415975997255
4.0,-38.0,-38.0,False,2.4023587107658386,18.60669612740499,33.504158003951865
4.0,60.0,60.0,False,1.6049460470676422,13.738662345661448,33.10498778227313
4.0,-25.0,-25.0,False,3.120579272508621,9.872231010738886,21.69531252197881
4.0,-11.0,-11.0,False,1.6817763447761536,11.750893741462583,18.88927523679118
4.0,-7.0,-7.0,False,4.531162202358246,27.418094402655203,29.998560553031645
4.0,-1.0,-1.0,False,1.5261220335960388,13.296179460742033,23.460697585691594
4.0,-32.0,-32.0,False,1.2128764241933823,22.13426439106034,36.40341273700107
4.0,34.0,34.0,False,1.3244314789772034,10.839095026225614,32.910369760064086
4.0,5.0,5.0,False,3.756829261779785,32.37434441038926,19.749092274340114
4.0,-10.0,-10.0,False,2.018899619579315,14.64685785753644,8.688702397189342
4.0,-51.0,-51.0,False,4.403007447719574,11.78656970466098,15.699699977267741
4.0,20.0,20.0,False,2.4802903532981873,2.874923870903153,28.27572797113035
4.0,4.0,4.0,True,1.9380650222301483,21.96994829233411,14.815422735501137
4.0,10.0,10.0,False,2.3173386454582214,10.757752085220359,14.815422735501137
4.0,-8.0,-8.0,False,1.2982112765312195,24.894477694537755,21.69531252197881
4.0,18.0,18.0,False,5.280986726284027,10.757752085220359,26.5307767396735
4.0,-15.0,-15.0,False,2.071891486644745,12.318934777827334,8.431269853369185
1.0,33.0,33.0,False,2.159067451953888,14.313099811095869,29.005221850423506
1.0,-10.0,-10.0,False,2.4489800930023193,24.542622295571157,27.297620984754463
1.0,-79.0,-79.0,False,4.018531918525696,8.270992504929596,21.049646298479143
1.0,1.0,1.0,True,2.5686932802200317,13.511031341491536,31.38336981880821
1.0,3.0,3.0,False,2.2880871295928955,14.313099811095869,24.628847470315463
1.0,6.0,6.0,False,3.050490379333496,17.291840824337886,28.25771342949115
1.0,28.0,28.0,False,3.5331456661224365,34.80100054837196,20.54780596230415
1.0,-47.0,-47.0,False,2.8675488233566284,20.920707504825007,27.07901591196244
1.0,-31.0,-31.0,False,2.9567827582359314,32.40193593399178,26.749602502026427
1.0,5.0,5.0,False,4.3991798758506775,25.49692726321591,20.54780596230415
1.0,-13.0,-13.0,False,2.1055375933647156,26.84762777934458,23.398072407060113
1.0,1.0,1.0,True,2.100797653198242,22.799188194545923,24.628847470315463
1.0,34.0,34.0,False,1.6961322277784348,13.511031341491536,15.819045841701639
1.0,-23.0,-23.0,False,2.5096392035484314,14.489252908953558,25.77777416495959
1.0,25.0,25.0,False,1.2223436683416367,34.21752850865029,15.819045841701639
1.0,31.0,31.0,False,2.484754055738449,28.869922802580422,22.02459852305198
1.0,34.0,34.0,False,2.2880871295928955,27.39813021663478,24.628847470315463
1.0,13.0,13.0,False,3.050490379333496,32.91141081911861,28.25771342949115
1.0,7.0,7.0,False,3.8309966921806335,18.515164423497577,6.33060962266511
1.0,2.0,2.0,False,1.7244549989700317,31.448136170412937,17.415009792433555
1.0,-12.0,-12.0,False,1.233888864517212,15.699282655303499,26.749602502026427
1.0,-1.0,-1.0,False,4.113258823752403,11.574186615347308,5.297059722650129
1.0,-26.0,-26.0,False,1.7208598256111145,25.49692726321591,18.147326063853658
1.0,5.0,5.0,False,2.0112594068050385,32.241337655220086,6.973225204378284
1.0,-11.0,-11.0,False,2.8765732049942017,31.35468295528793,25.549048505709937
1.0,8.0,8.0,False,1.6303650736808777,25.715823483277678,31.31891814525308
1.0,-20.0,-20.0,False,2.7767388820648193,19.595071507717908,19.312253586268028
1.0,-12.0,-12.0,False,2.4706369638442993,23.295662124960778,32.32215163152994
1.0,-36.0,-36.0,False,2.109887719154358,13.030337221666658,34.903948797667965
1.0,17.0,17.0,False,2.2448704540729523,6.427551953147684,25.428733571057606
1.0,31.0,31.0,False,2.610757291316986,17.51198170430677,31.87897571378062
1.0,-25.0,-25.0,False,3.140407919883728,16.47846874715538,23.761026432876587
1.0,-14.0,-14.0,False,3.5028025433421135,7.415009417023084,27.340407301262463
1.0,23.0,23.0,False,1.460553228855133,31.236045178274594,17.159430315035877
1.0,1.0,1.0,True,5.557302236557007,32.40193593399178,12.111436631458385
1.0,2.0,2.0,False,3.1671906113624573,7.415009417023084,7.134185759097705
1.0,6.0,6.0,False,2.730090856552124,10.31088891593816,16.13015368999143
1.0,37.0,37.0,False,2.484754055738449,28.869922802580422,16.976783607050688
1.0,25.0,25.0,False,1.6303650736808777,33.99442138906607,31.31891814525308
1.0,-47.0,-47.0,False,3.1464685201644897,19.708434004523152,36.644787751607346
1.0,11.0,11.0,False,3.5634565353393555,18.575195081464237,35.017141504229
1.0,-17.0,-17.0,False,1.7208598256111145,18.575195081464237,18.147326063853658
1.0,-2.0,-2.0,False,3.982268750667572,10.31088891593816,35.017141504229
1.0,34.0,34.0,False,2.045419156551361,16.4365618477917,18.218886726612276
1.0,54.0,54.0,False,2.467828333377838,26.325718348049545,7.134185759097705
1.0,20.0,20.0,False,4.034347951412201,27.584797600395497,9.961161340928564
1.0,-47.0,-47.0,False,3.5028025433421135,7.415009417023084,36.644787751607346
1.0,-20.0,-20.0,False,3.0563420057296753,22.66685004253635,8.489404750576098
1.0,-5.0,-5.0,False,1.6961322277784348,14.313099811095869,15.819045841701639
1.0,8.0,8.0,False,3.0563420057296753,22.66685004253635,16.976783607050688
1.0,-3.0,-3.0,False,1.6303650736808777,24.087873838222887,31.31891814525308
1.0,-48.0,-48.0,False,3.589700758457184,13.030337221666658,3.8185192182016565
1.0,36.0,36.0,False,1.6961322277784348,29.86099778521027,15.819045841701639
1.0,-29.0,-29.0,False,3.140407919883728,19.595071507717908,23.761026432876587
1.0,8.0,8.0,False,2.2522791028022766,33.29898623106143,21.680663688607773
1.0,68.0,68.0,False,2.159067451953888,32.91141081911861,29.005221850423506
1.0,-35.0,-35.0,False,2.5686932802200317,22.66685004253635,31.38336981880821
1.0,2.0,2.0,False,3.1671906113624573,11.574186615347308,7.134185759097705
1.0,-31.0,-31.0,False,1.5608877539634705,31.82214311241224,33.321471532450225
1.0,-39.0,-39.0,False,1.5608877539634705,13.030337221666658,33.321471532450225
1.0,45.0,45.0,False,1.6822614073753357,11.372897656009007,24.194594572438245
1.0,8.0,8.0,False,4.169380486011505,25.715823483277678,5.297059722650129
1.0,29.0,29.0,False,1.2459309101104736,29.37963551408822,35.017141504229
1.0,6.0,6.0,False,2.540506422519684,10.635418440133352,13.29313124636667
1.0,-2.0,-2.0,False,4.703306615352631,32.40193593399178,14.435607654029132
1.0,-51.0,-51.0,False,1.618940532207489,28.830334024125126,23.398072407060113
1.0,-31.0,-31.0,False,1.233888864517212,15.699282655303499,6.361703282444854
1.0,-3.0,-3.0,False,2.5096392035484314,14.489252908953558,16.976783607050688
1.0,21.0,21.0,False,0.8101569414138794,31.35468295528793,21.83394025973381
1.0,41.0,41.0,False,1.9487190544605255,16.4365618477917,24.194594572438245
1.0,-45.0,-45.0,False,2.5096392035484314,14.489252908953558,6.361703282444854
1.0,13.0,13.0,False,3.0563420057296753,22.66685004253635,20.54780596230415
1.0,-20.0,-20.0,False,3.2331326007843018,26.477792899818954,25.77777416495959
1.0,-35.0,-35.0,False,1.7033283412456512,12.255675266296434,15.668592023566653
1.0,-28.0,-28.0,False,2.2448704540729523,11.574186615347308,25.428733571057606
1.0,-12.0,-12.0,False,1.2980918288230896,3.380975167039705,31.38336981880821
1.0,6.0,6.0,False,2.5851669907569885,32.241337655220086,13.29313124636667
1.0,-9.0,-9.0,False,3.2331326007843018,26.477792899818954,27.297620984754463
1.0,2.0,2.0,False,2.350049912929535,12.393772413394146,25.549048505709937
1.0,38.0,38.0,False,4.7671732902526855,33.29898623106143,16.976783607050688
1.0,-1.0,-1.0,False,3.667074590921402,29.843911375238598,18.260034807052946
1.0,-17.0,-17.0,False,2.422547996044159,24.17030541441272,23.761026432876587
1.0,17.0,17.0,False,3.076087772846222,19.441087299755857,30.043911458949115
1.0,6.0,6.0,False,2.1055375933647156,26.84762777934458,14.867943508472939
1.0,13.0,13.0,False,2.540506422519684,10.635418440133352,8.489404750576098
1.0,2.0,2.0,False,3.4230895936489105,13.511031341491536,6.361703282444854
1.0,24.0,24.0,False,2.573845624923706,29.86099778521027,14.867943508472939
1.0,1.0,1.0,True,1.651623249053955,27.198448274331646,20.383350931047197
1.0,43.0,43.0,False,4.441148459911346,6.427551953147684,33.61731335729204
1.0,-30.0,-30.0,False,2.2448704540729523,20.920707504825007,25.428733571057606
1.0,30.0,30.0,False,1.2980918288230896,3.380975167039705,28.52344559121102
1.0,61.0,61.0,False,3.6829899549484253,23.295662124960778,12.141090020856087
1.0,9.0,9.0,False,2.109887719154358,30.36051721235347,34.903948797667965
1.0,26.0,26.0,False,3.8309966921806335,18.515164423497577,9.961161340928564
1.0,6.0,6.0,False,3.8640218377113342,19.595071507717908,9.399688003313267
1.0,-41.0,-41.0,False,2.4706369638442993,20.920707504825007,32.32215163152994
1.0,61.0,61.0,False,1.2223436683416367,34.21752850865029,14.21874409769795
1.0,25.0,25.0,False,2.4489800930023193,24.542622295571157,9.961161340928564
1.0,-26.0,-26.0,False,1.7244549989700317,11.574186615347308,17.415009792433555
1.0,-7.0,-7.0,False,1.460553228855133,27.513876517704556,17.159430315035877
1.0,-30.0,-30.0,False,2.5096392035484314,14.489252908953558,28.25771342949115
1.0,-8.0,-8.0,False,3.3838635087013245,31.448136170412937,7.518512131629629
1.0,32.0,32.0,False,5.144967079162598,23.295662124960778,25.14612605934036
1.0,18.0,18.0,False,1.2980918288230896,3.380975167039705,27.340407301262463
1.0,-8.0,-8.0,False,2.350049912929535,12.393772413394146,36.644787751607346
1.0,-2.0,-2.0,False,2.513563245534897,17.307033405640468,27.638525297072633
1.0,-2.0,-2.0,False,2.8678463101387024,33.29898623106143,20.383350931047197
1.0,0.0,0.0,False,2.3783482909202576,6.1943122277549545,12.834733234363137
1.0,30.0,30.0,False,4.113011717796326,31.448136170412937,16.185850788484068
1.0,14.0,14.0,False,1.460553228855133,15.57909088048316,17.159430315035877
1.0,-29.0,-29.0,False,2.513563245534897,17.307033405640468,8.489404750576098
1.0,15.0,15.0,False,1.651623249053955,27.198448274331646,18.147326063853658
1.0,13.0,13.0,False,3.41544571518898,6.1943122277549545,15.668592023566653
1.0,22.0,22.0,False,4.034347951412201,10.31088891593816,9.961161340928564
1.0,10.0,10.0,False,3.2331326007843018,26.477792899818954,11.934899970707379
1.0,-30.0,-30.0,False,1.7615023851394653,7.7728152845552,27.07901591196244
1.0,3.0,3.0,False,2.3258383870124817,19.592338158271378,14.867943508472939
1.0,-7.0,-7.0,False,2.573796182870865,11.574186615347308,22.02459852305198
1.0,2.0,2.0,False,5.659423828125,17.473520900142166,21.15332010962242
1.0,32.0,32.0,False,2.045419156551361,16.4365618477917,27.638525297072633
1.0,-41.0,-41.0,False,3.701210677623749,11.556227348639661,29.905493731687468
1.0,26.0,26.0,False,4.853034287691116,23.295662124960778,5.297059722650129
1.0,49.0,49.0,False,3.1331907510757446,32.91141081911861,12.111436631458385
1.0,54.0,54.0,False,2.730090856552124,24.127652234960944,16.13015368999143
1.0,-49.0,-49.0,False,2.6605873703956604,20.920707504825007,20.208432260906946
1.0,4.0,4.0,False,1.4314748048782349,24.901099080414053,16.13015368999143
1.0,27.0,27.0,False,2.159067451953888,19.708434004523152,29.005221850423506
1.0,-22.0,-22.0,False,2.573845624923706,26.477792899818954,14.867943508472939
1.0,1.0,1.0,True,2.484754055738449,28.869922802580422,18.260034807052946
1.0,-32.0,-32.0,False,1.6345978677272797,8.744844716319943,9.101173543191079
1.0,52.0,52.0,False,4.034347951412201,23.295662124960778,9.961161340928564
1.0,7.0,7.0,False,1.2881052643060684,23.523962931622762,7.518512131629629
1.0,-50.0,-50.0,False,2.5096392035484314,14.489252908953558,19.80050173133401
1.0,-2.0,-2.0,False,1.6822614073753357,11.372897656009007,34.93556740317086
1.0,6.0,6.0,False,3.8309966921806335,18.515164423497577,14.435607654029132
1.0,-37.0,-37.0,False,3.701210677623749,16.47846874715538,29.905493731687468
1.0,-39.0,-39.0,False,2.422547996044159,24.17030541441272,21.049646298479143
1.0,-35.0,-35.0,False,1.7033283412456512,12.255675266296434,13.29313124636667
1.0,-1.0,-1.0,False,2.0076794624328613,26.477792899818954,33.118012752991014
1.0,35.0,35.0,False,1.5794258117675781,34.733486340918546,9.399688003313267
1.0,45.0,45.0,False,1.460553228855133,19.445600017845067,17.159430315035877
1.0,66.0,66.0,False,2.159067451953888,33.29898623106143,29.005221850423506
1.0,31.0,31.0,False,1.6520878672599792,23.068434202502253,5.297059722650129
1.0,51.0,51.0,False,1.5794258117675781,34.733486340918546,14.21874409769795
1.0,35.0,35.0,False,4.09272038936615,17.291840824337886,31.566669453100815
1.0,34.0,34.0,False,3.1945232152938843,33.94397208812464,7.726958446945364
1.0,26.0,26.0,False,2.573845624923706,6.1943122277549545,14.867943508472939
1.0,33.0,33.0,False,2.3258383870124817,19.592338158271378,7.726958446945364
1.0,-24.0,-24.0,False,1.8911126255989075,17.371804032624258,33.99144064929509
1.0,-4.0,-4.0,False,0.8101569414138794,12.255675266296434,21.83394025973381
1.0,-35.0,-35.0,False,2.422547996044159,24.17030541441272,31.38336981880821
1.0,-29.0,-29.0,False,1.6345978677272797,19.708434004523152,9.101173543191079
1.0,36.0,36.0,False,3.3984220027923584,15.837420250647442,33.61731335729204
1.0,-32.0,-32.0,False,1.5608877539634705,14.489252908953558,33.321471532450225
1.0,17.0,17.0,False,1.6961322277784348,21.144264263199005,15.819045841701639
1.0,-42.0,-42.0,False,2.3783482909202576,35.78205794709068,12.834733234363137
1.0,-15.0,-15.0,False,3.076087772846222,19.441087299755857,36.644787751607346
1.0,-10.0,-10.0,False,2.1055375933647156,26.84762777934458,32.32215163152994
1.0,-38.0,-38.0,False,3.2331326007843018,26.477792899818954,3.8185192182016565
1.0,11.0,11.0,False,3.0563420057296753,22.66685004253635,16.185850788484068
1.0,34.0,34.0,False,0.8101569414138794,31.073999820611757,21.83394025973381
1.0,40.0,40.0,False,1.651623249053955,27.198448274331646,28.52344559121102
1.0,-42.0,-42.0,False,3.819090962409973,10.31088891593816,3.8185192182016565
1.0,9.0,9.0,False,2.513563245534897,17.307033405640468,9.399688003313267
1.0,-29.0,-29.0,False,3.1671906113624573,8.270992504929596,7.134185759097705
1.0,34.0,34.0,False,3.6829899549484253,31.149302726766926,12.141090020856087
1.0,20.0,20.0,False,2.7767388820648193,27.39813021663478,19.312253586268028
1.0,8.0,8.0,False,1.6706708669662476,35.26076295908942,6.379064423655132
1.0,-30.0,-30.0,False,1.7043076753616333,29.90291379937124,13.521235118631019
1.0,-5.0,-5.0,False,0.8101569414138794,31.149302726766926,21.83394025973381
1.0,-39.0,-39.0,False,3.2331326007843018,26.477792899818954,34.93556740317086
1.0,-5.0,-5.0,False,1.618940532207489,28.830334024125126,20.54780596230415
1.0,30.0,30.0,False,3.2827028632164,32.36990622727532,27.854344399987678
1.0,-47.0,-47.0,False,2.4489800930023193,24.542622295571157,36.644787751607346
1.0,56.0,56.0,False,1.9487190544605255,6.1943122277549545,24.194594572438245
1.0,23.0,23.0,False,3.7953380942344666,8.942536115608092,16.421269399290725
1.0,-10.0,-10.0,False,2.3866533041000366,33.99442138906607,7.518512131629629
1.0,-6.0,-6.0,False,3.9392743706703186,14.598702058188339,30.043911458949115
1.0,-2.0,-2.0,False,1.6303650736808777,31.82214311241224,31.31891814525308
1.0,-5.0,-5.0,False,2.610757291316986,17.51198170430677,6.379064423655132
1.0,-31.0,-31.0,False,3.050490379333496,19.595071507717908,28.25771342949115
1.0,15.0,15.0,False,1.7244549989700317,32.91141081911861,17.415009792433555
1.0,41.0,41.0,False,3.8512147068977356,30.36051721235347,21.15332010962242
1.0,-41.0,-41.0,False,4.350481420755386,29.90291379937124,20.493746012890593
1.0,-4.0,-4.0,False,1.6520878672599792,23.068434202502253,13.29313124636667
1.0,-45.0,-45.0,False,2.8675488233566284,20.920707504825007,6.361703282444854
1.0,30.0,30.0,False,2.6605873703956604,29.86099778521027,33.99144064929509
1.0,1.0,1.0,True,1.6706708669662476,35.26076295908942,6.361703282444854
1.0,50.0,50.0,False,4.441148459911346,6.427551953147684,14.435607654029132
1.0,-40.0,-40.0,False,3.667074590921402,11.556227348639661,18.260034807052946
1.0,37.0,37.0,False,0.8101569414138794,10.635418440133352,21.83394025973381
1.0,76.0,76.0,False,3.615839332342148,32.241337655220086,12.141090020856087
1.0,49.0,49.0,False,1.651623249053955,27.198448274331646,24.194594572438245
1.0,0.0,0.0,False,2.3258383870124817,19.592338158271378,23.761026432876587
1.0,-26.0,-26.0,False,1.5608877539634705,22.799188194545923,33.321471532450225
1.0,10.0,10.0,False,2.730090856552124,25.49692726321591,16.13015368999143
1.0,28.0,28.0,False,1.5794258117675781,34.733486340918546,7.134185759097705
1.0,-16.0,-16.0,False,1.233888864517212,15.699282655303499,25.428733571057606
1.0,29.0,29.0,False,2.610757291316986,17.51198170430677,28.52344559121102
1.0,-10.0,-10.0,False,2.7767388820648193,35.78205794709068,19.312253586268028
1.0,-9.0,-9.0,False,3.589700758457184,13.030337221666658,31.87897571378062
1.0,17.0,17.0,False,3.050490379333496,24.127652234960944,28.25771342949115
1.0,33.0,33.0,False,1.9487190544605255,19.592338158271378,24.194594572438245
1.0,-28.0,-28.0,False,1.6345978677272797,34.972176200736094,9.101173543191079
1.0,-41.0,-41.0,False,3.2331326007843018,26.477792899818954,23.398072407060113
1.0,-9.0,-9.0,False,1.2980918288230896,3.380975167039705,24.63892116231524
1.0,46.0,46.0,False,3.1331907510757446,32.91141081911861,14.435607654029132
1.0,38.0,38.0,False,1.6303650736808777,31.073999820611757,31.31891814525308
1.0,43.0,43.0,False,1.6822614073753357,11.372897656009007,14.435607654029132
1.0,7.0,7.0,False,4.967686772346497,31.351936526316763,30.043911458949115
1.0,-1.0,-1.0,False,1.5794258117675781,34.733486340918546,13.521235118631019
1.0,-8.0,-8.0,False,2.1055375933647156,26.84762777934458,25.549048505709937
1.0,7.0,7.0,False,2.610757291316986,17.51198170430677,26.749602502026427
1.0,-40.0,-40.0,False,2.8678463101387024,25.49692726321591,20.383350931047197
1.0,-12.0,-12.0,False,1.5794258117675781,34.733486340918546,29.905493731687468
1.0,-33.0,-33.0,False,2.2522791028022766,20.920707504825007,21.680663688607773
1.0,-27.0,-27.0,False,2.9567827582359314,29.90291379937124,26.749602502026427
1.0,7.0,7.0,False,2.1055375933647156,26.84762777934458,29.515148233709983
1.0,25.0,25.0,False,1.5037471652030945,21.682084080654388,29.005221850423506
1.0,36.0,36.0,False,3.197012424468994,30.464041352909135,20.54780596230415
1.0,-58.0,-58.0,False,2.3783482909202576,13.030337221666658,12.834733234363137
1.0,8.0,8.0,False,1.7244549989700317,17.291840824337886,17.415009792433555
1.0,2.0,2.0,False,2.3210570216178894,32.36990622727532,30.930633276084393
1.0,-3.0,-3.0,False,2.891932249069214,33.54059202632778,14.435607654029132
1.0,-2.0,-2.0,False,1.2459309101104736,29.37963551408822,33.321471532450225
1.0,-48.0,-48.0,False,3.5028025433421135,7.415009417023084,21.049646298479143
1.0,-4.0,-4.0,False,1.5608877539634705,34.733486340918546,33.321471532450225
1.0,20.0,20.0,False,2.3258383870124817,19.592338158271378,16.421269399290725
1.0,-8.0,-8.0,False,1.7615023851394653,7.7728152845552,14.867943508472939
1.0,2.0,2.0,False,3.8640218377113342,32.40193593399178,9.399688003313267
1.0,-4.0,-4.0,False,3.589700758457184,13.030337221666658,25.14612605934036
1.0,-18.0,-18.0,False,4.967686772346497,29.90291379937124,30.043911458949115
1.0,-40.0,-40.0,False,2.8765732049942017,19.595071507717908,25.549048505709937
1.0,39.0,39.0,False,3.9824768900871277,6.1943122277549545,27.297620984754463
1.0,44.0,44.0,False,1.6303650736808777,6.427551953147684,31.31891814525308
1.0,-4.0,-4.0,False,3.589700758457184,13.030337221666658,14.435607654029132
1.0,-29.0,-29.0,False,2.422547996044159,24.17030541441272,29.905493731687468
1.0,-19.0,-19.0,False,3.589700758457184,13.030337221666658,27.297620984754463
1.0,-28.0,-28.0,False,2.3210570216178894,31.82214311241224,30.930633276084393
1.0,5.0,5.0,False,1.5037471652030945,21.682084080654388,7.726958446945364
1.0,-23.0,-23.0,False,2.422547996044159,24.17030541441272,18.495946955677383
1.0,33.0,33.0,False,3.076087772846222,19.441087299755857,19.36740908663324
1.0,40.0,40.0,False,2.540506422519684,10.635418440133352,28.52344559121102
1.0,4.0,4.0,False,1.9487190544605255,29.90291379937124,24.194594572438245
1.0,46.0,46.0,False,2.730090856552124,27.39813021663478,16.13015368999143
1.0,-9.0,-9.0,False,4.238134145736694,11.556227348639661,16.421269399290725
1.0,2.0,2.0,False,3.5358769297599792,18.515164423497577,19.36740908663324
1.0,-22.0,-22.0,False,2.7767388820648193,27.584797600395497,19.312253586268028
1.0,15.0,15.0,False,3.684903144836426,29.843911375238598,25.77777416495959
1.0,8.0,8.0,False,1.2881052643060684,23.523962931622762,25.20030988472429
1.0,16.0,16.0,False,3.13155597448349,31.236045178274594,16.421269399290725
1.0,10.0,10.0,False,1.7615023851394653,7.7728152845552,20.07417715721179
1.0,36.0,36.0,False,3.8512147068977356,30.36051721235347,31.87897571378062
1.0,4.0,4.0,False,1.2980918288230896,3.380975167039705,28.25771342949115
1.0,16.0,16.0,False,2.467828333377838,26.325718348049545,15.668592023566653
1.0,7.0,7.0,False,3.8600403666496277,31.149302726766926,7.726958446945364
1.0,-1.0,-1.0,False,2.0076794624328613,25.49692726321591,33.118012752991014
1.0,-2.0,-2.0,False,3.1945232152938843,33.94397208812464,8.489404750576098
1.0,8.0,8.0,False,2.467828333377838,26.325718348049545,16.8704197071736
1.0,45.0,45.0,False,1.9487190544605255,15.837420250647442,24.194594572438245
1.0,48.0,48.0,False,2.730090856552124,31.073999820611757,16.13015368999143
1.0,27.0,27.0,False,0.8101569414138794,30.464041352909135,21.83394025973381
1.0,41.0,41.0,False,1.2980918288230896,3.380975167039705,16.13015368999143
1.0,46.0,46.0,False,3.1331907510757446,32.91141081911861,25.14612605934036
1.0,-77.0,-77.0,False,2.5686932802200317,22.108152106335908,31.38336981880821
1.0,0.0,0.0,False,3.050490379333496,21.144264263199005,28.25771342949115
1.0,-4.0,-4.0,False,4.853034287691116,19.595071507717908,5.297059722650129
1.0,-13.0,-13.0,False,2.6605873703956604,17.291840824337886,20.208432260906946
1.0,7.0,7.0,False,2.5096392035484314,14.489252908953558,11.934899970707379
1.0,-35.0,-35.0,False,2.9826197624206543,22.108152106335908,27.638525297072633
1.0,-8.0,-8.0,False,3.076087772846222,19.441087299755857,34.93556740317086
1.0,49.0,49.0,False,2.8570218086242676,19.445600017845067,21.15332010962242
1.0,2.0,2.0,False,2.5851669907569885,15.837420250647442,13.29313124636667
1.0,29.0,29.0,False,1.2459309101104736,29.37963551408822,27.854344399987678
1.0,8.0,8.0,False,3.8400921523571014,25.715823483277678,28.39319991515784
1.0,-14.0,-14.0,False,1.8911126255989075,17.371804032624258,22.02459852305198
1.0,52.0,52.0,False,2.467828333377838,26.325718348049545,18.218886726612276
1.0,-13.0,-13.0,False,3.5331456661224365,34.80100054837196,18.260034807052946
1.0,-14.0,-14.0,False,3.8309966921806335,18.515164423497577,30.043911458949115
1.0,-27.0,-27.0,False,1.233888864517212,15.699282655303499,3.8185192182016565
1.0,-11.0,-11.0,False,3.701210677623749,23.295662124960778,29.905493731687468
1.0,-1.0,-1.0,False,2.4489800930023193,24.542622295571157,16.976783607050688
1.0,-14.0,-14.0,False,3.2827028632164,32.36990622727532,6.361703282444854
1.0,39.0,39.0,False,0.8101569414138794,19.445600017845067,21.83394025973381
1.0,-30.0,-30.0,False,1.7208598256111145,11.556227348639661,18.147326063853658
1.0,4.0,4.0,False,2.0076794624328613,14.313099811095869,33.118012752991014
1.0,-4.0,-4.0,False,3.701210677623749,28.06849473842699,29.905493731687468
1.0,12.0,12.0,False,1.7043076753616333,33.29898623106143,13.521235118631019
1.0,-29.0,-29.0,False,3.41544571518898,35.78205794709068,15.668592023566653
1.0,34.0,34.0,False,1.2223436683416367,34.21752850865029,28.52344559121102
1.0,-8.0,-8.0,False,3.589700758457184,13.030337221666658,31.566669453100815
1.0,-7.0,-7.0,False,4.09272038936615,17.291840824337886,24.63892116231524
1.0,12.0,12.0,False,2.9567827582359314,30.36051721235347,26.749602502026427
1.0,-2.0,-2.0,False,2.6605873703956604,13.511031341491536,20.208432260906946
1.0,6.0,6.0,False,3.7285558581352234,14.313099811095869,27.089845862247575
1.0,18.0,18.0,False,2.730090856552124,22.66685004253635,16.13015368999143
1.0,19.0,19.0,False,1.233888864517212,15.699282655303499,24.194594572438245
1.0,64.0,64.0,False,2.350049912929535,12.393772413394146,14.21874409769795
1.0,2.0,2.0,False,2.0695550441741943,28.820114552828112,20.54780596230415
1.0,-17.0,-17.0,False,2.513563245534897,17.307033405640468,19.312253586268028
1.0,-49.0,-49.0,False,1.8911126255989075,17.371804032624258,23.398072407060113
1.0,-9.0,-9.0,False,2.891932249069214,33.54059202632778,16.976783607050688
1.0,-1.0,-1.0,False,3.1464685201644897,19.708434004523152,28.39319991515784
1.0,-11.0,-11.0,False,1.5794258117675781,34.733486340918546,25.549048505709937
1.0,-17.0,-17.0,False,2.4706369638442993,31.236045178274594,32.32215163152994
1.0,3.0,3.0,False,2.6003804802894592,23.462362138833956,16.185850788484068
1.0,13.0,13.0,False,2.350049912929535,12.393772413394146,23.761026432876587
1.0,65.0,65.0,False,2.610757291316986,17.51198170430677,12.141090020856087
1.0,35.0,35.0,False,3.6829899549484253,16.47846874715538,12.141090020856087
1.0,33.0,33.0,False,3.197012424468994,30.464041352909135,31.566669453100815
1.0,-31.0,-31.0,False,2.2448704540729523,17.473520900142166,25.428733571057606
2.0,11.0,11.0,False,2.422547996044159,24.17030541441272,19.14299251939613
2.0,39.0,39.0,False,3.2827028632164,32.36990622727532,16.95634779995063
2.0,13.0,13.0,False,2.467828333377838,26.325718348049545,5.510134376645804
2.0,-46.0,-46.0,False,2.5096392035484314,14.489252908953558,16.258465835810846
2.0,-25.0,-25.0,False,4.445880949497223,34.972176200736094,26.56501878352536
2.0,-29.0,-29.0,False,1.2640658617019653,16.47846874715538,25.298086494337145
2.0,61.0,61.0,False,4.021404147148132,31.448136170412937,19.630096065463018
2.0,5.0,5.0,False,1.6706708669662476,35.26076295908942,7.512447200849843
2.0,-29.0,-29.0,False,4.238134145736694,11.556227348639661,26.56501878352536
2.0,71.0,71.0,False,1.6822614073753357,11.372897656009007,19.630096065463018
2.0,22.0,22.0,False,3.13155597448349,31.236045178274594,17.56792455774448
2.0,43.0,43.0,False,3.5634565353393555,18.575195081464237,19.630096065463018
2.0,13.0,13.0,False,1.7225477695465088,7.7728152845552,21.404655452843237
2.0,-44.0,-44.0,False,3.4817839860916138,11.574186615347308,16.258465835810846
2.0,-30.0,-30.0,False,5.524632632732391,16.47846874715538,22.094464885363408
2.0,-70.0,-70.0,False,4.695863902568817,8.270992504929596,7.512447200849843
2.0,-42.0,-42.0,False,3.2290316224098206,19.71282096025786,21.726333282260164
2.0,-29.0,-29.0,False,1.637912631034851,10.31088891593816,10.812303133368559
2.0,-20.0,-20.0,False,3.9392743706703186,14.598702058188339,20.537096744230542
2.0,18.0,18.0,False,2.422547996044159,24.17030541441272,22.184498672581263
2.0,29.0,29.0,False,2.1055375933647156,26.84762777934458,34.30144396264337
2.0,-28.0,-28.0,False,2.324254997074604,23.462362138833956,16.82064658832933
2.0,-21.0,-21.0,False,4.587086021900177,16.47846874715538,7.919260831402366
2.0,-29.0,-29.0,False,0.7908325493335724,18.515164423497577,4.615929033497499
2.0,57.0,57.0,False,2.2234342098236084,6.1943122277549545,17.41291382921542
2.0,54.0,54.0,False,1.9150481820106506,5.843127538811253,6.286423407844504
2.0,-8.0,-8.0,False,2.6605873703956604,29.86099778521027,23.088941865931023
2.0,-18.0,-18.0,False,2.9182572960853577,27.39813021663478,23.088941865931023
2.0,-12.0,-12.0,False,3.2827028632164,32.36990622727532,34.29144365061243
2.0,-42.0,-42.0,False,1.6486754417419434,20.920707504825007,29.285268078372088
2.0,30.0,30.0,False,1.6520878672599792,23.068434202502253,17.903115948598035
2.0,-3.0,-3.0,False,2.487267851829529,35.78205794709068,9.886134425409068
2.0,-8.0,-8.0,False,4.129241168498993,27.584797600395497,21.95546202251436
2.0,48.0,48.0,False,2.646380662918091,31.073999820611757,6.286423407844504
2.0,15.0,15.0,False,2.43634569644928,8.942536115608092,23.143213141527262
2.0,-22.0,-22.0,False,2.6003804802894592,23.462362138833956,27.70040298402895
2.0,-12.0,-12.0,False,3.831969678401947,21.144264263199005,24.865148539219334
2.0,9.0,9.0,False,0.7908325493335724,12.393772413394146,4.615929033497499
2.0,-31.0,-31.0,False,2.0695550441741943,28.820114552828112,19.22885367433926
2.0,-41.0,-41.0,False,2.6003804802894592,23.462362138833956,13.156864976441035
2.0,-31.0,-31.0,False,3.831969678401947,25.715823483277678,24.865148539219334
2.0,17.0,17.0,False,1.2640658617019653,29.86099778521027,25.298086494337145
2.0,-37.0,-37.0,False,5.182080268859863,19.595071507717908,26.144991148091616
2.0,7.0,7.0,False,3.3245025277137756,10.31088891593816,25.75805545468999
2.0,-53.0,-53.0,False,5.06681764125824,19.595071507717908,11.928695267718934
2.0,-28.0,-28.0,False,3.4266277551651,11.574186615347308,19.174989803266737
2.0,15.0,15.0,False,3.6788201928138733,27.39813021663478,7.919260831402366
2.0,89.0,89.0,False,1.6985645294189453,10.635418440133352,17.283796733258626
2.0,-1.0,-1.0,False,0.7908325493335724,8.942536115608092,4.615929033497499
2.0,3.0,3.0,False,1.5038633346557617,24.127652234960944,15.652482331331008
2.0,-4.0,-4.0,False,1.6524146795272827,30.464041352909135,29.055178222451005
2.0,-6.0,-6.0,False,2.8675488233566284,20.920707504825007,6.6944264701436635
2.0,23.0,23.0,False,2.498404026031494,6.1943122277549545,25.67326253715639
2.0,7.0,7.0,False,1.2223436683416367,34.21752850865029,16.82064658832933
2.0,-41.0,-41.0,False,2.4489800930023193,24.542622295571157,34.29144365061243
2.0,-27.0,-27.0,False,1.7033283412456512,12.255675266296434,19.174989803266737
2.0,7.0,7.0,False,3.076087772846222,19.441087299755857,20.65149591306319
2.0,-24.0,-24.0,False,3.2331326007843018,26.477792899818954,20.65149591306319
2.0,-31.0,-31.0,False,6.697211742401123,14.313099811095869,30.656015066632925
2.0,44.0,44.0,False,2.8570218086242676,19.445600017845067,17.56792455774448
2.0,-57.0,-57.0,False,1.637912631034851,8.270992504929596,10.812303133368559
2.0,-10.0,-10.0,False,1.8911126255989075,17.371804032624258,21.95546202251436
2.0,8.0,8.0,False,3.6788201928138733,27.39813021663478,20.537096744230542
2.0,10.0,10.0,False,1.2881052643060684,23.523962931622762,5.684958172915207
2.0,8.0,8.0,False,2.2171555161476135,24.087873838222887,25.75805545468999
2.0,-16.0,-16.0,False,1.5038633346557617,19.592338158271378,15.652482331331008
2.0,88.0,88.0,False,1.6985645294189453,32.91141081911861,17.283796733258626
2.0,-26.0,-26.0,False,2.498404026031494,7.415009417023084,25.67326253715639
2.0,-32.0,-32.0,False,2.0695550441741943,28.820114552828112,16.027644713121415
2.0,-60.0,-60.0,False,3.174757957458496,8.744844716319943,19.166914393717594
2.0,8.0,8.0,False,1.2640658617019653,28.869922802580422,25.298086494337145
2.0,10.0,10.0,False,3.390621244907379,17.291840824337886,19.057489981240206
2.0,-2.0,-2.0,False,1.6486754417419434,28.869922802580422,29.285268078372088
2.0,-30.0,-30.0,False,3.174757957458496,23.295662124960778,19.166914393717594
2.0,0.0,0.0,False,2.2234342098236084,27.513876517704556,17.41291382921542
2.0,-1.0,-1.0,False,1.7865239381790161,28.820114552828112,34.65871536938304
2.0,11.0,11.0,False,2.467828333377838,26.325718348049545,7.67611347285172
2.0,-62.0,-62.0,False,4.695863902568817,8.270992504929596,13.784125998943441
2.0,-57.0,-57.0,False,3.8614214658737183,32.40193593399178,35.243121199690265
2.0,0.0,0.0,False,1.7865239381790161,31.82214311241224,34.65871536938304
2.0,-38.0,-38.0,False,3.2290316224098206,31.82214311241224,21.726333282260164
2.0,24.0,24.0,False,3.612581640481949,21.144264263199005,6.6944264701436635
2.0,9.0,9.0,False,3.0735420286655426,31.236045178274594,15.0380389769402
2.0,-41.0,-41.0,False,2.5096392035484314,14.489252908953558,5.510134376645804
2.0,42.0,42.0,False,1.7225477695465088,19.445600017845067,21.404655452843237
2.0,48.0,48.0,False,1.6822614073753357,11.372897656009007,16.95634779995063
2.0,-6.0,-6.0,False,1.6706708669662476,35.26076295908942,35.243121199690265
2.0,-14.0,-14.0,False,2.422547996044159,24.17030541441272,27.70040298402895
2.0,-30.0,-30.0,False,2.2695714235305786,27.513876517704556,15.251811842301276
2.0,-9.0,-9.0,False,3.13155597448349,31.236045178274594,22.094464885363408
2.0,6.0,6.0,False,2.1055375933647156,26.84762777934458,27.70040298402895
2.0,-35.0,-35.0,False,1.2640658617019653,27.584797600395497,25.298086494337145
2.0,0.0,0.0,False,2.4489800930023193,24.542622295571157,17.56792455774448
2.0,-32.0,-32.0,False,2.422547996044159,24.17030541441272,34.29144365061243
2.0,0.0,0.0,False,2.795687347650528,13.030337221666658,22.184498672581263
2.0,10.0,10.0,False,2.324254997074604,12.393772413394146,16.82064658832933
2.0,14.0,14.0,False,0.7908325493335724,19.445600017845067,4.615929033497499
2.0,38.0,38.0,False,1.6822614073753357,11.372897656009007,37.39238653564785
2.0,22.0,22.0,False,2.795687347650528,15.57909088048316,22.184498672581263
2.0,8.0,8.0,False,2.484754055738449,28.869922802580422,16.027644713121415
2.0,3.0,3.0,False,2.8570218086242676,19.445600017845067,7.67611347285172
2.0,7.0,7.0,False,2.1055375933647156,26.84762777934458,15.251811842301276
2.0,24.0,24.0,False,2.3866533041000366,33.99442138906607,17.903115948598035
2.0,44.0,44.0,False,2.045419156551361,16.4365618477917,25.75805545468999
2.0,-26.0,-26.0,False,2.7332763075828552,18.575195081464237,5.644505653191313
2.0,39.0,39.0,False,3.358773112297058,15.57909088048316,18.016254820984805
2.0,-36.0,-36.0,False,4.5304936170578,34.972176200736094,35.72183848300669
2.0,-29.0,-29.0,False,3.1464685201644897,19.708434004523152,20.537096744230542
2.0,-13.0,-13.0,False,3.0735420286655426,31.149302726766926,15.0380389769402
2.0,-1.0,-1.0,False,1.7865239381790161,24.087873838222887,34.65871536938304
2.0,-30.0,-30.0,False,5.524632632732391,16.47846874715538,13.784125998943441
2.0,5.0,5.0,False,2.4489800930023193,24.542622295571157,35.301803724334064
2.0,-38.0,-38.0,False,3.589700758457184,13.030337221666658,12.521573218871074
2.0,-9.0,-9.0,False,5.958161354064941,31.351936526316763,22.094464885363408
2.0,47.0,47.0,False,3.463726669549942,6.1943122277549545,31.957437879873087
2.0,-32.0,-32.0,False,2.324254997074604,8.744844716319943,16.82064658832933
2.0,36.0,36.0,False,2.646380662918091,23.295662124960778,6.286423407844504
2.0,-14.0,-14.0,False,2.43634569644928,31.149302726766926,23.143213141527262
2.0,0.0,0.0,False,1.5038633346557617,10.635418440133352,15.652482331331008
2.0,7.0,7.0,False,3.3245025277137756,29.90291379937124,25.75805545468999
2.0,55.0,55.0,False,3.3245025277137756,24.127652234960944,25.75805545468999
2.0,2.0,2.0,True,2.795687347650528,32.40193593399178,22.184498672581263
2.0,-30.0,-30.0,False,4.5304936170578,34.972176200736094,13.784125998943441
2.0,11.0,11.0,False,1.9150481820106506,5.843127538811253,26.144991148091616
2.0,-2.0,-2.0,False,2.1055375933647156,26.84762777934458,13.784125998943441
2.0,26.0,26.0,False,3.463726669549942,31.448136170412937,31.957437879873087
2.0,-25.0,-25.0,False,6.393894731998444,14.313099811095869,13.784125998943441
2.0,-29.0,-29.0,False,3.2302297949790955,31.149302726766926,28.401404392414943
2.0,-2.0,-2.0,False,1.2459309101104736,29.37963551408822,25.298086494337145
2.0,-59.0,-59.0,False,2.891932249069214,33.54059202632778,19.381839381817475
2.0,24.0,24.0,False,2.3866533041000366,33.99442138906607,17.616194561298794
2.0,-24.0,-24.0,False,2.2171555161476135,24.087873838222887,15.251811842301276
2.0,16.0,16.0,False,3.3245025277137756,14.313099811095869,25.75805545468999
2.0,10.0,10.0,False,1.637912631034851,29.843911375238598,10.812303133368559
2.0,23.0,23.0,False,2.32444167137146,17.473520900142166,19.21685235804192
2.0,-36.0,-36.0,False,3.8811795115470886,10.31088891593816,5.684958172915207
2.0,2.0,2.0,True,2.646380662918091,32.40193593399178,6.286423407844504
2.0,-7.0,-7.0,False,1.618940532207489,28.830334024125126,19.14299251939613
2.0,11.0,11.0,False,2.484754055738449,28.869922802580422,6.345107435995754
2.0,-32.0,-32.0,False,1.2640658617019653,20.920707504825007,25.298086494337145
2.0,-28.0,-28.0,False,2.6003804802894592,23.462362138833956,19.22885367433926
2.0,15.0,15.0,False,1.2640658617019653,5.843127538811253,25.298086494337145
2.0,-29.0,-29.0,False,2.8649967908859253,25.49692726321591,16.027644713121415
2.0,0.0,0.0,False,2.2171555161476135,24.087873838222887,19.14299251939613
2.0,-10.0,-10.0,False,3.2827028632164,32.36990622727532,7.512447200849843
2.0,-1.0,-1.0,False,1.7033283412456512,12.255675266296434,31.957437879873087
2.0,-31.0,-31.0,False,3.5634565353393555,18.575195081464237,7.67611347285172
2.0,-45.0,-45.0,False,1.5038633346557617,19.595071507717908,15.652482331331008
2.0,20.0,20.0,False,2.540506422519684,10.635418440133352,15.251811842301276
2.0,-31.0,-31.0,False,2.770187556743622,8.270992504929596,37.39238653564785
2.0,13.0,13.0,False,2.770187556743622,15.57909088048316,37.39238653564785
2.0,-12.0,-12.0,False,1.4551259279251099,34.80100054837196,11.51928569936876
2.0,-29.0,-29.0,False,2.8649967908859253,16.47846874715538,16.027644713121415
2.0,-33.0,-33.0,False,3.875714063644409,8.744844716319943,16.2854476759893
2.0,-31.0,-31.0,False,2.513563245534897,17.307033405640468,13.784125998943441
2.0,2.0,2.0,True,1.6486754417419434,27.198448274331646,29.285268078372088
2.0,1.0,1.0,False,2.770187556743622,34.972176200736094,37.39238653564785
2.0,55.0,55.0,False,3.2827028632164,32.36990622727532,18.016254820984805
2.0,-36.0,-36.0,False,1.6524146795272827,31.149302726766926,29.055178222451005
2.0,-18.0,-18.0,False,3.076087772846222,19.441087299755857,11.928695267718934
2.0,27.0,27.0,False,3.463726669549942,8.942536115608092,31.957437879873087
2.0,-33.0,-33.0,False,1.5038633346557617,24.17030541441272,15.652482331331008
2.0,24.0,24.0,False,3.0735420286655426,27.39813021663478,15.0380389769402
2.0,24.0,24.0,False,1.7615023851394653,7.7728152845552,22.184498672581263
2.0,-44.0,-44.0,False,4.711972177028656,27.584797600395497,7.512447200849843
2.0,-5.0,-5.0,False,2.43634569644928,22.66685004253635,23.143213141527262
2.0,4.0,4.0,False,2.045419156551361,16.4365618477917,16.2854476759893
2.0,-31.0,-31.0,False,2.5096392035484314,14.489252908953558,19.22885367433926
2.0,-16.0,-16.0,False,1.233888864517212,15.699282655303499,19.174989803266737
2.0,9.0,9.0,False,2.2234342098236084,16.47846874715538,17.41291382921542
2.0,10.0,10.0,False,2.498404026031494,29.843911375238598,25.67326253715639
2.0,9.0,9.0,False,2.646380662918091,19.708434004523152,6.286423407844504
2.0,-22.0,-22.0,False,5.004083186388016,35.78205794709068,19.22885367433926
2.0,1.0,1.0,False,3.4817839860916138,24.127652234960944,16.258465835810846
2.0,10.0,10.0,False,2.6605873703956604,29.86099778521027,35.72183848300669
2.0,0.0,0.0,False,2.4489800930023193,24.542622295571157,37.39238653564785
2.0,16.0,16.0,False,2.3866533041000366,33.99442138906607,9.886134425409068
2.0,10.0,10.0,False,1.7865239381790161,24.17030541441272,34.65871536938304
2.0,-3.0,-3.0,False,3.612581640481949,34.972176200736094,6.6944264701436635
2.0,13.0,13.0,False,1.2881052643060684,23.523962931622762,16.027644713121415
2.0,-38.0,-38.0,False,1.4314748048782349,24.901099080414053,5.684958172915207
2.0,-25.0,-25.0,False,4.3991798758506775,25.49692726321591,26.56501878352536
2.0,14.0,14.0,False,1.2881052643060684,23.523962931622762,19.22885367433926
2.0,12.0,12.0,False,2.324254997074604,32.91141081911861,16.82064658832933
2.0,-41.0,-41.0,False,2.487267851829529,8.270992504929596,9.886134425409068
2.0,-39.0,-39.0,False,1.618940532207489,28.830334024125126,16.027644713121415
2.0,-3.0,-3.0,False,3.54693067073822,31.82214311241224,17.616194561298794
2.0,1.0,1.0,False,2.610757291316986,17.51198170430677,16.027644713121415
2.0,29.0,29.0,False,2.4903668761253357,8.942536115608092,34.30144396264337
2.0,9.0,9.0,False,1.6822614073753357,11.372897656009007,12.521573218871074
2.0,24.0,24.0,False,1.5037471652030945,21.682084080654388,19.21685235804192
2.0,30.0,30.0,False,4.021404147148132,29.90291379937124,19.630096065463018
2.0,10.0,10.0,False,2.350049912929535,12.393772413394146,20.537096744230542
2.0,-30.0,-30.0,False,3.2331326007843018,26.477792899818954,13.784125998943441
2.0,27.0,27.0,False,1.5794258117675781,34.733486340918546,34.65871536938304
2.0,-12.0,-12.0,False,2.0695550441741943,28.820114552828112,9.886134425409068
2.0,-56.0,-56.0,False,3.027155101299286,22.108152106335908,27.70040298402895
2.0,10.0,10.0,False,3.8512147068977356,30.36051721235347,26.56501878352536
2.0,1.0,1.0,False,1.637912631034851,33.94397208812464,10.812303133368559
2.0,22.0,22.0,False,2.4903668761253357,31.236045178274594,34.30144396264337
2.0,36.0,36.0,False,1.6822614073753357,11.372897656009007,17.616194561298794
2.0,31.0,31.0,False,1.5794258117675781,34.733486340918546,35.301803724334064
2.0,8.0,8.0,False,2.8675488233566284,20.920707504825007,16.95634779995063
2.0,-36.0,-36.0,False,4.738476932048798,32.40193593399178,20.537096744230542
2.0,-1.0,-1.0,False,3.076087772846222,19.441087299755857,5.684958172915207
2.0,-7.0,-7.0,False,3.612581640481949,8.744844716319943,6.6944264701436635
2.0,-31.0,-31.0,False,2.0695550441741943,28.820114552828112,16.82064658832933
2.0,-17.0,-17.0,False,1.8911126255989075,17.371804032624258,9.886134425409068
2.0,-41.0,-41.0,False,1.4551259279251099,27.584797600395497,11.51928569936876
2.0,-5.0,-5.0,False,1.2980918288230896,3.380975167039705,21.726333282260164
2.0,-40.0,-40.0,False,5.659423828125,17.473520900142166,35.72183848300669
2.0,-9.0,-9.0,False,3.1945232152938843,33.94397208812464,29.591442690916324
2.0,-5.0,-5.0,False,1.6520878672599792,23.068434202502253,30.656015066632925
2.0,-7.0,-7.0,False,2.045419156551361,16.4365618477917,34.29144365061243
2.0,-38.0,-38.0,False,5.646791875362396,15.57909088048316,19.381839381817475
2.0,-17.0,-17.0,False,4.838716626167297,31.35468295528793,17.82915355446834
2.0,33.0,33.0,False,2.646380662918091,34.80100054837196,6.286423407844504
2.0,20.0,20.0,False,1.651623249053955,27.198448274331646,7.919260831402366
2.0,-3.0,-3.0,False,2.045419156551361,16.4365618477917,35.72183848300669
2.0,-13.0,-13.0,False,2.484754055738449,28.869922802580422,19.381839381817475
2.0,-28.0,-28.0,False,2.2171555161476135,24.087873838222887,26.56501878352536
2.0,-5.0,-5.0,False,1.4551259279251099,17.51198170430677,11.51928569936876
2.0,-28.0,-28.0,False,3.867150604724884,29.90291379937124,20.65149591306319
2.0,6.0,6.0,False,2.646380662918091,8.744844716319943,6.286423407844504
2.0,16.0,16.0,False,1.6706708669662476,35.26076295908942,19.174989803266737
2.0,-8.0,-8.0,False,4.4153967797756195,31.351936526316763,16.2854476759893
2.0,-57.0,-57.0,False,1.8911126255989075,17.371804032624258,35.243121199690265
2.0,4.0,4.0,False,2.100797653198242,22.799188194545923,34.30144396264337
2.0,-27.0,-27.0,False,3.5331456661224365,34.80100054837196,19.381839381817475
2.0,32.0,32.0,False,3.815837562084198,31.351936526316763,16.95634779995063
2.0,-39.0,-39.0,False,3.831969678401947,16.47846874715538,24.865148539219334
2.0,-10.0,-10.0,False,3.1331907510757446,32.91141081911861,19.381839381817475
2.0,9.0,9.0,False,0.7908325493335724,33.29898623106143,4.615929033497499
2.0,14.0,14.0,False,2.540506422519684,10.635418440133352,19.174989803266737
2.0,-21.0,-21.0,False,5.507937431335449,16.47846874715538,15.251811842301276
2.0,-5.0,-5.0,False,3.197012424468994,30.464041352909135,21.726333282260164
2.0,28.0,28.0,False,1.0613904297351837,33.99442138906607,32.28695010943871
2.0,-45.0,-45.0,False,1.6743347644805908,29.90291379937124,11.470019194928632
2.0,62.0,62.0,False,2.32444167137146,30.36051721235347,19.21685235804192
2.0,-38.0,-38.0,False,1.5038633346557617,22.799188194545923,15.652482331331008
2.0,-27.0,-27.0,False,1.6524146795272827,14.598702058188339,29.055178222451005
2.0,46.0,46.0,False,1.2223436683416367,34.21752850865029,16.95634779995063
2.0,-38.0,-38.0,False,1.5037471652030945,21.682084080654388,29.055178222451005
2.0,-42.0,-42.0,False,3.0563420057296753,22.66685004253635,19.381839381817475
2.0,35.0,35.0,False,2.795687347650528,31.35468295528793,22.184498672581263
2.0,-29.0,-29.0,False,5.004083186388016,35.78205794709068,29.591442690916324
2.0,51.0,51.0,False,1.0613904297351837,6.1943122277549545,32.28695010943871
2.0,46.0,46.0,False,4.021404147148132,15.57909088048316,19.630096065463018
2.0,52.0,52.0,False,2.3866533041000366,33.99442138906607,18.016254820984805
2.0,25.0,25.0,False,2.43634569644928,31.073999820611757,23.143213141527262
2.0,43.0,43.0,False,2.6605873703956604,29.86099778521027,10.813715166373807
2.0,-36.0,-36.0,False,3.8811795115470886,19.595071507717908,5.684958172915207
2.0,-12.0,-12.0,False,2.350049912929535,12.393772413394146,19.381839381817475
2.0,-25.0,-25.0,False,1.637912631034851,12.255675266296434,10.812303133368559
2.0,-17.0,-17.0,False,1.233888864517212,15.699282655303499,12.521573218871074
2.0,19.0,19.0,False,1.9150481820106506,5.843127538811253,25.67326253715639
2.0,17.0,17.0,False,1.80581796169281,31.073999820611757,30.539611186916886
2.0,19.0,19.0,False,1.637912631034851,24.127652234960944,10.812303133368559
2.0,-28.0,-28.0,False,3.867150604724884,19.595071507717908,20.65149591306319
2.0,-2.0,-2.0,False,2.2171555161476135,24.087873838222887,37.39238653564785
2.0,34.0,34.0,False,2.2234342098236084,33.99442138906607,17.41291382921542
2.0,-10.0,-10.0,False,2.617880880832672,33.54059202632778,17.903115948598035
2.0,-36.0,-36.0,False,2.2171555161476135,24.087873838222887,26.144991148091616
2.0,6.0,6.0,False,2.646380662918091,17.473520900142166,6.286423407844504
2.0,-3.0,-3.0,False,3.612581640481949,18.515164423497577,6.6944264701436635
2.0,9.0,9.0,False,1.2640658617019653,33.29898623106143,25.298086494337145
2.0,5.0,5.0,False,4.31593930721283,28.06849473842699,20.537096744230542
2.0,12.0,12.0,False,1.6822614073753357,11.372897656009007,26.56501878352536
2.0,39.0,39.0,False,3.3245025277137756,8.942536115608092,25.75805545468999
2.0,-38.0,-38.0,False,1.233888864517212,15.699282655303499,35.243121199690265
2.0,33.0,33.0,False,3.1464685201644897,19.708434004523152,19.630096065463018
2.0,-14.0,-14.0,False,3.1945232152938843,33.94397208812464,34.29144365061243
2.0,38.0,38.0,False,3.612581640481949,32.241337655220086,6.6944264701436635
2.0,-41.0,-41.0,False,4.100457787513733,11.574186615347308,7.67611347285172
2.0,29.0,29.0,False,1.7225477695465088,17.51198170430677,21.404655452843237
2.0,-29.0,-29.0,False,2.513563245534897,17.307033405640468,28.401404392414943
2.0,18.0,18.0,False,2.6605873703956604,29.86099778521027,19.22885367433926
2.0,14.0,14.0,False,3.8512147068977356,30.36051721235347,15.251811842301276
2.0,-45.0,-45.0,False,1.5038633346557617,11.556227348639661,15.652482331331008
2.0,39.0,39.0,False,2.1055375933647156,26.84762777934458,25.75805545468999
2.0,-36.0,-36.0,False,2.2695714235305786,27.513876517704556,19.174989803266737
2.0,11.0,11.0,False,1.362888216972351,30.464041352909135,14.46686424671264
2.0,12.0,12.0,False,1.2640658617019653,10.635418440133352,25.298086494337145
2.0,3.0,3.0,False,2.324254997074604,30.464041352909135,16.82064658832933
2.0,-15.0,-15.0,False,3.13155597448349,31.236045178274594,21.726333282260164
2.0,-33.0,-33.0,False,2.100797653198242,22.799188194545923,30.656015066632925
2.0,15.0,15.0,False,2.646380662918091,14.313099811095869,6.286423407844504
2.0,9.0,9.0,False,2.484754055738449,28.869922802580422,12.521573218871074
2.0,75.0,75.0,False,1.2459309101104736,29.37963551408822,17.283796733258626
2.0,24.0,24.0,False,1.2459309101104736,29.37963551408822,6.6944264701436635
2.0,13.0,13.0,False,2.350049912929535,12.393772413394146,26.56501878352536
2.0,8.0,8.0,False,2.2234342098236084,7.415009417023084,17.41291382921542
2.0,7.0,7.0,False,3.1331907510757446,32.91141081911861,26.144991148091616
2.0,-28.0,-28.0,False,3.0563420057296753,22.66685004253635,21.726333282260164
2.0,11.0,11.0,False,3.8512147068977356,30.36051721235347,20.65149591306319
2.0,18.0,18.0,False,3.246718108654022,13.511031341491536,6.345107435995754
2.0,-1.0,-1.0,False,2.43634569644928,15.57909088048316,23.143213141527262
2.0,-8.0,-8.0,False,1.2459309101104736,29.37963551408822,29.591442690916324
3.0,-46.0,-46.0,False,5.004083186388016,35.78205794709068,28.129726860410003
3.0,8.0,8.0,False,1.6220495998859406,19.441087299755857,10.92195393502413
3.0,-10.0,-10.0,False,3.2501679062843323,18.515164423497577,30.727162091234025
3.0,-29.0,-29.0,False,3.2331326007843018,26.477792899818954,31.200887814752516
3.0,-36.0,-36.0,False,2.8675488233566284,20.920707504825007,36.53077602160571
3.0,2.0,2.0,False,1.6520878672599792,23.068434202502253,18.88927523679118
3.0,-63.0,-63.0,False,3.027155101299286,22.108152106335908,31.200887814752516
3.0,-35.0,-35.0,False,1.7847826480865479,10.31088891593816,33.23112653415567
3.0,-6.0,-6.0,False,2.543964385986328,11.556227348639661,17.01174745261643
3.0,-42.0,-42.0,False,1.2714112997055054,23.462362138833956,17.749326881218007
3.0,35.0,35.0,False,1.6004957556724548,29.843911375238598,15.209949494628521
3.0,-38.0,-38.0,False,5.225623786449432,17.473520900142166,11.345786718374804
3.0,-4.0,-4.0,False,1.6773176193237305,20.920707504825007,21.077177101352248
3.0,3.0,3.0,True,2.1055375933647156,26.84762777934458,33.504158003951865
3.0,14.0,14.0,False,1.5722265243530273,32.241337655220086,14.207297103697691
3.0,1.0,1.0,False,4.839568138122559,6.1943122277549545,34.56418802785129
3.0,17.0,17.0,False,1.2459309101104736,29.37963551408822,30.727162091234025
3.0,-9.0,-9.0,False,1.5794258117675781,34.733486340918546,8.431269853369185
3.0,-10.0,-10.0,False,1.6822614073753357,11.372897656009007,15.699699977267741
3.0,-11.0,-11.0,False,2.9460976123809814,19.708434004523152,13.399764335040341
3.0,38.0,38.0,False,2.350049912929535,12.393772413394146,32.46758737400911
3.0,17.0,17.0,False,0.8470876216888428,24.901099080414053,27.410317757402368
3.0,27.0,27.0,False,1.6049460470676422,24.087873838222887,33.10498778227313
3.0,-19.0,-19.0,False,1.5722265243530273,14.598702058188339,14.207297103697691
3.0,-7.0,-7.0,False,1.2459309101104736,29.37963551408822,29.998560553031645
3.0,3.0,3.0,True,3.2331326007843018,26.477792899818954,21.170981480511113
3.0,-32.0,-32.0,False,3.120579272508621,32.40193593399178,21.69531252197881
3.0,28.0,28.0,False,2.6605873703956604,29.86099778521027,19.749092274340114
3.0,-4.0,-4.0,False,1.6004957556724548,17.473520900142166,15.209949494628521
3.0,4.0,4.0,False,2.2171555161476135,24.087873838222887,34.256342224097175
3.0,27.0,27.0,False,1.3244314789772034,16.4365618477917,32.910369760064086
3.0,1.0,1.0,False,4.474137037992477,31.35468295528793,34.354067501359125
3.0,31.0,31.0,False,1.2980918288230896,3.380975167039705,8.688702397189342
3.0,25.0,25.0,False,2.3258383870124817,19.592338158271378,29.85216878810918
3.0,-18.0,-18.0,False,2.333035886287689,35.78205794709068,13.887553301278876
3.0,-24.0,-24.0,False,1.7615023851394653,7.7728152845552,25.092397327948465
3.0,-25.0,-25.0,False,2.5940696001052856,16.47846874715538,36.79704119407881
3.0,9.0,9.0,False,2.610757291316986,17.51198170430677,24.11075278082796
3.0,8.0,8.0,False,2.484754055738449,28.869922802580422,31.200887814752516
3.0,-4.0,-4.0,False,2.610757291316986,17.51198170430677,8.431269853369185
3.0,44.0,44.0,False,2.3171703815460205,10.635418440133352,24.69625977217237
3.0,-5.0,-5.0,False,1.6773176193237305,19.595071507717908,21.077177101352248
3.0,-26.0,-26.0,False,3.0563420057296753,22.66685004253635,8.431269853369185
3.0,-23.0,-23.0,False,1.7847826480865479,22.66685004253635,33.23112653415567
3.0,-6.0,-6.0,False,3.3984220027923584,15.837420250647442,12.903045921609975
3.0,-22.0,-22.0,False,4.443500757217407,19.595071507717908,19.749092274340114
3.0,2.0,2.0,False,2.513563245534897,17.307033405640468,21.170981480511113
3.0,-8.0,-8.0,False,3.214888334274292,8.744844716319943,8.331518458786583
3.0,46.0,46.0,False,1.6706708669662476,35.26076295908942,21.170981480511113
3.0,42.0,42.0,False,2.1950414776802063,10.635418440133352,26.244687441975795
3.0,-3.0,-3.0,False,1.6004957556724548,28.820114552828112,15.209949494628521
3.0,9.0,9.0,False,2.6605873703956604,29.86099778521027,14.219505776241622
3.0,-4.0,-4.0,False,3.2776378393173218,29.90291379937124,26.41760529817079
3.0,10.0,10.0,False,3.1251603960990906,17.291840824337886,24.387142111118727
3.0,-6.0,-6.0,False,1.2223436683416367,34.21752850865029,4.674526827116739
3.0,-81.0,-81.0,False,0.5453740656375885,22.108152106335908,28.65393344913118
3.0,-51.0,-51.0,False,3.5028025433421135,7.415009417023084,18.22651614147689
3.0,9.0,9.0,False,4.09272038936615,17.291840824337886,26.5307767396735
3.0,-13.0,-13.0,False,2.6624786257743835,16.47846874715538,15.41415975997255
3.0,-28.0,-28.0,False,1.5037471652030945,21.682084080654388,37.06953890830405
3.0,39.0,39.0,False,2.540506422519684,10.635418440133352,28.90262494425399
3.0,-5.0,-5.0,False,2.0695550441741943,28.820114552828112,28.90262494425399
3.0,-27.0,-27.0,False,1.4705161154270172,21.682084080654388,15.653578600762636
3.0,-12.0,-12.0,False,1.618940532207489,28.830334024125126,28.90262494425399
3.0,0.0,0.0,False,2.3866533041000366,33.99442138906607,36.79704119407881
3.0,-52.0,-52.0,False,4.380702197551727,17.473520900142166,24.050975169914427
3.0,3.0,3.0,True,1.2459309101104736,29.37963551408822,34.354067501359125
3.0,-16.0,-16.0,False,1.8064912557601929,18.575195081464237,37.06953890830405
3.0,1.0,1.0,False,2.1950414776802063,18.515164423497577,26.244687441975795
3.0,-29.0,-29.0,False,2.5940696001052856,10.31088891593816,36.79704119407881
3.0,17.0,17.0,False,2.350049912929535,12.393772413394146,24.11075278082796
3.0,7.0,7.0,False,1.2980918288230896,3.380975167039705,21.69531252197881
3.0,12.0,12.0,False,2.610757291316986,17.51198170430677,28.27572797113035
3.0,-2.0,-2.0,False,2.583752155303955,31.82214311241224,32.46758737400911
3.0,-9.0,-9.0,False,2.8411534875631332,33.54059202632778,36.5348562217881
3.0,-16.0,-16.0,False,0.5453740656375885,3.380975167039705,28.65393344913118
3.0,-13.0,-13.0,False,3.112634241580963,14.598702058188339,24.11075278082796
3.0,-3.0,-3.0,False,2.3171703815460205,19.71282096025786,24.69625977217237
3.0,26.0,26.0,False,0.8470876216888428,22.799188194545923,27.410317757402368
3.0,51.0,51.0,False,3.4230895936489105,13.511031341491536,34.256342224097175
3.0,-5.0,-5.0,False,1.6706708669662476,35.26076295908942,24.050975169914427
3.0,60.0,60.0,False,0.8470876216888428,11.372897656009007,27.410317757402368
3.0,9.0,9.0,False,1.6706708669662476,35.26076295908942,8.431269853369185
3.0,18.0,18.0,False,2.0235751569271088,28.869922802580422,14.98412411094871
3.0,-22.0,-22.0,False,1.233888864517212,15.699282655303499,36.53077602160571
3.0,-3.0,-3.0,False,2.2171555161476135,24.087873838222887,29.85216878810918
3.0,-31.0,-31.0,False,4.113258823752403,11.574186615347308,23.460697585691594
3.0,46.0,46.0,False,2.8570218086242676,19.445600017845067,21.170981480511113
3.0,-48.0,-48.0,False,3.8309966921806335,18.515164423497577,24.050975169914427
3.0,-34.0,-34.0,False,1.4705161154270172,13.030337221666658,15.653578600762636
3.0,6.0,6.0,False,2.0235751569271088,31.35468295528793,14.98412411094871
3.0,5.0,5.0,False,3.112634241580963,33.94397208812464,24.11075278082796
3.0,59.0,59.0,False,0.8470876216888428,27.39813021663478,27.410317757402368
3.0,-25.0,-25.0,False,3.5331456661224365,34.80100054837196,24.050975169914427
3.0,40.0,40.0,False,3.843184471130371,28.06849473842699,34.256342224097175
3.0,-16.0,-16.0,False,1.5794258117675781,34.733486340918546,4.674526827116739
3.0,-19.0,-19.0,False,1.7033283412456512,12.255675266296434,14.98412411094871
3.0,-28.0,-28.0,False,2.7033852338790894,7.415009417023084,21.50347739198267
3.0,-34.0,-34.0,False,1.2714112997055054,22.66685004253635,17.749326881218007
3.0,8.0,8.0,False,5.228357911109924,14.313099811095869,21.170981480511113
3.0,-4.0,-4.0,False,3.2776378393173218,17.473520900142166,26.41760529817079
3.0,-21.0,-21.0,False,3.112634241580963,18.515164423497577,24.11075278082796
3.0,-10.0,-10.0,False,2.426355868577957,19.708434004523152,25.068048942614315
3.0,-18.0,-18.0,False,2.1178726255893707,35.78205794709068,33.50210775320667
3.0,-19.0,-19.0,False,3.1945232152938843,33.94397208812464,21.38555442392829
3.0,33.0,33.0,False,1.6822614073753357,11.372897656009007,8.331518458786583
3.0,-24.0,-24.0,False,3.1251603960990906,19.708434004523152,24.387142111118727
3.0,-34.0,-34.0,False,1.8064912557601929,27.513876517704556,37.06953890830405
3.0,20.0,20.0,False,4.441148459911346,6.427551953147684,22.10191882679909
3.0,-35.0,-35.0,False,2.9998483061790466,31.82214311241224,36.53077602160571
3.0,-6.0,-6.0,False,1.3244314789772034,25.49692726321591,32.910369760064086
3.0,-43.0,-43.0,False,3.8309966921806335,18.515164423497577,12.903045921609975
3.0,7.0,7.0,False,2.0235751569271088,23.295662124960778,14.98412411094871
3.0,21.0,21.0,False,2.0235751569271088,32.91141081911861,14.98412411094871
3.0,-83.0,-83.0,False,3.027155101299286,22.108152106335908,37.3757470735629
3.0,1.0,1.0,False,3.1079309582710266,28.06849473842699,5.18094459802413
3.0,-57.0,-57.0,False,1.6220495998859406,22.108152106335908,10.92195393502413
3.0,-29.0,-29.0,False,3.52096951007843,34.972176200736094,31.200887814752516
3.0,-23.0,-23.0,False,3.1945232152938843,33.94397208812464,37.3757470735629
3.0,38.0,38.0,False,3.2776378393173218,33.29898623106143,26.41760529817079
3.0,3.0,3.0,True,1.2459309101104736,29.37963551408822,33.50210775320667
3.0,28.0,28.0,False,3.843184471130371,31.351936526316763,34.256342224097175
3.0,1.0,1.0,False,3.2827028632164,32.36990622727532,25.095374257880003
3.0,36.0,36.0,False,1.6822614073753357,11.372897656009007,17.91922906102831
3.0,2.0,2.0,False,5.144967079162598,23.295662124960778,26.5307767396735
3.0,9.0,9.0,False,1.6706708669662476,35.26076295908942,29.998560553031645
3.0,1.0,1.0,False,1.862879902124405,20.920707504825007,24.464996244834488
3.0,54.0,54.0,False,2.3171703815460205,26.325718348049545,24.69625977217237
3.0,9.0,9.0,False,2.350049912929535,12.393772413394146,31.200887814752516
3.0,-44.0,-44.0,False,5.004083186388016,35.78205794709068,18.22651614147689
3.0,-33.0,-33.0,False,1.6817763447761536,8.744844716319943,18.88927523679118
3.0,19.0,19.0,False,3.3984220027923584,15.837420250647442,19.749092274340114
3.0,-61.0,-61.0,False,1.5722265243530273,22.108152106335908,14.207297103697691
3.0,-27.0,-27.0,False,3.425659418106079,34.972176200736094,25.095374257880003
3.0,-47.0,-47.0,False,0.5453740656375885,25.49692726321591,28.65393344913118
3.0,44.0,44.0,False,2.018899619579315,6.427551953147684,8.688702397189342
3.0,11.0,11.0,False,1.580909550189972,14.598702058188339,8.156117171451935
3.0,-11.0,-11.0,False,2.948917508125305,13.030337221666658,17.91922906102831
3.0,44.0,44.0,False,3.214888334274292,6.1943122277549545,8.331518458786583
3.0,-19.0,-19.0,False,2.7033852338790894,14.598702058188339,21.50347739198267
3.0,-38.0,-38.0,False,6.232239186763763,31.149302726766926,14.219505776241622
3.0,-3.0,-3.0,False,5.5622711181640625,21.144264263199005,23.460697585691594
3.0,-6.0,-6.0,False,1.3244314789772034,23.462362138833956,32.910369760064086
3.0,20.0,20.0,False,1.6220495998859406,35.26076295908942,10.92195393502413
3.0,6.0,6.0,False,4.7671732902526855,33.29898623106143,36.40341273700107
3.0,23.0,23.0,False,3.112634241580963,24.127652234960944,24.11075278082796
3.0,-53.0,-53.0,False,1.5037471652030945,21.682084080654388,18.22651614147689
3.0,-19.0,-19.0,False,1.233888864517212,15.699282655303499,23.460697585691594
3.0,-18.0,-18.0,False,4.474137037992477,35.78205794709068,34.354067501359125
3.0,-12.0,-12.0,False,3.5023776292800903,17.291840824337886,21.38555442392829
3.0,-52.0,-52.0,False,4.238134145736694,11.556227348639661,24.050975169914427
3.0,-10.0,-10.0,False,1.7615023851394653,7.7728152845552,26.5307767396735
3.0,20.0,20.0,False,4.441148459911346,6.427551953147684,26.5307767396735
3.0,-50.0,-50.0,False,2.0695550441741943,28.820114552828112,15.699699977267741
3.0,-20.0,-20.0,False,4.408215701580048,21.144264263199005,29.511531531840184
3.0,-3.0,-3.0,False,3.120579272508621,31.351936526316763,21.69531252197881
3.0,-13.0,-13.0,False,1.5037471652030945,21.682084080654388,13.399764335040341
3.0,33.0,33.0,False,2.8411534875631332,17.291840824337886,36.5348562217881
3.0,-3.0,-3.0,False,2.5096392035484314,14.489252908953558,32.46758737400911
3.0,-7.0,-7.0,False,1.3244314789772034,7.415009417023084,32.910369760064086
3.0,-22.0,-22.0,False,1.5794258117675781,34.733486340918546,29.511531531840184
3.0,-1.0,-1.0,False,2.018899619579315,11.574186615347308,8.688702397189342
3.0,-22.0,-22.0,False,4.169380486011505,25.715823483277678,23.460697585691594
3.0,-19.0,-19.0,False,3.2827028632164,32.36990622727532,34.56418802785129
3.0,10.0,10.0,False,1.6220495998859406,17.291840824337886,10.92195393502413
3.0,-57.0,-57.0,False,4.695863902568817,8.270992504929596,33.504158003951865
3.0,1.0,1.0,False,4.30203652381897,29.843911375238598,29.998560553031645
3.0,-38.0,-38.0,False,2.6027947664260864,18.515164423497577,25.092397327948465
3.0,34.0,34.0,False,2.9460976123809814,13.511031341491536,13.399764335040341
3.0,13.0,13.0,False,2.6624786257743835,33.94397208812464,15.41415975997255
3.0,-9.0,-9.0,False,2.1950414776802063,13.030337221666658,26.244687441975795
3.0,-51.0,-51.0,False,4.162864506244659,31.82214311241224,37.3757470735629
3.0,-38.0,-38.0,False,1.7033283412456512,12.255675266296434,18.138123937032162
3.0,18.0,18.0,False,3.6788201928138733,27.39813021663478,28.27572797113035
3.0,-27.0,-27.0,False,2.5940696001052856,31.82214311241224,36.79704119407881
3.0,42.0,42.0,False,1.2881052643060684,23.523962931622762,15.209949494628521
3.0,-3.0,-3.0,False,4.117579698562622,24.127652234960944,34.56418802785129
3.0,3.0,3.0,True,1.7033283412456512,12.255675266296434,24.69625977217237
3.0,-6.0,-6.0,False,3.4230895936489105,13.511031341491536,18.22651614147689
3.0,67.0,67.0,False,0.8470876216888428,5.843127538811253,27.410317757402368
3.0,25.0,25.0,False,1.3244314789772034,19.441087299755857,32.910369760064086
3.0,-3.0,-3.0,False,3.52096951007843,23.295662124960778,31.200887814752516
3.0,-20.0,-20.0,False,2.6641079783439636,31.35468295528793,13.793717261665739
3.0,6.0,6.0,False,2.6027947664260864,6.427551953147684,25.092397327948465
3.0,28.0,28.0,False,1.6049460470676422,31.82214311241224,33.10498778227313
3.0,-24.0,-24.0,False,2.1055375933647156,26.84762777934458,28.129726860410003
3.0,20.0,20.0,False,1.9150481820106506,5.843127538811253,13.887553301278876
3.0,-33.0,-33.0,False,2.0695550441741943,28.820114552828112,23.460697585691594
3.0,-3.0,-3.0,False,5.228357911109924,27.584797600395497,21.170981480511113
3.0,-14.0,-14.0,False,1.2980918288230896,3.380975167039705,21.38555442392829
3.0,-50.0,-50.0,False,1.2714112997055054,17.371804032624258,17.749326881218007
3.0,-13.0,-13.0,False,2.426355868577957,17.473520900142166,25.068048942614315
3.0,-43.0,-43.0,False,3.2331326007843018,26.477792899818954,12.903045921609975
3.0,27.0,27.0,False,2.467828333377838,26.325718348049545,21.69531252197881
3.0,-7.0,-7.0,False,2.3258383870124817,19.592338158271378,5.18094459802413
3.0,12.0,12.0,False,3.3984220027923584,15.837420250647442,33.504158003951865
3.0,2.0,2.0,False,2.8714041709899902,24.127652234960944,33.99730532850971
3.0,-49.0,-49.0,False,4.808223009109497,32.40193593399178,4.674526827116739
3.0,4.0,4.0,False,1.388237476348877,16.47846874715538,24.473902056403983
3.0,-1.0,-1.0,False,2.6605873703956604,29.86099778521027,15.699699977267741
3.0,19.0,19.0,False,2.0235751569271088,31.073999820611757,14.98412411094871
3.0,-37.0,-37.0,False,1.6817763447761536,17.371804032624258,18.88927523679118
3.0,10.0,10.0,False,1.6220495998859406,16.4365618477917,10.92195393502413
3.0,38.0,38.0,False,1.6004957556724548,33.29898623106143,15.209949494628521
3.0,28.0,28.0,False,1.2459309101104736,29.37963551408822,26.244687441975795
3.0,18.0,18.0,False,1.2881052643060684,23.523962931622762,22.10191882679909
3.0,-24.0,-24.0,False,5.524632632732391,16.47846874715538,26.5307767396735
3.0,3.0,3.0,True,3.615839332342148,32.241337655220086,18.138123937032162
3.0,44.0,44.0,False,3.175884425640106,18.575195081464237,33.04178545923674
3.0,11.0,11.0,False,1.9150481820106506,5.843127538811253,36.53077602160571
3.0,-6.0,-6.0,False,3.2827028632164,32.36990622727532,8.431269853369185
3.0,-6.0,-6.0,False,3.615839332342148,32.241337655220086,29.511531531840184
3.0,-19.0,-19.0,False,2.891932249069214,33.54059202632778,30.727162091234025
3.0,17.0,17.0,False,3.112634241580963,33.29898623106143,24.11075278082796
3.0,-54.0,-54.0,False,3.875714063644409,8.744844716319943,18.22651614147689
3.0,-28.0,-28.0,False,3.120579272508621,17.473520900142166,21.69531252197881
3.0,12.0,12.0,False,1.6817763447761536,32.241337655220086,18.88927523679118
3.0,10.0,10.0,False,2.8570218086242676,19.445600017845067,36.53077602160571
3.0,26.0,26.0,False,2.891932249069214,33.54059202632778,33.04178545923674
3.0,31.0,31.0,False,2.543964385986328,28.06849473842699,17.01174745261643
3.0,-9.0,-9.0,False,2.1055375933647156,26.84762777934458,14.219505776241622
3.0,-2.0,-2.0,False,1.6817763447761536,21.144264263199005,18.88927523679118
3.0,-19.0,-19.0,False,5.004083186388016,35.78205794709068,33.504158003951865
3.0,-19.0,-19.0,False,2.8714041709899902,34.80100054837196,33.99730532850971
3.0,-32.0,-32.0,False,2.3173386454582214,23.462362138833956,14.815422735501137
3.0,-47.0,-47.0,False,0.5453740656375885,18.515164423497577,28.65393344913118
3.0,-51.0,-51.0,False,1.5037471652030945,21.682084080654388,24.050975169914427
3.0,41.0,41.0,False,1.651623249053955,27.198448274331646,29.85216878810918
3.0,-50.0,-50.0,False,3.5028025433421135,7.415009417023084,37.3757470735629
3.0,-14.0,-14.0,False,3.2501679062843323,8.744844716319943,30.727162091234025
3.0,-28.0,-28.0,False,2.333035886287689,19.595071507717908,13.887553301278876
3.0,-3.0,-3.0,False,2.513563245534897,17.307033405640468,28.90262494425399
3.0,0.0,0.0,False,6.231924086809158,31.35468295528793,33.504158003951865
3.0,-46.0,-46.0,False,2.6641079783439636,19.708434004523152,13.793717261665739
3.0,8.0,8.0,False,2.018899619579315,25.715823483277678,8.688702397189342
3.0,-9.0,-9.0,False,3.112634241580963,15.57909088048316,24.11075278082796
3.0,-42.0,-42.0,False,2.6003804802894592,23.462362138833956,33.99730532850971
3.0,19.0,19.0,False,1.4705161154270172,35.26076295908942,15.653578600762636
3.0,-40.0,-40.0,False,1.5037471652030945,21.682084080654388,14.219505776241622
3.0,2.0,2.0,False,1.3244314789772034,22.66685004253635,32.910369760064086
3.0,-5.0,-5.0,False,1.9150481820106506,5.843127538811253,37.3757470735629
3.0,-4.0,-4.0,False,1.6822614073753357,11.372897656009007,4.674526827116739
3.0,15.0,15.0,False,2.3258383870124817,19.592338158271378,13.399764335040341
3.0,-20.0,-20.0,False,4.839568138122559,21.144264263199005,34.56418802785129
3.0,39.0,39.0,False,1.4893971681594849,33.29898623106143,27.959886563661737
3.0,3.0,3.0,True,3.843184471130371,19.595071507717908,34.256342224097175
3.0,-37.0,-37.0,False,2.5096392035484314,14.489252908953558,8.431269853369185
3.0,-43.0,-43.0,False,2.891932249069214,33.54059202632778,8.431269853369185
3.0,4.0,4.0,False,1.2881052643060684,23.523962931622762,18.138123937032162
3.0,18.0,18.0,False,1.2881052643060684,23.523962931622762,13.887553301278876
3.0,-32.0,-32.0,False,5.557302236557007,32.40193593399178,26.5307767396735
3.0,-1.0,-1.0,False,2.8714041709899902,32.241337655220086,33.99730532850971
3.0,51.0,51.0,False,1.6049460470676422,31.351936526316763,33.10498778227313
3.0,4.0,4.0,False,1.6520878672599792,23.068434202502253,21.50347739198267
3.0,-50.0,-50.0,False,2.0695550441741943,28.820114552828112,34.56418802785129
3.0,-39.0,-39.0,False,2.4489800930023193,24.542622295571157,25.092397327948465
3.0,31.0,31.0,False,1.2459309101104736,29.37963551408822,24.464996244834488
3.0,1.0,1.0,False,4.441148459911346,6.427551953147684,12.903045921609975
3.0,-24.0,-24.0,False,2.3173386454582214,14.598702058188339,14.815422735501137
3.0,-30.0,-30.0,False,1.6817763447761536,24.542622295571157,18.88927523679118
3.0,20.0,20.0,False,2.1178726255893707,24.127652234960944,33.50210775320667
3.0,-12.0,-12.0,False,2.543964385986328,13.030337221666658,17.01174745261643
3.0,-5.0,-5.0,False,1.2459309101104736,29.37963551408822,14.815422735501137
3.0,40.0,40.0,False,1.580909550189972,11.372897656009007,8.156117171451935
3.0,-3.0,-3.0,False,2.2171555161476135,24.087873838222887,26.41760529817079
3.0,14.0,14.0,False,1.5722265243530273,27.198448274331646,14.207297103697691
3.0,-57.0,-57.0,False,2.2695714235305786,27.513876517704556,24.050975169914427
3.0,-9.0,-9.0,False,2.540506422519684,10.635418440133352,18.22651614147689
3.0,-51.0,-51.0,False,2.2171555161476135,24.087873838222887,24.050975169914427
3.0,-33.0,-33.0,False,2.3173386454582214,31.149302726766926,14.815422735501137
3.0,23.0,23.0,False,3.112634241580963,13.511031341491536,24.11075278082796
3.0,-51.0,-51.0,False,2.2695714235305786,27.513876517704556,33.99730532850971
3.0,-4.0,-4.0,False,1.6004957556724548,8.744844716319943,15.209949494628521
3.0,-16.0,-16.0,False,2.422547996044159,24.17030541441272,21.69531252197881
3.0,-35.0,-35.0,False,1.5037471652030945,21.682084080654388,14.815422735501137
3.0,4.0,4.0,False,2.540506422519684,10.635418440133352,14.219505776241622
3.0,-17.0,-17.0,False,2.5940696001052856,22.66685004253635,36.79704119407881
3.0,0.0,0.0,False,1.580909550189972,28.820114552828112,8.156117171451935
3.0,27.0,27.0,False,2.467828333377838,26.325718348049545,22.10191882679909
3.0,37.0,37.0,False,2.018899619579315,28.869922802580422,8.688702397189342
3.0,-61.0,-61.0,False,3.027155101299286,22.108152106335908,25.095374257880003
3.0,-36.0,-36.0,False,1.233888864517212,15.699282655303499,29.511531531840184
3.0,-9.0,-9.0,False,2.3866533041000366,33.99442138906607,8.431269853369185
1.0,-7.0,-7.0,False,3.140407919883728,23.761026432876587,5.684958172915207
1.0,-10.0,-10.0,False,3.684903144836426,25.77777416495959,13.784125998943441
1.0,17.0,17.0,False,2.573796182870865,22.02459852305198,25.75805545468999
1.0,70.0,70.0,False,1.6985645294189453,14.867943508472939,17.283796733258626
1.0,11.0,11.0,False,2.324254997074604,34.93556740317086,16.82064658832933
1.0,44.0,44.0,False,2.4903668761253357,31.38336981880821,34.30144396264337
1.0,-9.0,-9.0,False,1.637912631034851,19.312253586268028,10.812303133368559
1.0,6.0,6.0,False,3.2302297949790955,25.20030988472429,28.401404392414943
1.0,36.0,36.0,False,2.770187556743622,7.518512131629629,37.39238653564785
1.0,2.0,2.0,False,1.7865239381790161,16.976783607050688,34.65871536938304
1.0,6.0,6.0,False,2.2234342098236084,16.185850788484068,17.41291382921542
1.0,-31.0,-31.0,False,2.8649967908859253,27.854344399987678,16.027644713121415
1.0,14.0,14.0,False,2.3210570216178894,30.930633276084393,15.0380389769402
1.0,47.0,47.0,False,2.646380662918091,20.493746012890593,6.286423407844504
1.0,50.0,50.0,False,2.9567827582359314,26.749602502026427,18.016254820984805
1.0,10.0,10.0,False,3.815837562084198,31.87897571378062,16.95634779995063
1.0,-20.0,-20.0,False,2.2522791028022766,21.680663688607773,19.381839381817475
1.0,-24.0,-24.0,False,3.8400921523571014,28.39319991515784,20.65149591306319
1.0,62.0,62.0,False,3.358773112297058,15.668592023566653,18.016254820984805
1.0,-38.0,-38.0,False,5.024310767650604,10.676207169970654,35.72183848300669
1.0,1.0,1.0,True,2.0112594068050385,6.973225204378284,29.591442690916324
1.0,-15.0,-15.0,False,2.6269367337226868,29.515148233709983,30.656015066632925
1.0,-34.0,-34.0,False,2.5411071181297302,18.218886726612276,26.144991148091616
1.0,-25.0,-25.0,False,3.390621244907379,31.566669453100815,19.057489981240206
1.0,-16.0,-16.0,False,3.9824768900871277,27.297620984754463,26.56501878352536
1.0,-25.0,-25.0,False,4.23931097984314,33.99144064929509,13.156864976441035
1.0,31.0,31.0,False,3.684903144836426,25.77777416495959,16.95634779995063
1.0,10.0,10.0,False,2.2234342098236084,28.52344559121102,17.41291382921542
1.0,10.0,10.0,False,2.498404026031494,15.668592023566653,25.67326253715639
1.0,8.0,8.0,False,2.646380662918091,31.566669453100815,6.286423407844504
1.0,-14.0,-14.0,False,3.174757957458496,6.361703282444854,19.166914393717594
1.0,-40.0,-40.0,False,5.537871301174164,31.566669453100815,5.510134376645804
1.0,0.0,0.0,False,3.300954282283783,14.435607654029132,35.301803724334064
1.0,-32.0,-32.0,False,3.246718108654022,25.14612605934036,6.345107435995754
1.0,-13.0,-13.0,False,1.7244549989700317,17.415009792433555,7.512447200849843
1.0,39.0,39.0,False,3.815837562084198,8.489404750576098,16.95634779995063
1.0,0.0,0.0,False,2.0112594068050385,6.973225204378284,30.656015066632925
1.0,16.0,16.0,False,1.80581796169281,20.493746012890593,30.539611186916886
1.0,-6.0,-6.0,False,2.2522791028022766,21.680663688607773,35.72183848300669
1.0,-26.0,-26.0,False,3.3584072589874268,30.043911458949115,34.29144365061243
1.0,43.0,43.0,False,2.32444167137146,19.312253586268028,19.21685235804192
1.0,8.0,8.0,False,2.324254997074604,18.260034807052946,16.82064658832933
1.0,25.0,25.0,False,3.358773112297058,19.36740908663324,18.016254820984805
1.0,-23.0,-23.0,False,1.80581796169281,19.36740908663324,30.539611186916886
1.0,69.0,69.0,False,3.358773112297058,6.361703282444854,18.016254820984805
1.0,-22.0,-22.0,False,4.967686772346497,30.043911458949115,30.656015066632925
1.0,-58.0,-58.0,False,2.159067451953888,29.005221850423506,22.094464885363408
1.0,-26.0,-26.0,False,2.2522791028022766,21.680663688607773,19.166914393717594
1.0,-37.0,-37.0,False,3.5358769297599792,19.36740908663324,29.591442690916324
1.0,38.0,38.0,False,2.646380662918091,8.489404750576098,6.286423407844504
1.0,19.0,19.0,False,2.6269367337226868,29.515148233709983,21.95546202251436
1.0,12.0,12.0,False,2.9826197624206543,27.638525297072633,16.95634779995063
1.0,17.0,17.0,False,1.7043076753616333,13.521235118631019,9.886134425409068
1.0,-27.0,-27.0,False,3.54693067073822,9.961161340928564,17.616194561298794
1.0,13.0,13.0,False,1.4551259279251099,12.834733234363137,11.51928569936876
1.0,-25.0,-25.0,False,1.5038633346557617,19.312253586268028,15.652482331331008
1.0,-4.0,-4.0,False,4.5018298625946045,20.54780596230415,17.56792455774448
1.0,-38.0,-38.0,False,2.730090856552124,16.13015368999143,12.521573218871074
1.0,-50.0,-50.0,False,4.853034287691116,5.297059722650129,19.381839381817475
1.0,27.0,27.0,False,1.6345978677272797,9.101173543191079,17.616194561298794
1.0,-8.0,-8.0,False,5.0038527846336365,6.361703282444854,19.381839381817475
1.0,3.0,3.0,False,1.5608877539634705,33.321471532450225,6.345107435995754
1.0,2.0,2.0,False,1.5038633346557617,31.38336981880821,15.652482331331008
1.0,-10.0,-10.0,False,2.573845624923706,14.867943508472939,5.684958172915207
1.0,-26.0,-26.0,False,2.2880871295928955,24.628847470315463,16.82064658832933
1.0,17.0,17.0,False,2.5687347054481506,30.043911458949115,19.14299251939613
1.0,-11.0,-11.0,False,1.6345978677272797,9.101173543191079,29.285268078372088
1.0,7.0,7.0,False,4.350481420755386,20.493746012890593,22.094464885363408
1.0,35.0,35.0,False,2.4706369638442993,32.32215163152994,10.813715166373807
1.0,11.0,11.0,False,3.246718108654022,20.493746012890593,6.345107435995754
1.0,-30.0,-30.0,False,3.867150604724884,25.14612605934036,20.65149591306319
1.0,-6.0,-6.0,False,2.8765732049942017,25.549048505709937,17.82915355446834
1.0,11.0,11.0,False,3.612581640481949,30.043911458949115,6.6944264701436635
1.0,-26.0,-26.0,False,0.8101569414138794,21.83394025973381,13.784125998943441
1.0,0.0,0.0,False,2.5851669907569885,13.29313124636667,5.644505653191313
1.0,7.0,7.0,False,2.4903668761253357,22.02459852305198,34.30144396264337
1.0,74.0,74.0,False,1.6985645294189453,18.147326063853658,17.283796733258626
1.0,15.0,15.0,False,2.498404026031494,20.383350931047197,25.67326253715639
1.0,-25.0,-25.0,False,3.390621244907379,19.36740908663324,19.057489981240206
1.0,7.0,7.0,False,2.0112594068050385,6.973225204378284,16.027644713121415
1.0,4.0,4.0,False,2.487267851829529,27.340407301262463,9.886134425409068
1.0,-2.0,-2.0,False,2.8765732049942017,25.549048505709937,5.510134376645804
1.0,-51.0,-51.0,False,1.637912631034851,14.21874409769795,10.812303133368559
1.0,-28.0,-28.0,False,1.6303650736808777,31.31891814525308,28.401404392414943
1.0,-32.0,-32.0,False,1.6743347644805908,27.297620984754463,11.470019194928632
1.0,-41.0,-41.0,False,4.5018298625946045,20.54780596230415,35.72183848300669
1.0,-45.0,-45.0,False,3.831969678401947,25.14612605934036,24.865148539219334
1.0,-11.0,-11.0,False,2.617880880832672,16.13015368999143,17.903115948598035
1.0,-1.0,-1.0,False,3.3838635087013245,7.518512131629629,30.656015066632925
1.0,-50.0,-50.0,False,3.7285558581352234,27.089845862247575,11.928695267718934
1.0,9.0,9.0,False,2.2522791028022766,21.680663688607773,7.919260831402366
1.0,-36.0,-36.0,False,3.2290316224098206,16.976783607050688,21.726333282260164
1.0,5.0,5.0,False,3.3245025277137756,25.14612605934036,25.75805545468999
1.0,-35.0,-35.0,False,3.8393238186836243,6.33060962266511,12.521573218871074
1.0,17.0,17.0,False,3.819090962409973,3.8185192182016565,7.919260831402366
1.0,-65.0,-65.0,False,2.159067451953888,29.005221850423506,8.05889534027647
1.0,30.0,30.0,False,2.2448704540729523,25.428733571057606,19.14299251939613
1.0,1.0,1.0,True,2.3210570216178894,30.930633276084393,25.67326253715639
1.0,-42.0,-42.0,False,6.628302574157715,21.15332010962242,35.72183848300669
1.0,-36.0,-36.0,False,1.6303650736808777,31.31891814525308,35.72183848300669
1.0,-7.0,-7.0,False,0.7908325493335724,14.867943508472939,4.615929033497499
1.0,34.0,34.0,False,3.0666863918304443,6.379064423655132,31.957437879873087
1.0,-3.0,-3.0,False,1.2640658617019653,30.930633276084393,25.298086494337145
1.0,45.0,45.0,False,3.815837562084198,25.20030988472429,16.95634779995063
1.0,10.0,10.0,False,3.0666863918304443,6.379064423655132,26.56501878352536
1.0,-2.0,-2.0,False,2.573845624923706,14.867943508472939,20.65149591306319
1.0,-16.0,-16.0,False,1.5038633346557617,17.415009792433555,15.652482331331008
1.0,8.0,8.0,False,3.831969678401947,19.80050173133401,24.865148539219334
1.0,71.0,71.0,False,1.6985645294189453,26.749602502026427,17.283796733258626
1.0,-2.0,-2.0,False,2.0112594068050385,6.973225204378284,7.512447200849843
1.0,-11.0,-11.0,False,3.050490379333496,28.25771342949115,7.512447200849843
1.0,-28.0,-28.0,False,1.6961322277784348,15.819045841701639,5.510134376645804
1.0,-5.0,-5.0,False,2.573845624923706,14.867943508472939,19.174989803266737
1.0,11.0,11.0,False,4.622734606266022,19.80050173133401,30.656015066632925
1.0,-16.0,-16.0,False,1.362888216972351,20.07417715721179,14.46686424671264
1.0,-57.0,-57.0,False,3.174757957458496,27.089845862247575,19.166914393717594
1.0,42.0,42.0,False,2.4903668761253357,23.398072407060113,34.30144396264337
1.0,8.0,8.0,False,2.795687347650528,10.676207169970654,22.184498672581263
1.0,-8.0,-8.0,False,4.129241168498993,14.435607654029132,21.95546202251436
1.0,-80.0,-80.0,False,2.9182572960853577,9.961161340928564,23.088941865931023
1.0,19.0,19.0,False,1.6961322277784348,15.819045841701639,17.41291382921542
1.0,-36.0,-36.0,False,3.8600403666496277,7.726958446945364,20.537096744230542
1.0,-22.0,-22.0,False,2.7332763075828552,27.340407301262463,5.644505653191313
1.0,43.0,43.0,False,2.5687347054481506,20.383350931047197,19.14299251939613
1.0,0.0,0.0,False,2.0076794624328613,33.118012752991014,17.903115948598035
1.0,-66.0,-66.0,False,3.3584072589874268,9.961161340928564,34.29144365061243
1.0,15.0,15.0,False,1.7225477695465088,19.312253586268028,21.404655452843237
1.0,-8.0,-8.0,False,2.2522791028022766,21.680663688607773,5.510134376645804
1.0,-31.0,-31.0,False,3.325417935848236,27.854344399987678,22.268699010832915
1.0,-38.0,-38.0,False,3.8600403666496277,7.726958446945364,13.784125998943441
1.0,-16.0,-16.0,False,4.587086021900177,16.421269399290725,7.919260831402366
1.0,-20.0,-20.0,False,1.80581796169281,33.118012752991014,30.539611186916886
1.0,2.0,2.0,False,3.701210677623749,29.905493731687468,29.591442690916324
1.0,-35.0,-35.0,False,1.460553228855133,17.159430315035877,26.144991148091616
1.0,-38.0,-38.0,False,3.8600403666496277,7.726958446945364,22.094464885363408
1.0,-20.0,-20.0,False,2.43634569644928,6.33060962266511,23.143213141527262
1.0,6.0,6.0,False,1.2640658617019653,6.379064423655132,25.298086494337145
1.0,-1.0,-1.0,False,1.7244549989700317,17.415009792433555,6.345107435995754
1.0,-17.0,-17.0,False,3.246718108654022,27.297620984754463,6.345107435995754
1.0,-8.0,-8.0,False,3.3657261729240417,23.398072407060113,11.928695267718934
1.0,0.0,0.0,False,3.7285558581352234,27.089845862247575,17.56792455774448
1.0,29.0,29.0,False,1.0613904297351837,18.147326063853658,32.28695010943871
1.0,2.0,2.0,False,1.6743347644805908,16.8704197071736,11.470019194928632
1.0,-24.0,-24.0,False,2.498404026031494,27.638525297072633,25.67326253715639
1.0,5.0,5.0,False,2.109887719154358,34.903948797667965,15.251811842301276
1.0,34.0,34.0,False,2.8765732049942017,25.549048505709937,21.95546202251436
1.0,-4.0,-4.0,False,3.463726669549942,16.185850788484068,31.957437879873087
1.0,62.0,62.0,False,1.6345978677272797,9.101173543191079,19.630096065463018
1.0,-44.0,-44.0,False,6.532543182373047,25.14612605934036,5.510134376645804
1.0,-14.0,-14.0,False,1.5608877539634705,33.321471532450225,16.258465835810846
1.0,13.0,13.0,False,3.54693067073822,30.043911458949115,17.616194561298794
1.0,-61.0,-61.0,False,2.159067451953888,29.005221850423506,26.144991148091616
1.0,28.0,28.0,False,1.362888216972351,12.834733234363137,14.46686424671264
1.0,-34.0,-34.0,False,3.8640218377113342,9.399688003313267,20.65149591306319
1.0,9.0,9.0,False,2.795687347650528,31.87897571378062,22.184498672581263
1.0,48.0,48.0,False,2.795687347650528,3.8185192182016565,22.184498672581263
1.0,3.0,3.0,False,2.8765732049942017,25.549048505709937,26.144991148091616
1.0,-34.0,-34.0,False,3.325417935848236,20.54780596230415,22.268699010832915
1.0,-14.0,-14.0,False,3.2302297949790955,30.043911458949115,28.401404392414943
1.0,12.0,12.0,False,2.3783482909202576,12.834733234363137,30.656015066632925
1.0,-40.0,-40.0,False,2.7332763075828552,20.54780596230415,5.644505653191313
1.0,27.0,27.0,False,3.815837562084198,33.99144064929509,16.95634779995063
1.0,-27.0,-27.0,False,2.551866888999939,14.21874409769795,17.616194561298794
1.0,3.0,3.0,False,2.8178099393844604,20.07417715721179,17.616194561298794
1.0,31.0,31.0,False,1.0613904297351837,9.101173543191079,32.28695010943871
1.0,-34.0,-34.0,False,1.637912631034851,12.111436631458385,10.812303133368559
1.0,-41.0,-41.0,False,1.6486754417419434,35.017141504229,29.285268078372088
1.0,13.0,13.0,False,1.7043076753616333,13.521235118631019,23.143213141527262
1.0,15.0,15.0,False,2.5686932802200317,31.38336981880821,28.401404392414943
1.0,24.0,24.0,False,3.1671906113624573,7.134185759097705,18.016254820984805
1.0,-2.0,-2.0,False,1.7208598256111145,18.147326063853658,28.401404392414943
1.0,-10.0,-10.0,False,1.4551259279251099,17.415009792433555,11.51928569936876
1.0,-42.0,-42.0,False,1.460553228855133,17.159430315035877,34.29144365061243
1.0,24.0,24.0,False,2.109887719154358,34.903948797667965,21.95546202251436
1.0,55.0,55.0,False,1.6345978677272797,9.101173543191079,19.21685235804192
1.0,4.0,4.0,False,3.300954282283783,19.36740908663324,35.301803724334064
1.0,7.0,7.0,False,1.2640658617019653,25.549048505709937,25.298086494337145
1.0,41.0,41.0,False,2.4903668761253357,20.383350931047197,34.30144396264337
1.0,-27.0,-27.0,False,3.2302297949790955,28.52344559121102,28.401404392414943
1.0,16.0,16.0,False,1.362888216972351,25.549048505709937,14.46686424671264
1.0,26.0,26.0,False,3.358773112297058,31.87897571378062,18.016254820984805
1.0,16.0,16.0,False,3.3245025277137756,16.421269399290725,25.75805545468999
1.0,-25.0,-25.0,False,4.034347951412201,9.961161340928564,17.56792455774448
1.0,-11.0,-11.0,False,2.2522791028022766,21.680663688607773,13.156864976441035
1.0,9.0,9.0,False,1.362888216972351,33.321471532450225,14.46686424671264
1.0,-49.0,-49.0,False,5.111356317996979,33.61731335729204,19.381839381817475
1.0,-28.0,-28.0,False,3.9824768900871277,27.297620984754463,8.05889534027647
1.0,24.0,24.0,False,2.6605873703956604,20.208432260906946,27.70040298402895
1.0,8.0,8.0,False,2.2880871295928955,24.628847470315463,35.301803724334064
1.0,-38.0,-38.0,False,2.7767388820648193,19.312253586268028,23.088941865931023
1.0,55.0,55.0,False,2.32444167137146,8.489404750576098,19.21685235804192
1.0,-62.0,-62.0,False,2.551866888999939,14.21874409769795,30.656015066632925
1.0,-23.0,-23.0,False,2.573796182870865,22.02459852305198,16.2854476759893
1.0,7.0,7.0,False,3.0666863918304443,6.379064423655132,12.521573218871074
1.0,39.0,39.0,False,2.3783482909202576,12.834733234363137,9.886134425409068
1.0,15.0,15.0,False,3.667074590921402,18.260034807052946,15.251811842301276
1.0,-4.0,-4.0,False,1.7244549989700317,17.415009792433555,16.027644713121415
1.0,-27.0,-27.0,False,4.445880949497223,10.676207169970654,26.56501878352536
1.0,-8.0,-8.0,False,3.612581640481949,20.54780596230415,6.6944264701436635
1.0,25.0,25.0,False,1.7043076753616333,13.521235118631019,21.404655452843237
1.0,-29.0,-29.0,False,2.573796182870865,22.02459852305198,5.644505653191313
1.0,-30.0,-30.0,False,2.7332763075828552,16.421269399290725,5.644505653191313
1.0,-48.0,-48.0,False,5.06681764125824,33.61731335729204,11.928695267718934
1.0,-30.0,-30.0,False,3.684903144836426,25.77777416495959,19.381839381817475
1.0,-37.0,-37.0,False,4.894083797931671,28.52344559121102,5.510134376645804
1.0,15.0,15.0,False,1.80581796169281,6.973225204378284,30.539611186916886
1.0,23.0,23.0,False,1.7043076753616333,13.521235118631019,6.6944264701436635
1.0,-18.0,-18.0,False,3.684903144836426,25.77777416495959,7.512447200849843
1.0,54.0,54.0,False,2.3783482909202576,12.834733234363137,35.301803724334064
1.0,-30.0,-30.0,False,3.5358769297599792,19.36740908663324,20.537096744230542
1.0,19.0,19.0,False,1.6345978677272797,9.101173543191079,9.886134425409068
1.0,-6.0,-6.0,False,1.5038633346557617,15.668592023566653,15.652482331331008
1.0,-8.0,-8.0,False,3.2290316224098206,8.489404750576098,21.726333282260164
1.0,29.0,29.0,False,2.9567827582359314,26.749602502026427,35.301803724334064
1.0,49.0,49.0,False,2.573845624923706,14.867943508472939,18.016254820984805
1.0,-43.0,-43.0,False,4.100457787513733,16.185850788484068,7.67611347285172
1.0,-11.0,-11.0,False,2.487267851829529,19.36740908663324,9.886134425409068
1.0,-53.0,-53.0,False,2.9182572960853577,28.52344559121102,23.088941865931023
1.0,-40.0,-40.0,False,1.6486754417419434,31.87897571378062,29.285268078372088
1.0,-27.0,-27.0,False,3.8811795115470886,16.421269399290725,5.684958172915207
1.0,-12.0,-12.0,False,2.109887719154358,34.903948797667965,5.510134376645804
1.0,-34.0,-34.0,False,2.0076794624328613,33.118012752991014,29.591442690916324
1.0,52.0,52.0,False,2.32444167137146,23.761026432876587,19.21685235804192
1.0,-34.0,-34.0,False,3.8811795115470886,10.676207169970654,5.684958172915207
1.0,-29.0,-29.0,False,2.5411071181297302,18.218886726612276,12.521573218871074
1.0,38.0,38.0,False,2.5687347054481506,6.379064423655132,19.14299251939613
1.0,3.0,3.0,False,1.6303650736808777,31.31891814525308,19.14299251939613
1.0,4.0,4.0,False,3.701210677623749,29.905493731687468,26.144991148091616
1.0,4.0,4.0,False,3.140407919883728,23.761026432876587,15.251811842301276
1.0,29.0,29.0,False,4.021404147148132,20.54780596230415,19.630096065463018
1.0,-13.0,-13.0,False,3.8640218377113342,9.399688003313267,10.813715166373807
1.0,-5.0,-5.0,False,4.9025349617004395,31.566669453100815,10.813715166373807
1.0,-4.0,-4.0,False,1.0613904297351837,6.33060962266511,32.28695010943871
1.0,6.0,6.0,False,1.7865239381790161,20.07417715721179,34.65871536938304
1.0,-12.0,-12.0,False,2.2522791028022766,21.680663688607773,17.82915355446834
1.0,-40.0,-40.0,False,5.024310767650604,10.676207169970654,5.510134376645804
1.0,-5.0,-5.0,False,2.9567827582359314,26.749602502026427,20.537096744230542
1.0,7.0,7.0,False,2.8678463101387024,20.383350931047197,26.144991148091616
1.0,28.0,28.0,False,4.021404147148132,14.435607654029132,19.630096065463018
1.0,-13.0,-13.0,False,1.2640658617019653,33.99144064929509,25.298086494337145
1.0,27.0,27.0,False,1.7043076753616333,13.521235118631019,17.56792455774448
1.0,-38.0,-38.0,False,1.9487190544605255,24.194594572438245,13.784125998943441
1.0,48.0,48.0,False,1.6985645294189453,5.297059722650129,17.283796733258626
1.0,47.0,47.0,False,3.300954282283783,23.398072407060113,35.301803724334064
1.0,36.0,36.0,False,3.41544571518898,15.668592023566653,17.56792455774448
1.0,-35.0,-35.0,False,2.8649967908859253,21.15332010962242,16.027644713121415
1.0,13.0,13.0,False,3.276279628276825,7.518512131629629,27.70040298402895
1.0,-14.0,-14.0,False,3.140407919883728,23.761026432876587,24.865148539219334
1.0,-1.0,-1.0,False,1.6303650736808777,31.31891814525308,31.957437879873087
1.0,27.0,27.0,False,2.3210570216178894,30.930633276084393,37.39238653564785
1.0,-34.0,-34.0,False,2.2880871295928955,24.628847470315463,35.72183848300669
1.0,46.0,46.0,False,3.54693067073822,19.80050173133401,17.616194561298794
1.0,-42.0,-42.0,False,3.3584072589874268,10.676207169970654,34.29144365061243
1.0,-35.0,-35.0,False,2.7332763075828552,16.976783607050688,5.644505653191313
1.0,9.0,9.0,False,2.324254997074604,29.905493731687468,16.82064658832933
1.0,-24.0,-24.0,False,2.2522791028022766,21.680663688607773,23.088941865931023
1.0,41.0,41.0,False,2.4781349301338196,18.495946955677383,6.286423407844504
1.0,8.0,8.0,False,3.54693067073822,27.297620984754463,17.616194561298794
1.0,-2.0,-2.0,False,2.3210570216178894,30.930633276084393,20.537096744230542
1.0,-10.0,-10.0,False,2.2522791028022766,21.680663688607773,7.67611347285172
1.0,34.0,34.0,False,2.487267851829529,16.8704197071736,9.886134425409068
1.0,-30.0,-30.0,False,2.2880871295928955,24.628847470315463,5.684958172915207
1.0,46.0,46.0,False,1.0613904297351837,31.38336981880821,32.28695010943871
1.0,-23.0,-23.0,False,3.390621244907379,16.976783607050688,19.057489981240206
1.0,14.0,14.0,False,1.80581796169281,7.518512131629629,30.539611186916886
1.0,-51.0,-51.0,False,3.982268750667572,35.017141504229,11.928695267718934
1.0,-25.0,-25.0,False,3.1671906113624573,7.134185759097705,27.70040298402895
1.0,23.0,23.0,False,4.587086021900177,27.07901591196244,7.919260831402366
1.0,3.0,3.0,False,3.3657261729240417,23.398072407060113,5.510134376645804
1.0,25.0,25.0,False,3.0735420286655426,29.905493731687468,15.0380389769402
1.0,-38.0,-38.0,False,3.8640218377113342,9.399688003313267,12.521573218871074
1.0,-34.0,-34.0,False,3.4266277551651,6.33060962266511,19.174989803266737
1.0,-39.0,-39.0,False,1.6303650736808777,31.31891814525308,29.285268078372088
1.0,41.0,41.0,False,1.0613904297351837,3.8185192182016565,32.28695010943871
1.0,23.0,23.0,False,2.43634569644928,18.260034807052946,23.143213141527262
1.0,-38.0,-38.0,False,5.05952188372612,11.934899970707379,19.22885367433926
1.0,6.0,6.0,False,6.240447163581848,27.07901591196244,5.510134376645804
1.0,4.0,4.0,False,4.3308225274086,24.63892116231524,35.72183848300669
1.0,40.0,40.0,False,2.5687347054481506,20.493746012890593,19.14299251939613
1.0,-2.0,-2.0,False,4.113011717796326,16.185850788484068,17.56792455774448
1.0,-35.0,-35.0,False,0.7908325493335724,25.14612605934036,4.615929033497499
1.0,-2.0,-2.0,False,2.9567827582359314,26.749602502026427,26.56501878352536
1.0,12.0,12.0,False,3.463726669549942,27.340407301262463,31.957437879873087
1.0,34.0,34.0,False,2.5851669907569885,13.29313124636667,31.957437879873087
1.0,-56.0,-56.0,False,6.125771224498749,21.15332010962242,19.381839381817475
1.0,-8.0,-8.0,False,2.32444167137146,12.141090020856087,19.21685235804192
1.0,-10.0,-10.0,False,1.6345978677272797,9.101173543191079,7.512447200849843
1.0,-37.0,-37.0,False,4.711972177028656,28.52344559121102,7.512447200849843
1.0,-27.0,-27.0,False,4.445880949497223,31.566669453100815,26.56501878352536
1.0,16.0,16.0,False,2.6605873703956604,20.208432260906946,22.094464885363408
1.0,28.0,28.0,False,3.050490379333496,28.25771342949115,17.56792455774448
1.0,2.0,2.0,False,3.815837562084198,12.111436631458385,16.95634779995063
2.0,-41.0,-41.0,False,3.8393238186836243,6.33060962266511,29.998560553031645
2.0,-11.0,-11.0,False,2.8765732049942017,25.549048505709937,15.699699977267741
2.0,12.0,12.0,False,1.580909550189972,27.297620984754463,8.156117171451935
2.0,49.0,49.0,False,1.4893971681594849,12.834733234363137,27.959886563661737
2.0,41.0,41.0,False,1.580909550189972,32.32215163152994,8.156117171451935
2.0,25.0,25.0,False,1.6773176193237305,13.521235118631019,21.077177101352248
2.0,25.0,25.0,False,1.5608877539634705,33.321471532450225,8.331518458786583
2.0,-44.0,-44.0,False,4.113011717796326,16.185850788484068,4.674526827116739
2.0,39.0,39.0,False,2.8678463101387024,20.383350931047197,17.91922906102831
2.0,-3.0,-3.0,False,1.862879902124405,6.33060962266511,24.464996244834488
2.0,14.0,14.0,False,2.4706369638442993,32.32215163152994,21.69531252197881
2.0,-33.0,-33.0,False,1.7847826480865479,19.36740908663324,33.23112653415567
2.0,10.0,10.0,False,2.5686932802200317,31.38336981880821,36.53077602160571
2.0,34.0,34.0,False,0.8101569414138794,21.83394025973381,33.10498778227313
2.0,-34.0,-34.0,False,1.8064912557601929,12.111436631458385,37.06953890830405
2.0,40.0,40.0,False,1.6773176193237305,23.398072407060113,21.077177101352248
2.0,9.0,9.0,False,4.029255390167236,34.93556740317086,23.460697585691594
2.0,25.0,25.0,False,2.5686932802200317,31.38336981880821,28.27572797113035
2.0,-49.0,-49.0,False,3.8600403666496277,7.726958446945364,4.674526827116739
2.0,8.0,8.0,False,0.8101569414138794,21.83394025973381,24.464996244834488
2.0,-11.0,-11.0,False,2.426355868577957,27.854344399987678,25.068048942614315
2.0,51.0,51.0,False,2.3171703815460205,12.834733234363137,24.69625977217237
2.0,-49.0,-49.0,False,1.2714112997055054,6.33060962266511,17.749326881218007
2.0,-2.0,-2.0,False,2.583752155303955,35.017141504229,32.46758737400911
2.0,17.0,17.0,False,3.112634241580963,3.8185192182016565,24.11075278082796
2.0,-52.0,-52.0,False,4.403007447719574,20.54780596230415,15.699699977267741
2.0,3.0,3.0,False,1.7847826480865479,25.20030988472429,33.23112653415567
2.0,4.0,4.0,False,1.5722265243530273,18.495946955677383,14.207297103697691
2.0,-8.0,-8.0,False,2.6641079783439636,20.493746012890593,13.793717261665739
2.0,26.0,26.0,False,2.948917508125305,28.25771342949115,17.91922906102831
2.0,-20.0,-20.0,False,4.405576705932617,30.043911458949115,8.431269853369185
2.0,-59.0,-59.0,False,4.6660721600055695,11.934899970707379,37.3757470735629
2.0,1.0,1.0,False,1.862879902124405,16.185850788484068,24.464996244834488
2.0,15.0,15.0,False,1.7244549989700317,17.415009792433555,13.399764335040341
2.0,16.0,16.0,False,2.7033852338790894,16.8704197071736,21.50347739198267
2.0,-73.0,-73.0,False,0.5453740656375885,14.21874409769795,28.65393344913118
2.0,-51.0,-51.0,False,2.551866888999939,14.21874409769795,36.79704119407881
2.0,25.0,25.0,False,1.6004957556724548,23.761026432876587,15.209949494628521
2.0,-1.0,-1.0,False,3.2776378393173218,31.87897571378062,26.41760529817079
2.0,12.0,12.0,False,1.4705161154270172,6.973225204378284,15.653578600762636
2.0,-3.0,-3.0,False,2.5851669907569885,13.29313124636667,18.138123937032162
2.0,-67.0,-67.0,False,2.551866888999939,14.21874409769795,4.674526827116739
2.0,-29.0,-29.0,False,2.0076794624328613,33.118012752991014,23.460697585691594
2.0,-12.0,-12.0,False,2.9460976123809814,31.566669453100815,13.399764335040341
2.0,-1.0,-1.0,False,3.5023776292800903,27.07901591196244,21.38555442392829
2.0,-24.0,-24.0,False,1.6817763447761536,16.421269399290725,18.88927523679118
2.0,-46.0,-46.0,False,2.6027947664260864,7.726958446945364,25.092397327948465
2.0,35.0,35.0,False,2.018899619579315,6.379064423655132,8.688702397189342
2.0,-25.0,-25.0,False,3.1251603960990906,19.36740908663324,24.387142111118727
2.0,-58.0,-58.0,False,3.8600403666496277,7.726958446945364,18.22651614147689
2.0,-34.0,-34.0,False,1.4705161154270172,16.13015368999143,15.653578600762636
2.0,-59.0,-59.0,False,3.8393238186836243,6.33060962266511,28.129726860410003
2.0,21.0,21.0,False,2.0235751569271088,20.383350931047197,14.98412411094871
2.0,0.0,0.0,False,2.2522791028022766,21.680663688607773,23.460697585691594
2.0,-34.0,-34.0,False,2.333035886287689,16.13015368999143,13.887553301278876
2.0,-47.0,-47.0,False,2.6641079783439636,10.676207169970654,13.793717261665739
2.0,-33.0,-33.0,False,4.408215701580048,30.043911458949115,29.511531531840184
2.0,30.0,30.0,False,3.175884425640106,20.54780596230415,33.04178545923674
2.0,17.0,17.0,False,3.0666863918304443,6.379064423655132,28.27572797113035
2.0,-46.0,-46.0,False,2.9826197624206543,27.638525297072633,34.56418802785129
2.0,2.0,2.0,True,1.7043076753616333,13.521235118631019,34.354067501359125
2.0,0.0,0.0,False,1.6303650736808777,31.31891814525308,8.688702397189342
2.0,-64.0,-64.0,False,4.034347951412201,9.961161340928564,18.138123937032162
2.0,-19.0,-19.0,False,3.1079309582710266,27.340407301262463,5.18094459802413
2.0,1.0,1.0,False,2.018899619579315,28.52344559121102,8.688702397189342
2.0,-30.0,-30.0,False,2.159067451953888,29.005221850423506,28.90262494425399
2.0,-1.0,-1.0,False,3.04156032204628,33.61731335729204,28.90262494425399
2.0,6.0,6.0,False,3.41544571518898,15.668592023566653,31.200887814752516
2.0,33.0,33.0,False,1.460553228855133,17.159430315035877,33.04178545923674
2.0,-7.0,-7.0,False,4.3308225274086,24.63892116231524,29.511531531840184
2.0,1.0,1.0,False,1.8064912557601929,30.930633276084393,37.06953890830405
2.0,2.0,2.0,True,3.667074590921402,18.260034807052946,8.431269853369185
2.0,-1.0,-1.0,False,4.734961152076721,31.87897571378062,29.85216878810918
2.0,-10.0,-10.0,False,3.214888334274292,14.435607654029132,8.331518458786583
2.0,36.0,36.0,False,2.583752155303955,18.260034807052946,32.46758737400911
2.0,-5.0,-5.0,False,1.5608877539634705,33.321471532450225,8.431269853369185
2.0,-6.0,-6.0,False,1.3244314789772034,31.31891814525308,32.910369760064086
2.0,-38.0,-38.0,False,1.2714112997055054,20.07417715721179,17.749326881218007
2.0,2.0,2.0,True,5.205319106578827,25.20030988472429,36.40341273700107
2.0,59.0,59.0,False,0.8470876216888428,18.260034807052946,27.410317757402368
2.0,35.0,35.0,False,1.6004957556724548,7.518512131629629,15.209949494628521
2.0,0.0,0.0,False,4.350481420755386,20.493746012890593,25.340665090935886
2.0,13.0,13.0,False,4.018531918525696,21.049646298479143,29.998560553031645
2.0,47.0,47.0,False,2.1950414776802063,20.208432260906946,26.244687441975795
2.0,-6.0,-6.0,False,2.9998483061790466,28.25771342949115,36.53077602160571
2.0,-32.0,-32.0,False,1.3244314789772034,9.961161340928564,32.910369760064086
2.0,11.0,11.0,False,2.6269367337226868,29.515148233709983,30.727162091234025
2.0,20.0,20.0,False,2.583752155303955,25.77777416495959,32.46758737400911
2.0,0.0,0.0,False,2.583752155303955,16.976783607050688,32.46758737400911
2.0,-42.0,-42.0,False,2.730090856552124,16.13015368999143,5.18094459802413
2.0,1.0,1.0,False,1.388237476348877,7.134185759097705,24.473902056403983
2.0,-1.0,-1.0,False,4.408215701580048,36.644787751607346,29.511531531840184
2.0,-16.0,-16.0,False,5.205319106578827,25.20030988472429,18.22651614147689
2.0,-21.0,-21.0,False,1.7043076753616333,13.521235118631019,29.511531531840184
2.0,29.0,29.0,False,1.7043076753616333,13.521235118631019,21.170981480511113
2.0,14.0,14.0,False,1.6817763447761536,31.38336981880821,18.88927523679118
2.0,29.0,29.0,False,1.580909550189972,34.903948797667965,8.156117171451935
2.0,36.0,36.0,False,2.0112594068050385,6.973225204378284,36.5348562217881
2.0,10.0,10.0,False,3.425659418106079,20.493746012890593,25.095374257880003
2.0,6.0,6.0,False,1.6817763447761536,7.518512131629629,18.88927523679118
2.0,16.0,16.0,False,2.018899619579315,33.99144064929509,8.688702397189342
2.0,-21.0,-21.0,False,1.6345978677272797,9.101173543191079,37.3757470735629
2.0,41.0,41.0,False,3.2776378393173218,23.398072407060113,26.41760529817079
2.0,35.0,35.0,False,2.426355868577957,27.07901591196244,25.068048942614315
2.0,-15.0,-15.0,False,3.41544571518898,15.668592023566653,18.22651614147689
2.0,3.0,3.0,False,1.580909550189972,5.297059722650129,8.156117171451935
2.0,-10.0,-10.0,False,3.2501679062843323,5.297059722650129,30.727162091234025
2.0,-9.0,-9.0,False,3.819090962409973,3.8185192182016565,34.56418802785129
2.0,-14.0,-14.0,False,3.684903144836426,25.77777416495959,11.345786718374804
2.0,29.0,29.0,False,3.2501679062843323,34.93556740317086,30.727162091234025
2.0,-23.0,-23.0,False,3.1251603960990906,5.297059722650129,24.387142111118727
2.0,64.0,64.0,False,0.8470876216888428,23.398072407060113,27.410317757402368
2.0,-38.0,-38.0,False,4.853034287691116,5.297059722650129,18.138123937032162
2.0,-17.0,-17.0,False,1.7208598256111145,18.147326063853658,12.903045921609975
2.0,-13.0,-13.0,False,3.425659418106079,30.043911458949115,25.095374257880003
2.0,-3.0,-3.0,False,3.0666863918304443,6.379064423655132,18.138123937032162
2.0,16.0,16.0,False,2.583752155303955,19.312253586268028,32.46758737400911
2.0,-16.0,-16.0,False,2.0112594068050385,6.973225204378284,28.129726860410003
2.0,11.0,11.0,False,2.5940696001052856,25.549048505709937,36.79704119407881
2.0,-29.0,-29.0,False,2.9826197624206543,27.638525297072633,23.460697585691594
2.0,26.0,26.0,False,2.3210570216178894,30.930633276084393,29.85216878810918
2.0,13.0,13.0,False,2.1178726255893707,20.493746012890593,33.50210775320667
2.0,-48.0,-48.0,False,0.8101569414138794,21.83394025973381,28.129726860410003
2.0,-33.0,-33.0,False,2.9826197624206543,27.638525297072633,11.345786718374804
2.0,-59.0,-59.0,False,3.6829899549484253,12.141090020856087,26.5307767396735
2.0,-27.0,-27.0,False,2.9567827582359314,26.749602502026427,18.22651614147689
2.0,1.0,1.0,False,3.2776378393173218,28.52344559121102,26.41760529817079
2.0,-28.0,-28.0,False,0.8101569414138794,21.83394025973381,5.18094459802413
2.0,47.0,47.0,False,2.8678463101387024,20.383350931047197,34.256342224097175
2.0,31.0,31.0,False,1.862879902124405,25.428733571057606,24.464996244834488
2.0,5.0,5.0,False,2.426355868577957,30.043911458949115,25.068048942614315
2.0,-2.0,-2.0,False,3.2776378393173218,31.566669453100815,26.41760529817079
2.0,-28.0,-28.0,False,2.8178099393844604,20.07417715721179,5.18094459802413
2.0,-18.0,-18.0,False,2.6624786257743835,20.54780596230415,15.41415975997255
2.0,10.0,10.0,False,1.6961322277784348,15.819045841701639,26.41760529817079
2.0,33.0,33.0,False,1.580909550189972,21.680663688607773,8.156117171451935
2.0,-73.0,-73.0,False,4.034347951412201,9.961161340928564,34.56418802785129
2.0,-8.0,-8.0,False,3.0666863918304443,6.379064423655132,12.903045921609975
2.0,-13.0,-13.0,False,2.6269367337226868,29.515148233709983,11.345786718374804
2.0,21.0,21.0,False,1.6049460470676422,12.111436631458385,33.10498778227313
2.0,-3.0,-3.0,False,0.8470876216888428,14.21874409769795,27.410317757402368
2.0,-6.0,-6.0,False,1.862879902124405,11.934899970707379,24.464996244834488
2.0,4.0,4.0,False,1.580909550189972,33.61731335729204,8.156117171451935
2.0,44.0,44.0,False,2.543964385986328,36.644787751607346,17.01174745261643
2.0,-33.0,-33.0,False,2.0076794624328613,33.118012752991014,29.998560553031645
2.0,-38.0,-38.0,False,3.9824768900871277,27.297620984754463,34.56418802785129
2.0,-3.0,-3.0,False,1.6004957556724548,16.185850788484068,15.209949494628521
2.0,29.0,29.0,False,1.7043076753616333,13.521235118631019,24.69625977217237
2.0,-50.0,-50.0,False,3.1671906113624573,7.134185759097705,29.511531531840184
2.0,24.0,24.0,False,2.9460976123809814,25.20030988472429,13.399764335040341
2.0,6.0,6.0,False,2.9998483061790466,34.93556740317086,36.53077602160571
2.0,2.0,2.0,True,2.109887719154358,34.903948797667965,13.887553301278876
2.0,-34.0,-34.0,False,4.408215701580048,27.340407301262463,29.511531531840184
2.0,-4.0,-4.0,False,3.214888334274292,5.297059722650129,8.331518458786583
2.0,13.0,13.0,False,3.120579272508621,29.905493731687468,21.69531252197881
2.0,18.0,18.0,False,2.4781349301338196,18.495946955677383,15.41415975997255
2.0,42.0,42.0,False,1.3244314789772034,12.834733234363137,32.910369760064086
2.0,1.0,1.0,False,2.583752155303955,33.61731335729204,32.46758737400911
2.0,-14.0,-14.0,False,1.3244314789772034,24.194594572438245,32.910369760064086
2.0,12.0,12.0,False,2.0112594068050385,6.973225204378284,13.887553301278876
2.0,-41.0,-41.0,False,2.573796182870865,22.02459852305198,29.511531531840184
2.0,42.0,42.0,False,3.41544571518898,15.668592023566653,34.256342224097175
2.0,-48.0,-48.0,False,4.478660821914673,20.54780596230415,12.903045921609975
2.0,11.0,11.0,False,2.4706369638442993,32.32215163152994,21.50347739198267
2.0,-46.0,-46.0,False,0.5453740656375885,28.52344559121102,28.65393344913118
2.0,-4.0,-4.0,False,3.684903144836426,25.77777416495959,26.5307767396735
2.0,-1.0,-1.0,False,2.543964385986328,27.638525297072633,17.01174745261643
2.0,31.0,31.0,False,2.1950414776802063,21.680663688607773,26.244687441975795
2.0,27.0,27.0,False,2.583752155303955,28.25771342949115,32.46758737400911
2.0,18.0,18.0,False,2.0235751569271088,29.905493731687468,14.98412411094871
2.0,-31.0,-31.0,False,1.6817763447761536,27.854344399987678,18.88927523679118
2.0,40.0,40.0,False,1.3244314789772034,36.644787751607346,32.910369760064086
2.0,-58.0,-58.0,False,2.3173386454582214,9.961161340928564,14.815422735501137
2.0,32.0,32.0,False,3.175884425640106,16.185850788484068,33.04178545923674
2.0,4.0,4.0,False,2.4781349301338196,18.495946955677383,25.095374257880003
2.0,-10.0,-10.0,False,3.701210677623749,29.905493731687468,15.699699977267741
2.0,-6.0,-6.0,False,3.701210677623749,29.905493731687468,12.903045921609975
2.0,-5.0,-5.0,False,1.5722265243530273,14.867943508472939,14.207297103697691
2.0,-23.0,-23.0,False,1.6961322277784348,15.819045841701639,36.53077602160571
2.0,-1.0,-1.0,False,2.583752155303955,31.87897571378062,32.46758737400911
2.0,-52.0,-52.0,False,1.2714112997055054,16.13015368999143,17.749326881218007
2.0,12.0,12.0,False,4.405576705932617,36.644787751607346,8.431269853369185
2.0,-47.0,-47.0,False,3.8640218377113342,9.399688003313267,14.219505776241622
2.0,19.0,19.0,False,2.543964385986328,29.515148233709983,17.01174745261643
2.0,15.0,15.0,False,1.7847826480865479,20.208432260906946,33.23112653415567
2.0,-21.0,-21.0,False,2.4781349301338196,18.495946955677383,28.129726860410003
2.0,4.0,4.0,False,2.3171703815460205,28.52344559121102,24.69625977217237
2.0,34.0,34.0,False,1.388237476348877,21.680663688607773,24.473902056403983
2.0,-12.0,-12.0,False,2.4706369638442993,32.32215163152994,18.22651614147689
2.0,-6.0,-6.0,False,1.6345978677272797,9.101173543191079,29.998560553031645
2.0,8.0,8.0,False,3.0666863918304443,6.379064423655132,25.095374257880003
2.0,43.0,43.0,False,2.583752155303955,16.8704197071736,32.46758737400911
2.0,-29.0,-29.0,False,1.460553228855133,17.159430315035877,14.207297103697691
2.0,-10.0,-10.0,False,2.426355868577957,18.218886726612276,25.068048942614315
2.0,-22.0,-22.0,False,1.6961322277784348,15.819045841701639,5.18094459802413
2.0,43.0,43.0,False,1.4893971681594849,6.361703282444854,27.959886563661737
2.0,-45.0,-45.0,False,2.0235751569271088,14.21874409769795,14.98412411094871
2.0,4.0,4.0,False,2.948917508125305,16.421269399290725,17.91922906102831
2.0,-19.0,-19.0,False,3.120579272508621,16.421269399290725,21.69531252197881
2.0,-33.0,-33.0,False,5.697363376617432,12.111436631458385,26.5307767396735
2.0,-25.0,-25.0,False,2.6641079783439636,25.77777416495959,13.793717261665739
2.0,-38.0,-38.0,False,2.9998483061790466,20.54780596230415,36.53077602160571
2.0,-6.0,-6.0,False,2.6641079783439636,34.93556740317086,13.793717261665739
2.0,-20.0,-20.0,False,1.6817763447761536,27.297620984754463,18.88927523679118
2.0,-3.0,-3.0,False,1.6220495998859406,25.77777416495959,10.92195393502413
2.0,0.0,0.0,False,2.5940696001052856,23.761026432876587,36.79704119407881
2.0,10.0,10.0,False,2.4781349301338196,18.495946955677383,24.11075278082796
2.0,-30.0,-30.0,False,2.551866888999939,14.21874409769795,8.331518458786583
2.0,-26.0,-26.0,False,2.573845624923706,14.867943508472939,24.050975169914427
2.0,-23.0,-23.0,False,2.1178726255893707,33.61731335729204,33.50210775320667
2.0,-18.0,-18.0,False,2.573796182870865,22.02459852305198,26.5307767396735
2.0,-5.0,-5.0,False,1.6004957556724548,20.54780596230415,15.209949494628521
2.0,14.0,14.0,False,2.4706369638442993,32.32215163152994,26.5307767396735
2.0,28.0,28.0,False,2.9460976123809814,3.8185192182016565,13.399764335040341
2.0,-8.0,-8.0,False,3.04156032204628,14.435607654029132,28.90262494425399
2.0,30.0,30.0,False,1.388237476348877,13.521235118631019,24.473902056403983
2.0,31.0,31.0,False,1.862879902124405,28.25771342949115,24.464996244834488
2.0,16.0,16.0,False,1.7043076753616333,13.521235118631019,30.727162091234025
2.0,-44.0,-44.0,False,3.5023776292800903,28.52344559121102,21.38555442392829
2.0,-7.0,-7.0,False,2.3171703815460205,9.399688003313267,24.69625977217237
2.0,-4.0,-4.0,False,1.388237476348877,7.726958446945364,24.473902056403983
2.0,-82.0,-82.0,False,3.6829899549484253,12.141090020856087,15.699699977267741
2.0,-3.0,-3.0,False,4.408215701580048,27.07901591196244,29.511531531840184
2.0,-2.0,-2.0,False,2.583752155303955,19.36740908663324,32.46758737400911
2.0,17.0,17.0,False,2.2448704540729523,25.428733571057606,30.727162091234025
2.0,36.0,36.0,False,1.3244314789772034,6.361703282444854,32.910369760064086
2.0,-44.0,-44.0,False,0.8101569414138794,21.83394025973381,24.050975169914427
2.0,-34.0,-34.0,False,3.52096951007843,20.54780596230415,31.200887814752516
2.0,24.0,24.0,False,3.2501679062843323,25.20030988472429,30.727162091234025
2.0,39.0,39.0,False,2.8570218086242676,16.8704197071736,8.331518458786583
2.0,37.0,37.0,False,1.3244314789772034,31.38336981880821,32.910369760064086
2.0,-41.0,-41.0,False,1.7847826480865479,16.13015368999143,33.23112653415567
2.0,-49.0,-49.0,False,2.159067451953888,29.005221850423506,24.11075278082796
2.0,-31.0,-31.0,False,2.730090856552124,16.13015368999143,24.11075278082796
2.0,45.0,45.0,False,3.819090962409973,3.8185192182016565,34.256342224097175
2.0,-27.0,-27.0,False,2.1178726255893707,16.185850788484068,33.50210775320667
2.0,6.0,6.0,False,2.5851669907569885,13.29313124636667,31.200887814752516
2.0,-14.0,-14.0,False,1.6961322277784348,15.819045841701639,33.50210775320667
2.0,-68.0,-68.0,False,1.2714112997055054,9.961161340928564,17.749326881218007
2.0,-5.0,-5.0,False,1.580909550189972,7.726958446945364,8.156117171451935
2.0,11.0,11.0,False,1.4705161154270172,6.379064423655132,15.653578600762636
2.0,-39.0,-39.0,False,3.982268750667572,35.017141504229,25.340665090935886
2.0,27.0,27.0,False,2.018899619579315,25.428733571057606,8.688702397189342
2.0,2.0,2.0,True,0.8101569414138794,21.83394025973381,28.90262494425399
2.0,23.0,23.0,False,1.6049460470676422,6.33060962266511,33.10498778227313
2.0,-24.0,-24.0,False,2.109887719154358,34.903948797667965,18.22651614147689
2.0,-33.0,-33.0,False,1.7847826480865479,35.017141504229,33.23112653415567
2.0,-53.0,-53.0,False,0.5453740656375885,25.14612605934036,28.65393344913118
2.0,24.0,24.0,False,1.6220495998859406,19.80050173133401,10.92195393502413
2.0,-3.0,-3.0,False,1.4705161154270172,29.515148233709983,15.653578600762636
2.0,-46.0,-46.0,False,3.5023776292800903,31.87897571378062,21.38555442392829
2.0,-49.0,-49.0,False,1.6220495998859406,14.21874409769795,10.92195393502413
2.0,46.0,46.0,False,1.580909550189972,31.38336981880821,8.156117171451935
2.0,-7.0,-7.0,False,3.214888334274292,16.185850788484068,8.331518458786583
2.0,17.0,17.0,False,2.5851669907569885,13.29313124636667,28.27572797113035
2.0,29.0,29.0,False,2.573845624923706,14.867943508472939,34.256342224097175
2.0,14.0,14.0,False,2.6605873703956604,20.208432260906946,36.40341273700107
2.0,-48.0,-48.0,False,5.05952188372612,11.934899970707379,18.138123937032162
2.0,10.0,10.0,False,5.225623786449432,27.07901591196244,11.345786718374804
2.0,-30.0,-30.0,False,4.5018298625946045,20.54780596230415,33.504158003951865
2.0,-14.0,-14.0,False,2.9567827582359314,26.749602502026427,25.340665090935886
2.0,-60.0,-60.0,False,5.05952188372612,11.934899970707379,18.22651614147689
2.0,30.0,30.0,False,1.580909550189972,28.25771342949115,8.156117171451935
2.0,-16.0,-16.0,False,2.2880871295928955,24.628847470315463,19.749092274340114
2.0,-53.0,-53.0,False,0.5453740656375885,14.435607654029132,28.65393344913118
2.0,-39.0,-39.0,False,3.52096951007843,11.934899970707379,31.200887814752516
2.0,-6.0,-6.0,False,2.4781349301338196,18.495946955677383,25.340665090935886
2.0,20.0,20.0,False,2.7033852338790894,19.80050173133401,21.50347739198267
2.0,-4.0,-4.0,False,2.3210570216178894,30.930633276084393,23.460697585691594
2.0,32.0,32.0,False,1.5608877539634705,33.321471532450225,24.69625977217237
2.0,-59.0,-59.0,False,2.333035886287689,12.141090020856087,13.887553301278876
2.0,-2.0,-2.0,False,2.573845624923706,14.867943508472939,22.10191882679909
2.0,13.0,13.0,False,1.4705161154270172,20.493746012890593,15.653578600762636
2.0,-1.0,-1.0,False,1.6817763447761536,8.489404750576098,18.88927523679118
2.0,-26.0,-26.0,False,2.5411071181297302,18.218886726612276,33.504158003951865
2.0,-25.0,-25.0,False,2.5940696001052856,5.297059722650129,36.79704119407881
2.0,-18.0,-18.0,False,2.6641079783439636,28.25771342949115,13.793717261665739
2.0,10.0,10.0,False,1.388237476348877,22.02459852305198,24.473902056403983
1.0,58.0,58.0,False,1.6049460470676422,16.82064658832933,33.10498778227313
1.0,-16.0,-16.0,False,2.0235751569271088,10.813715166373807,14.98412411094871
1.0,11.0,11.0,False,3.2501679062843323,15.251811842301276,30.727162091234025
1.0,38.0,38.0,False,1.6524146795272827,29.055178222451005,21.170981480511113
1.0,51.0,51.0,False,1.6049460470676422,15.251811842301276,33.10498778227313
1.0,5.0,5.0,False,1.6486754417419434,29.285268078372088,11.345786718374804
1.0,-6.0,-6.0,False,2.8714041709899902,35.72183848300669,33.99730532850971
1.0,36.0,36.0,False,2.583752155303955,21.726333282260164,32.46758737400911
1.0,32.0,32.0,False,1.2640658617019653,25.298086494337145,8.156117171451935
1.0,-22.0,-22.0,False,4.129241168498993,21.95546202251436,34.354067501359125
1.0,-9.0,-9.0,False,5.210719391703606,19.22885367433926,25.340665090935886
1.0,2.0,2.0,False,3.2776378393173218,21.95546202251436,26.41760529817079
1.0,16.0,16.0,False,2.6624786257743835,16.2854476759893,15.41415975997255
1.0,2.0,2.0,False,2.948917508125305,10.813715166373807,17.91922906102831
1.0,28.0,28.0,False,1.6004957556724548,28.401404392414943,15.209949494628521
1.0,26.0,26.0,False,3.1251603960990906,35.243121199690265,24.387142111118727
1.0,45.0,45.0,False,4.838716626167297,17.82915355446834,21.170981480511113
1.0,41.0,41.0,False,1.6004957556724548,11.470019194928632,15.209949494628521
1.0,48.0,48.0,False,1.6773176193237305,35.243121199690265,21.077177101352248
1.0,-15.0,-15.0,False,1.3244314789772034,17.41291382921542,32.910369760064086
1.0,-20.0,-20.0,False,3.0735420286655426,15.0380389769402,5.18094459802413
1.0,27.0,27.0,False,2.9182572960853577,23.088941865931023,25.095374257880003
1.0,-79.0,-79.0,False,2.32444167137146,19.21685235804192,28.129726860410003
1.0,-4.0,-4.0,False,1.637912631034851,10.812303133368559,31.200887814752516
1.0,14.0,14.0,False,3.112634241580963,29.591442690916324,24.11075278082796
1.0,39.0,39.0,False,2.3171703815460205,21.726333282260164,24.69625977217237
1.0,-14.0,-14.0,False,6.247042119503021,35.72183848300669,18.22651614147689
1.0,6.0,6.0,False,2.8649967908859253,16.027644713121415,24.387142111118727
1.0,11.0,11.0,False,2.333035886287689,29.591442690916324,13.887553301278876
1.0,35.0,35.0,False,1.6524146795272827,29.055178222451005,29.85216878810918
1.0,0.0,0.0,False,3.867150604724884,20.65149591306319,26.5307767396735
1.0,-3.0,-3.0,False,3.214888334274292,31.957437879873087,8.331518458786583
1.0,18.0,18.0,False,1.4705161154270172,17.82915355446834,15.653578600762636
1.0,-30.0,-30.0,False,3.1079309582710266,21.95546202251436,5.18094459802413
1.0,-34.0,-34.0,False,1.7865239381790161,34.65871536938304,14.815422735501137
1.0,-1.0,-1.0,False,2.770187556743622,37.39238653564785,36.5348562217881
1.0,27.0,27.0,False,2.948917508125305,12.521573218871074,17.91922906102831
1.0,38.0,38.0,False,1.6486754417419434,29.285268078372088,17.91922906102831
1.0,60.0,60.0,False,1.6049460470676422,22.094464885363408,33.10498778227313
1.0,-4.0,-4.0,False,2.6641079783439636,13.156864976441035,13.793717261665739
1.0,-72.0,-72.0,False,3.358773112297058,18.016254820984805,21.38555442392829
1.0,3.0,3.0,False,2.018899619579315,10.813715166373807,8.688702397189342
1.0,-9.0,-9.0,False,1.2714112997055054,26.144991148091616,17.749326881218007
1.0,-4.0,-4.0,False,4.738476932048798,20.537096744230542,36.40341273700107
1.0,2.0,2.0,False,1.5722265243530273,22.268699010832915,14.207297103697691
1.0,25.0,25.0,False,1.6004957556724548,10.812303133368559,15.209949494628521
1.0,63.0,63.0,False,3.175884425640106,20.537096744230542,33.04178545923674
1.0,-59.0,-59.0,False,4.021404147148132,19.630096065463018,33.504158003951865
1.0,-68.0,-68.0,False,2.32444167137146,19.21685235804192,4.674526827116739
1.0,-24.0,-24.0,False,2.6624786257743835,25.75805545468999,15.41415975997255
1.0,-17.0,-17.0,False,3.54693067073822,17.616194561298794,19.749092274340114
1.0,25.0,25.0,False,2.8649967908859253,16.027644713121415,8.331518458786583
1.0,9.0,9.0,False,1.7847826480865479,34.29144365061243,33.23112653415567
1.0,18.0,18.0,False,5.262855768203735,19.381839381817475,36.40341273700107
1.0,26.0,26.0,False,3.2501679062843323,30.656015066632925,30.727162091234025
1.0,32.0,32.0,False,1.388237476348877,16.82064658832933,24.473902056403983
1.0,24.0,24.0,False,2.426355868577957,26.144991148091616,25.068048942614315
1.0,-2.0,-2.0,False,3.8811795115470886,5.684958172915207,8.431269853369185
1.0,31.0,31.0,False,2.948917508125305,5.684958172915207,17.91922906102831
1.0,25.0,25.0,False,2.3171703815460205,27.70040298402895,24.69625977217237
1.0,5.0,5.0,False,3.831969678401947,24.865148539219334,29.998560553031645
1.0,-23.0,-23.0,False,1.388237476348877,19.21685235804192,24.473902056403983
1.0,-37.0,-37.0,False,1.7847826480865479,35.301803724334064,33.23112653415567
1.0,36.0,36.0,False,2.3171703815460205,26.144991148091616,24.69625977217237
1.0,-48.0,-48.0,False,1.6985645294189453,17.283796733258626,26.41760529817079
1.0,29.0,29.0,False,1.6773176193237305,13.784125998943441,21.077177101352248
1.0,-2.0,-2.0,False,5.764584839344025,19.381839381817475,28.129726860410003
1.0,-43.0,-43.0,False,2.487267851829529,9.886134425409068,28.129726860410003
1.0,21.0,21.0,False,3.2776378393173218,7.919260831402366,26.41760529817079
1.0,-8.0,-8.0,False,0.5453740656375885,24.865148539219334,28.65393344913118
1.0,-28.0,-28.0,False,4.129241168498993,21.95546202251436,23.460697585691594
1.0,9.0,9.0,False,3.112634241580963,22.094464885363408,24.11075278082796
1.0,-14.0,-14.0,False,2.487267851829529,9.886134425409068,24.387142111118727
1.0,3.0,3.0,False,4.738476932048798,20.537096744230542,33.504158003951865
1.0,5.0,5.0,False,2.1178726255893707,16.027644713121415,33.50210775320667
1.0,29.0,29.0,False,3.214888334274292,26.144991148091616,8.331518458786583
1.0,13.0,13.0,False,3.425659418106079,7.67611347285172,25.095374257880003
1.0,-58.0,-58.0,False,1.4705161154270172,19.630096065463018,15.653578600762636
1.0,-54.0,-54.0,False,2.32444167137146,19.21685235804192,21.50347739198267
1.0,0.0,0.0,False,0.7908325493335724,4.615929033497499,31.200887814752516
1.0,-17.0,-17.0,False,3.5023776292800903,19.22885367433926,21.38555442392829
1.0,-35.0,-35.0,False,2.770187556743622,37.39238653564785,8.431269853369185
1.0,8.0,8.0,False,3.463726669549942,31.957437879873087,34.256342224097175
1.0,4.0,4.0,False,2.324254997074604,16.82064658832933,13.887553301278876
1.0,1.0,1.0,True,2.324254997074604,16.82064658832933,21.50347739198267
1.0,8.0,8.0,False,3.52096951007843,8.05889534027647,31.200887814752516
1.0,-28.0,-28.0,False,2.948917508125305,18.016254820984805,17.91922906102831
1.0,3.0,3.0,False,2.324254997074604,16.82064658832933,33.504158003951865
1.0,12.0,12.0,False,3.2290316224098206,21.726333282260164,34.354067501359125
1.0,-82.0,-82.0,False,1.6985645294189453,17.283796733258626,11.345786718374804
1.0,-79.0,-79.0,False,3.358773112297058,18.016254820984805,28.129726860410003
1.0,25.0,25.0,False,2.498404026031494,25.67326253715639,29.85216878810918
1.0,-62.0,-62.0,False,2.646380662918091,6.286423407844504,28.129726860410003
1.0,-30.0,-30.0,False,1.0613904297351837,32.28695010943871,21.50347739198267
1.0,39.0,39.0,False,1.6049460470676422,9.886134425409068,33.10498778227313
1.0,32.0,32.0,False,3.843184471130371,26.56501878352536,34.256342224097175
1.0,9.0,9.0,False,4.23931097984314,13.156864976441035,36.40341273700107
1.0,-33.0,-33.0,False,2.4903668761253357,34.30144396264337,5.18094459802413
1.0,-7.0,-7.0,False,1.4551259279251099,11.51928569936876,33.99730532850971
1.0,-1.0,-1.0,False,2.6624786257743835,15.0380389769402,15.41415975997255
1.0,-27.0,-27.0,False,2.2234342098236084,17.41291382921542,19.749092274340114
1.0,15.0,15.0,False,2.333035886287689,24.865148539219334,13.887553301278876
1.0,-28.0,-28.0,False,3.276279628276825,27.70040298402895,18.22651614147689
1.0,-9.0,-9.0,False,2.2234342098236084,17.41291382921542,29.85216878810918
1.0,14.0,14.0,False,1.5722265243530273,13.156864976441035,14.207297103697691
1.0,5.0,5.0,False,3.831969678401947,24.865148539219334,8.431269853369185
1.0,-34.0,-34.0,False,1.6220495998859406,16.95634779995063,10.92195393502413
1.0,3.0,3.0,False,1.4893971681594849,21.95546202251436,27.959886563661737
1.0,-67.0,-67.0,False,2.9998483061790466,19.630096065463018,36.53077602160571
1.0,15.0,15.0,False,3.112634241580963,35.72183848300669,24.11075278082796
1.0,43.0,43.0,False,1.580909550189972,34.29144365061243,8.156117171451935
1.0,25.0,25.0,False,2.646380662918091,6.286423407844504,33.04178545923674
1.0,-26.0,-26.0,False,0.5453740656375885,15.251811842301276,28.65393344913118
1.0,-30.0,-30.0,False,1.5722265243530273,19.14299251939613,14.207297103697691
1.0,14.0,14.0,False,1.4705161154270172,7.512447200849843,15.653578600762636
1.0,-14.0,-14.0,False,2.4903668761253357,34.30144396264337,15.41415975997255
1.0,38.0,38.0,False,3.04156032204628,7.67611347285172,28.90262494425399
1.0,-8.0,-8.0,False,1.637912631034851,10.812303133368559,36.53077602160571
1.0,49.0,49.0,False,1.6004957556724548,35.243121199690265,15.209949494628521
1.0,-33.0,-33.0,False,2.646380662918091,6.286423407844504,24.387142111118727
1.0,-13.0,-13.0,False,0.7908325493335724,4.615929033497499,33.99730532850971
1.0,-50.0,-50.0,False,4.6660721600055695,17.56792455774448,37.3757470735629
1.0,53.0,53.0,False,1.862879902124405,11.928695267718934,24.464996244834488
1.0,-81.0,-81.0,False,4.021404147148132,19.630096065463018,34.56418802785129
1.0,2.0,2.0,False,1.2640658617019653,25.298086494337145,21.50347739198267
1.0,-30.0,-30.0,False,1.7225477695465088,21.404655452843237,33.23112653415567
1.0,-83.0,-83.0,False,4.021404147148132,19.630096065463018,37.3757470735629
1.0,-35.0,-35.0,False,3.815837562084198,16.95634779995063,22.10191882679909
1.0,38.0,38.0,False,1.580909550189972,5.644505653191313,8.156117171451935
1.0,-5.0,-5.0,False,1.2640658617019653,25.298086494337145,11.345786718374804
1.0,6.0,6.0,False,1.3244314789772034,15.0380389769402,32.910369760064086
1.0,4.0,4.0,False,2.0235751569271088,19.057489981240206,14.98412411094871
1.0,9.0,9.0,False,1.6486754417419434,29.285268078372088,23.460697585691594
1.0,-22.0,-22.0,False,2.6641079783439636,19.057489981240206,13.793717261665739
1.0,31.0,31.0,False,5.228357911109924,12.521573218871074,21.170981480511113
1.0,-19.0,-19.0,False,2.43634569644928,23.143213141527262,5.18094459802413
1.0,-5.0,-5.0,False,2.324254997074604,16.82064658832933,36.53077602160571
1.0,7.0,7.0,False,4.443500757217407,26.56501878352536,19.749092274340114
1.0,-2.0,-2.0,False,1.6524146795272827,29.055178222451005,14.219505776241622
1.0,16.0,16.0,False,1.6524146795272827,29.055178222451005,14.98412411094871
1.0,9.0,9.0,False,1.7847826480865479,7.67611347285172,33.23112653415567
1.0,-20.0,-20.0,False,3.5023776292800903,26.56501878352536,21.38555442392829
1.0,-51.0,-51.0,False,3.463726669549942,31.957437879873087,28.129726860410003
1.0,18.0,18.0,False,4.838716626167297,17.82915355446834,22.10191882679909
1.0,-6.0,-6.0,False,1.80581796169281,30.539611186916886,21.50347739198267
1.0,4.0,4.0,False,3.5023776292800903,35.243121199690265,21.38555442392829
1.0,36.0,36.0,False,2.018899619579315,30.656015066632925,8.688702397189342
1.0,10.0,10.0,False,4.443500757217407,20.537096744230542,19.749092274340114
1.0,-51.0,-51.0,False,1.7225477695465088,21.404655452843237,28.129726860410003
1.0,4.0,4.0,False,2.5687347054481506,19.14299251939613,34.256342224097175
1.0,21.0,21.0,False,2.018899619579315,7.919260831402366,8.688702397189342
1.0,-44.0,-44.0,False,1.388237476348877,17.283796733258626,24.473902056403983
1.0,-1.0,-1.0,False,1.4705161154270172,19.057489981240206,15.653578600762636
1.0,-6.0,-6.0,False,4.738476932048798,20.537096744230542,11.345786718374804
1.0,-2.0,-2.0,False,3.8811795115470886,5.684958172915207,29.998560553031645
1.0,-4.0,-4.0,False,1.7847826480865479,19.174989803266737,33.23112653415567
1.0,-15.0,-15.0,False,3.276279628276825,27.70040298402895,14.219505776241622
1.0,-14.0,-14.0,False,1.2714112997055054,28.401404392414943,17.749326881218007
1.0,-17.0,-17.0,False,1.3244314789772034,25.75805545468999,32.910369760064086
1.0,-4.0,-4.0,False,1.5722265243530273,19.057489981240206,14.207297103697691
1.0,-19.0,-19.0,False,2.8649967908859253,16.027644713121415,24.050975169914427
1.0,-13.0,-13.0,False,5.225623786449432,15.251811842301276,11.345786718374804
1.0,-44.0,-44.0,False,1.2714112997055054,34.65871536938304,17.749326881218007
1.0,-3.0,-3.0,False,1.80581796169281,30.539611186916886,13.887553301278876
1.0,-8.0,-8.0,False,0.7908325493335724,4.615929033497499,14.219505776241622
1.0,-27.0,-27.0,False,1.0613904297351837,32.28695010943871,22.10191882679909
1.0,-33.0,-33.0,False,2.6641079783439636,15.0380389769402,13.793717261665739
1.0,-52.0,-52.0,False,2.5940696001052856,18.016254820984805,36.79704119407881
1.0,-31.0,-31.0,False,3.1079309582710266,31.957437879873087,5.18094459802413
1.0,17.0,17.0,False,1.6743347644805908,11.470019194928632,21.69531252197881
1.0,8.0,8.0,False,3.8614214658737183,35.243121199690265,4.674526827116739
1.0,-19.0,-19.0,False,4.839568138122559,12.521573218871074,34.56418802785129
1.0,-11.0,-11.0,False,3.4266277551651,19.174989803266737,18.138123937032162
1.0,5.0,5.0,False,1.4551259279251099,11.51928569936876,23.460697585691594
1.0,31.0,31.0,False,3.2501679062843323,13.156864976441035,30.727162091234025
1.0,-39.0,-39.0,False,2.646380662918091,6.286423407844504,31.200887814752516
1.0,-57.0,-57.0,False,2.795687347650528,22.184498672581263,15.699699977267741
1.0,-2.0,-2.0,False,1.6220495998859406,7.919260831402366,10.92195393502413
1.0,12.0,12.0,False,3.0735420286655426,15.0380389769402,26.41760529817079
1.0,8.0,8.0,False,3.8811795115470886,5.684958172915207,34.354067501359125
1.0,-29.0,-29.0,False,1.7865239381790161,34.65871536938304,21.50347739198267
1.0,-6.0,-6.0,False,2.2234342098236084,17.41291382921542,24.69625977217237
1.0,-12.0,-12.0,False,2.43634569644928,23.143213141527262,36.79704119407881
1.0,2.0,2.0,False,2.3171703815460205,37.39238653564785,24.69625977217237
1.0,-14.0,-14.0,False,6.247042119503021,30.656015066632925,18.22651614147689
1.0,-55.0,-55.0,False,2.5687347054481506,19.14299251939613,28.129726860410003
1.0,-58.0,-58.0,False,2.2234342098236084,17.41291382921542,37.3757470735629
1.0,27.0,27.0,False,2.426355868577957,30.656015066632925,25.068048942614315
1.0,-2.0,-2.0,False,1.7865239381790161,34.65871536938304,26.41760529817079
1.0,1.0,1.0,True,4.711972177028656,7.512447200849843,25.340665090935886
1.0,35.0,35.0,False,6.8371774554252625,29.591442690916324,29.85216878810918
1.0,52.0,52.0,False,2.543964385986328,23.088941865931023,17.01174745261643
1.0,-24.0,-24.0,False,2.5940696001052856,17.616194561298794,36.79704119407881
1.0,-15.0,-15.0,False,3.6923112869262695,10.813715166373807,28.27572797113035
1.0,4.0,4.0,False,2.1178726255893707,20.537096744230542,33.50210775320667
1.0,29.0,29.0,False,1.6486754417419434,29.285268078372088,13.399764335040341
1.0,35.0,35.0,False,2.0235751569271088,23.088941865931023,14.98412411094871
1.0,16.0,16.0,False,1.5038633346557617,15.652482331331008,37.06953890830405
1.0,-30.0,-30.0,False,3.52096951007843,17.56792455774448,31.200887814752516
1.0,-4.0,-4.0,False,3.1079309582710266,20.537096744230542,5.18094459802413
1.0,35.0,35.0,False,3.214888334274292,24.865148539219334,8.331518458786583
1.0,-58.0,-58.0,False,4.021404147148132,19.630096065463018,22.10191882679909
1.0,15.0,15.0,False,3.8614214658737183,35.243121199690265,29.998560553031645
1.0,20.0,20.0,False,0.8470876216888428,32.28695010943871,27.410317757402368
1.0,-33.0,-33.0,False,3.463726669549942,31.957437879873087,11.345786718374804
1.0,21.0,21.0,False,4.587086021900177,7.919260831402366,29.85216878810918
1.0,-2.0,-2.0,False,1.4551259279251099,11.51928569936876,25.340665090935886
1.0,43.0,43.0,False,1.4893971681594849,17.82915355446834,27.959886563661737
1.0,-25.0,-25.0,False,2.770187556743622,37.39238653564785,22.10191882679909
1.0,70.0,70.0,False,1.6049460470676422,34.29144365061243,33.10498778227313
1.0,-10.0,-10.0,False,3.4266277551651,19.174989803266737,14.219505776241622
1.0,-39.0,-39.0,False,1.6817763447761536,22.184498672581263,18.88927523679118
1.0,1.0,1.0,True,2.333035886287689,25.67326253715639,13.887553301278876
1.0,4.0,4.0,False,1.4705161154270172,16.82064658832933,15.653578600762636
1.0,-49.0,-49.0,False,1.7865239381790161,34.65871536938304,29.511531531840184
1.0,-23.0,-23.0,False,1.8064912557601929,21.95546202251436,37.06953890830405
1.0,16.0,16.0,False,2.0235751569271088,5.644505653191313,14.98412411094871
1.0,16.0,16.0,False,2.43634569644928,23.143213141527262,21.170981480511113
1.0,-5.0,-5.0,False,4.838716626167297,17.82915355446834,34.56418802785129
1.0,-27.0,-27.0,False,1.637912631034851,10.812303133368559,28.129726860410003
1.0,31.0,31.0,False,1.6743347644805908,11.470019194928632,13.399764335040341
1.0,-9.0,-9.0,False,1.637912631034851,10.812303133368559,29.998560553031645
1.0,-46.0,-46.0,False,2.2234342098236084,17.41291382921542,25.340665090935886
1.0,-25.0,-25.0,False,0.8470876216888428,17.283796733258626,27.410317757402368
1.0,-34.0,-34.0,False,3.1251603960990906,25.75805545468999,24.387142111118727
1.0,-52.0,-52.0,False,1.8064912557601929,18.016254820984805,37.06953890830405
1.0,8.0,8.0,False,1.4551259279251099,11.51928569936876,21.50347739198267
1.0,-49.0,-49.0,False,1.7225477695465088,21.404655452843237,18.22651614147689
1.0,26.0,26.0,False,1.6220495998859406,35.243121199690265,10.92195393502413
1.0,5.0,5.0,False,5.5622711181640625,29.591442690916324,23.460697585691594
1.0,6.0,6.0,False,2.7033852338790894,26.144991148091616,21.50347739198267
1.0,5.0,5.0,False,3.325417935848236,22.268699010832915,34.354067501359125
1.0,55.0,55.0,False,2.1950414776802063,23.088941865931023,26.244687441975795
1.0,-3.0,-3.0,False,2.4903668761253357,34.30144396264337,28.90262494425399
1.0,2.0,2.0,False,2.9182572960853577,23.088941865931023,28.129726860410003
1.0,12.0,12.0,False,3.2290316224098206,21.726333282260164,22.10191882679909
1.0,42.0,42.0,False,1.5038633346557617,15.652482331331008,26.244687441975795
1.0,-31.0,-31.0,False,2.3171703815460205,19.630096065463018,24.69625977217237
1.0,47.0,47.0,False,3.843184471130371,7.67611347285172,34.256342224097175
1.0,-24.0,-24.0,False,3.390621244907379,19.057489981240206,34.56418802785129
1.0,15.0,15.0,False,3.120579272508621,24.865148539219334,21.69531252197881
1.0,42.0,42.0,False,3.843184471130371,29.591442690916324,34.256342224097175
1.0,9.0,9.0,False,3.6678109765052795,27.491098749315952,35.67864122688037
1.0,39.0,39.0,False,1.3328739404678345,14.303571723161031,35.234532851988426
1.0,11.0,11.0,False,3.3834678530693054,22.62617245160061,34.401332313220394
1.0,-28.0,-28.0,False,2.6312081664800644,26.38572337477701,27.306298012231768
1.0,-21.0,-21.0,False,2.7753419280052185,20.728989247340778,37.38066838891007
1.0,-3.0,-3.0,False,2.543964385986328,19.94174034444055,16.25887361479644
1.0,-12.0,-12.0,False,3.0735420286655426,28.215490547930433,23.394748770173432
1.0,11.0,11.0,False,1.4551259279251099,19.172976187844657,35.684513107341225
1.0,-43.0,-43.0,False,1.6985645294189453,8.600171606436481,14.617831046262312
1.0,-6.0,-6.0,False,2.605852574110031,31.458207092705536,35.234532851988426
1.0,-1.0,-1.0,False,1.2714112997055054,11.061315268316326,18.9951415877401
1.0,-39.0,-39.0,False,4.9879136979579926,23.052778143624256,30.33132244787676
1.0,11.0,11.0,False,2.6692010164260864,22.62617245160061,27.37928773230808
1.0,36.0,36.0,False,3.04156032204628,19.875400083341727,31.663161461897754
1.0,32.0,32.0,False,1.962416023015976,29.136351702109742,23.193025162065705
1.0,-68.0,-68.0,False,4.231971740722656,17.468232558337384,12.924888803678868
1.0,18.0,18.0,False,3.2290316224098206,23.270805729980854,7.91643847755702
1.0,-4.0,-4.0,False,3.815837562084198,14.489402976468767,23.839268734488606
1.0,6.0,6.0,False,1.9841822981834412,17.8357527092924,30.92138313723416
1.0,-7.0,-7.0,False,1.6220495998859406,30.433368190927865,31.984199691165298
1.0,-30.0,-30.0,False,2.8632290065288544,26.38572337477701,24.536315492168203
1.0,-28.0,-28.0,False,2.6641079783439636,18.858005375973725,33.741380127638315
1.0,-34.0,-34.0,False,5.752794533967972,30.297901531611696,29.583724501983195
1.0,-4.0,-4.0,False,2.2312520146369934,29.14800621006055,23.140079839596712
1.0,6.0,6.0,False,2.9460976123809814,23.927391288302314,12.691138736985199
1.0,-26.0,-26.0,False,6.445796549320221,17.8357527092924,26.932633741502265
1.0,-2.0,-2.0,False,2.1660422682762146,33.17998965642031,13.934145399701395
1.0,7.0,7.0,False,1.6486754417419434,28.02061915735314,18.67765290951497
1.0,8.0,8.0,False,0.8470876216888428,31.98585680504711,18.364236806397518
1.0,33.0,33.0,False,3.390621244907379,26.209337638772862,19.077242319243656
1.0,-25.0,-25.0,False,2.817563533782959,18.858005375973725,26.3494820473306
1.0,-25.0,-25.0,False,1.6220495998859406,26.38572337477701,31.984199691165298
1.0,-37.0,-37.0,False,1.2446811199188232,33.28883938646335,15.817392188027798
1.0,16.0,16.0,False,1.6486754417419434,28.02061915735314,36.70367584529703
1.0,7.0,7.0,False,2.4434152841567993,24.123182949756888,18.06904763207852
1.0,-22.0,-22.0,False,4.478660821914673,17.32920378619645,29.188904640657533
1.0,-37.0,-37.0,False,3.463726669549942,24.814746130452328,30.33132244787676
1.0,-31.0,-31.0,False,0.869722455739975,32.66509884036748,18.06904763207852
1.0,10.0,10.0,False,2.3173386454582214,15.952813215506241,20.216100315716126
1.0,-19.0,-19.0,False,4.380702197551727,16.215151260757352,21.580270714392007
1.0,26.0,26.0,False,2.543964385986328,29.136351702109742,16.25887361479644
1.0,9.0,9.0,False,2.8090116381645203,27.51186773673364,22.582913977845596
1.0,-2.0,-2.0,False,2.543964385986328,30.297901531611696,16.25887361479644
1.0,-51.0,-51.0,False,4.839568138122559,31.458207092705536,30.24687003659723
1.0,4.0,4.0,False,3.1079309582710266,23.270805729980854,18.67765290951497
1.0,9.0,9.0,False,3.4266277551651,10.072318647451093,7.91643847755702
1.0,-11.0,-11.0,False,1.7946413606405258,33.28883938646335,16.25887361479644
1.0,-25.0,-25.0,False,3.011027157306671,6.44898392118655,30.145111715084777
1.0,-2.0,-2.0,False,1.2446811199188232,10.258546429633098,15.817392188027798
1.0,26.0,26.0,False,3.035504251718521,27.42377137150491,23.406309405303663
1.0,47.0,47.0,False,2.344634085893631,34.776735970821655,29.699535556334258
1.0,-27.0,-27.0,False,1.5722265243530273,28.328604456888687,19.749822036327664
1.0,-24.0,-24.0,False,4.414431869983673,30.297901531611696,35.684513107341225
1.0,-54.0,-54.0,False,1.7946413606405258,33.28883938646335,33.741380127638315
1.0,0.0,0.0,False,1.2446811199188232,29.136351702109742,15.817392188027798
1.0,-47.0,-47.0,False,0.869722455739975,32.66509884036748,33.741380127638315
1.0,4.0,4.0,False,1.4705161154270172,14.872384266110464,25.882756273166553
1.0,20.0,20.0,False,2.13422828912735,17.32920378619645,15.585435382145262
1.0,55.0,55.0,False,2.9274670481681824,12.36585525788047,9.057467832747724
1.0,-54.0,-54.0,False,3.7713534832000732,33.218112713360895,29.188904640657533
1.0,-23.0,-23.0,False,2.4429405331611633,29.16506664428735,23.218495671764906
1.0,-40.0,-40.0,False,3.300954282283783,22.56744871526494,10.051738789769356
1.0,54.0,54.0,False,1.388237476348877,27.42377137150491,2.717832914874244
1.0,-6.0,-6.0,False,1.5084550380706787,24.109383880356482,30.37951205928438
1.0,-47.0,-47.0,False,4.403007447719574,28.328604456888687,11.156273251463865
1.0,-8.0,-8.0,False,3.831969678401947,19.5464677044022,11.156273251463865
1.0,16.0,16.0,False,5.225623786449432,27.42377137150491,10.051738789769356
1.0,-46.0,-46.0,False,0.5034505128860474,29.133404611926608,12.924888803678868
1.0,-10.0,-10.0,False,2.2468442916870117,22.62617245160061,6.956771957131957
1.0,2.0,2.0,False,2.9998483061790466,28.01006287880608,24.55495323355355
1.0,34.0,34.0,False,2.9274670481681824,28.01006287880608,9.057467832747724
1.0,-21.0,-21.0,False,1.2714112997055054,17.32920378619645,18.9951415877401
1.0,26.0,26.0,False,4.0365153551101685,29.136351702109742,31.032955311058192
1.0,-14.0,-14.0,False,1.1752390265464783,27.664389926423837,20.216100315716126
1.0,-7.0,-7.0,False,2.5687347054481506,27.34363685802485,12.691138736985199
1.0,15.0,15.0,False,2.3383076786994934,14.46569778842706,25.52075465183715
1.0,-20.0,-20.0,False,2.850152015686035,33.600939697226956,37.38066838891007
1.0,-49.0,-49.0,False,0.5034505128860474,29.133404611926608,23.218495671764906
1.0,46.0,46.0,False,1.6486754417419434,28.02061915735314,23.839268734488606
1.0,-1.0,-1.0,False,2.3961768746376038,9.99132046729439,18.44852110355199
1.0,-41.0,-41.0,False,1.7225477695465088,29.394215893241917,26.3494820473306
1.0,36.0,36.0,False,2.018899619579315,24.123182949756888,17.15004185707612
1.0,-19.0,-19.0,False,4.443500757217407,17.8357527092924,7.91643847755702
1.0,62.0,62.0,False,1.6324291229248047,26.89549724586545,18.364236806397518
1.0,-2.0,-2.0,False,3.04156032204628,28.328604456888687,31.663161461897754
1.0,-3.0,-3.0,False,0.7908325493335724,20.380327897208964,29.3787129105043
1.0,-4.0,-4.0,False,2.344634085893631,34.776735970821655,3.454988831034161
1.0,25.0,25.0,False,1.362888216972351,25.29720531905344,23.140079839596712
1.0,-7.0,-7.0,False,2.426619291305542,17.895810184604414,10.410813118713909
1.0,36.0,36.0,False,2.3272189497947693,26.520717889295273,12.691138736985199
1.0,28.0,28.0,False,3.0731752514839172,27.491098749315952,12.691138736985199
1.0,34.0,34.0,False,1.388237476348877,28.187481882296744,2.717832914874244
1.0,-34.0,-34.0,False,3.612581640481949,11.15714617209824,12.924888803678868
1.0,32.0,32.0,False,1.962416023015976,16.05842425814379,23.193025162065705
1.0,-5.0,-5.0,False,2.7766829133033752,37.30113796103916,18.898054203405856
1.0,0.0,0.0,False,2.923146963119507,19.875400083341727,20.026452119256252
1.0,5.0,5.0,False,3.011027157306671,10.072318647451093,30.145111715084777
1.0,-60.0,-60.0,False,2.964970052242279,17.468232558337384,18.06904763207852
1.0,-44.0,-44.0,False,3.612581640481949,11.15714617209824,30.24687003659723
1.0,-2.0,-2.0,False,2.923146963119507,22.62617245160061,20.026452119256252
1.0,8.0,8.0,False,2.2468442916870117,22.209388960703365,6.956771957131957
1.0,-25.0,-25.0,False,2.8632290065288544,26.38572337477701,36.70367584529703
1.0,-2.0,-2.0,False,2.2769842743873596,17.326368265218274,31.032955311058192
1.0,-11.0,-11.0,False,3.684903621673584,17.173650425911667,35.684513107341225
1.0,-9.0,-9.0,False,1.5490096807479858,11.772359351879208,26.3494820473306
1.0,-29.0,-29.0,False,3.1079309582710266,13.03777810199706,18.67765290951497
1.0,3.0,3.0,False,6.382623851299286,30.224481206816296,30.33132244787676
1.0,0.0,0.0,False,2.018899619579315,17.326368265218274,17.15004185707612
1.0,0.0,0.0,False,1.5569900274276733,31.765270015386154,23.394748770173432
1.0,39.0,39.0,False,1.388237476348877,5.874365021500005,2.717832914874244
1.0,-1.0,-1.0,False,2.13422828912735,17.326368265218274,15.585435382145262
1.0,12.0,12.0,False,2.9274670481681824,17.173650425911667,9.057467832747724
1.0,-29.0,-29.0,False,0.8777873367071152,26.57899662945562,15.817392188027798
1.0,-30.0,-30.0,False,1.8218203783035278,23.916074641362464,33.27039430185698
1.0,-11.0,-11.0,False,0.5034505128860474,29.133404611926608,35.234532851988426
1.0,2.0,2.0,False,1.9841822981834412,23.916074641362464,30.92138313723416
1.0,-4.0,-4.0,False,2.773009419441223,23.270805729980854,23.218495671764906
1.0,-11.0,-11.0,False,2.6027947664260864,10.072318647451093,18.951066121530978
1.0,32.0,32.0,False,1.388237476348877,29.136351702109742,2.717832914874244
1.0,-24.0,-24.0,False,1.7225477695465088,29.394215893241917,25.151972474546636
1.0,-23.0,-23.0,False,1.4705161154270172,29.472675794186696,25.882756273166553
1.0,-35.0,-35.0,False,0.8777873367071152,26.57899662945562,29.583724501983195
1.0,-6.0,-6.0,False,4.738476932048798,29.136351702109742,10.051738789769356
1.0,12.0,12.0,False,2.1178726255893707,37.30113796103916,15.857715628870556
1.0,-38.0,-38.0,False,1.7946413606405258,33.28883938646335,18.06904763207852
1.0,25.0,25.0,False,2.605852574110031,10.072318647451093,35.234532851988426
1.0,15.0,15.0,False,2.817563533782959,18.858005375973725,31.032955311058192
1.0,46.0,46.0,False,2.7766829133033752,37.30113796103916,19.077242319243656
1.0,40.0,40.0,False,1.388237476348877,37.30113796103916,2.717832914874244
1.0,-34.0,-34.0,False,1.5084550380706787,19.35422834777311,30.37951205928438
1.0,-40.0,-40.0,False,0.869722455739975,32.66509884036748,30.33132244787676
1.0,20.0,20.0,False,2.601892828941345,18.858005375973725,26.04602730417977
1.0,1.0,1.0,True,3.325417935848236,13.566822857313035,24.536315492168203
1.0,-33.0,-33.0,False,1.4705161154270172,29.14800621006055,25.882756273166553
1.0,2.0,2.0,False,3.4266277551651,10.072318647451093,34.401332313220394
1.0,-2.0,-2.0,False,4.436084091663361,5.874365021500005,19.144679522139622
1.0,-51.0,-51.0,False,2.3961768746376038,13.134260271412215,18.44852110355199
1.0,0.0,0.0,False,3.4425573348999023,27.157324871744144,34.401332313220394
1.0,-2.0,-2.0,False,2.8714041709899902,9.99132046729439,26.3494820473306
1.0,-8.0,-8.0,False,4.4153967797756195,16.215151260757352,19.144679522139622
1.0,7.0,7.0,False,2.6312081664800644,29.924231485746,27.306298012231768
1.0,43.0,43.0,False,2.3272189497947693,26.520717889295273,28.22477264177573
1.0,6.0,6.0,False,1.4705161154270172,28.187481882296744,25.882756273166553
1.0,10.0,10.0,False,2.2468442916870117,12.36585525788047,6.956771957131957
1.0,-31.0,-31.0,False,2.4429405331611633,29.16506664428735,21.580270714392007
1.0,50.0,50.0,False,4.100457787513733,9.99132046729439,19.077242319243656
1.0,0.0,0.0,False,2.018899619579315,30.297901531611696,17.15004185707612
1.0,-36.0,-36.0,False,2.6326126754283905,26.38572337477701,10.410813118713909
1.0,-13.0,-13.0,False,3.815837562084198,14.489402976468767,31.032955311058192
1.0,12.0,12.0,False,2.6692010164260864,32.19401802806038,27.37928773230808
1.0,37.0,37.0,False,2.2312520146369934,27.491098749315952,23.140079839596712
1.0,-12.0,-12.0,False,2.4434152841567993,24.123182949756888,21.580270714392007
1.0,-33.0,-33.0,False,2.2468442916870117,17.173650425911667,6.956771957131957
1.0,-34.0,-34.0,False,2.6326126754283905,22.927084156009208,10.410813118713909
1.0,25.0,25.0,False,2.8649967908859253,30.271772446650157,12.691138736985199
1.0,-10.0,-10.0,False,0.5034505128860474,29.133404611926608,11.548654380457819
1.0,4.0,4.0,False,2.4434152841567993,24.123182949756888,18.67765290951497
1.0,28.0,28.0,False,1.6324291229248047,6.44898392118655,18.364236806397518
1.0,-12.0,-12.0,False,2.9460976123809814,23.927391288302314,30.145111715084777
1.0,22.0,22.0,False,4.100457787513733,9.99132046729439,7.91643847755702
1.0,66.0,66.0,False,1.6324291229248047,5.874365021500005,18.364236806397518
1.0,-23.0,-23.0,False,1.8902417123317719,29.472675794186696,35.684513107341225
1.0,0.0,0.0,False,1.3328739404678345,14.303571723161031,18.898054203405856
1.0,-5.0,-5.0,False,0.7908325493335724,20.380327897208964,24.21586197892078
1.0,18.0,18.0,False,3.035504251718521,15.952813215506241,23.406309405303663
1.0,6.0,6.0,False,2.324254997074604,16.05842425814379,34.26124115405424
1.0,4.0,4.0,False,2.6326126754283905,19.875400083341727,10.410813118713909
1.0,73.0,73.0,False,1.7096702456474304,9.133394377799121,29.052898502687658
1.0,-37.0,-37.0,False,2.773009419441223,11.15714617209824,23.218495671764906
1.0,-7.0,-7.0,False,2.344634085893631,34.776735970821655,23.394748770173432
1.0,-6.0,-6.0,False,2.8632290065288544,26.38572337477701,12.691138736985199
1.0,20.0,20.0,False,2.13422828912735,31.451923754854242,15.585435382145262
1.0,-26.0,-26.0,False,1.8218203783035278,17.8357527092924,33.27039430185698
1.0,32.0,32.0,False,2.8649967908859253,30.271772446650157,28.22477264177573
1.0,-3.0,-3.0,False,3.1079309582710266,13.566822857313035,18.67765290951497
1.0,-13.0,-13.0,False,3.0735420286655426,28.215490547930433,34.401332313220394
1.0,17.0,17.0,False,1.9841822981834412,23.927391288302314,30.92138313723416
1.0,-32.0,-32.0,False,2.3961768746376038,15.743340916181833,18.44852110355199
1.0,5.0,5.0,False,4.738476932048798,29.136351702109742,35.67864122688037
1.0,43.0,43.0,False,1.388237476348877,28.02061915735314,2.717832914874244
1.0,4.0,4.0,False,5.225623786449432,19.875400083341727,10.051738789769356
1.0,39.0,39.0,False,2.7766829133033752,37.30113796103916,8.137453131240436
1.0,-10.0,-10.0,False,1.5569900274276733,31.765270015386154,10.051738789769356
1.0,-16.0,-16.0,False,1.5870670676231384,17.32920378619645,22.28219215145314
1.0,-25.0,-25.0,False,0.8470876216888428,31.98585680504711,31.032955311058192
1.0,21.0,21.0,False,3.04156032204628,26.209337638772862,31.663161461897754
1.0,26.0,26.0,False,2.13422828912735,10.072318647451093,15.585435382145262
1.0,-5.0,-5.0,False,3.3036094903945923,23.916074641362464,13.534191349309951
1.0,-11.0,-11.0,False,2.426619291305542,17.895810184604414,18.951066121530978
1.0,-15.0,-15.0,False,3.684903621673584,17.173650425911667,24.536315492168203
1.0,0.0,0.0,False,1.6817763447761536,24.109383880356482,21.373396986253603
1.0,-43.0,-43.0,False,2.770187556743622,19.94174034444055,26.3494820473306
1.0,-18.0,-18.0,False,0.5453740656375885,30.271772446650157,15.948022248632691
1.0,3.0,3.0,False,3.4266277551651,10.072318647451093,35.684513107341225
1.0,-54.0,-54.0,False,4.414431869983673,21.355620762388824,35.684513107341225
1.0,28.0,28.0,False,2.605852574110031,28.187481882296744,35.234532851988426
1.0,-16.0,-16.0,False,0.7908325493335724,20.380327897208964,33.741380127638315
1.0,-6.0,-6.0,False,1.6220495998859406,34.776735970821655,31.984199691165298
1.0,-31.0,-31.0,False,3.521312117576599,33.017984806908316,21.373396986253603
1.0,-30.0,-30.0,False,0.5453740656375885,34.776735970821655,15.948022248632691
1.0,-72.0,-72.0,False,4.231971740722656,17.468232558337384,18.898054203405856
1.0,-41.0,-41.0,False,2.773009419441223,23.052778143624256,23.218495671764906
1.0,-39.0,-39.0,False,2.6027947664260864,19.94174034444055,18.951066121530978
1.0,33.0,33.0,False,3.112634241580963,22.209388960703365,3.454988831034161
1.0,-1.0,-1.0,False,5.225623786449432,29.924231485746,10.051738789769356
1.0,-8.0,-8.0,False,2.2468442916870117,19.875400083341727,6.956771957131957
1.0,42.0,42.0,False,1.4551259279251099,19.172976187844657,30.92138313723416
1.0,-13.0,-13.0,False,2.6312081664800644,35.950384971456806,27.306298012231768
1.0,36.0,36.0,False,2.018899619579315,12.119931134824597,17.15004185707612
1.0,-72.0,-72.0,False,1.4705161154270172,8.600171606436481,25.882756273166553
1.0,-19.0,-19.0,False,2.6641079783439636,10.258546429633098,33.741380127638315
1.0,-3.0,-3.0,False,2.6027947664260864,27.51186773673364,18.951066121530978
1.0,7.0,7.0,False,3.6129323840141296,22.927084156009208,23.839268734488606
1.0,-10.0,-10.0,False,3.1251603960990906,35.950384971456806,17.720084003912422
1.0,14.0,14.0,False,1.6486754417419434,28.02061915735314,27.37928773230808
1.0,32.0,32.0,False,3.1995007395744324,22.209388960703365,34.26124115405424
1.0,27.0,27.0,False,1.5569900274276733,31.765270015386154,26.04602730417977
1.0,-21.0,-21.0,False,2.344634085893631,34.776735970821655,20.026452119256252
1.0,-36.0,-36.0,False,1.8218203783035278,33.218112713360895,33.27039430185698
1.0,16.0,16.0,False,2.1178726255893707,26.520717889295273,15.857715628870556
1.0,-21.0,-21.0,False,3.4266277551651,10.072318647451093,21.580270714392007
1.0,15.0,15.0,False,2.4654005765914917,27.491098749315952,31.32344130514459
1.0,5.0,5.0,False,2.2769842743873596,17.326368265218274,14.617831046262312
1.0,52.0,52.0,False,1.6324291229248047,26.01186547593867,18.364236806397518
1.0,-48.0,-48.0,False,4.839568138122559,23.052778143624256,30.24687003659723
1.0,-12.0,-12.0,False,1.2714112997055054,28.187481882296744,18.9951415877401
1.0,-7.0,-7.0,False,2.1660422682762146,20.728989247340778,13.934145399701395
1.0,-18.0,-18.0,False,1.08755761384964,32.80946799665752,9.933168438901845
1.0,17.0,17.0,False,2.543964385986328,32.80946799665752,16.25887361479644
1.0,33.0,33.0,False,3.04156032204628,29.332629955774088,31.663161461897754
1.0,-48.0,-48.0,False,0.8777873367071152,26.57899662945562,11.156273251463865
1.0,19.0,19.0,False,2.4654005765914917,22.62617245160061,31.32344130514459
1.0,-35.0,-35.0,False,5.225623786449432,17.8357527092924,10.051738789769356
1.0,-47.0,-47.0,False,0.8470876216888428,31.98585680504711,15.857715628870556
1.0,38.0,38.0,False,2.8090116381645203,27.51186773673364,8.137453131240436
1.0,-8.0,-8.0,False,0.7908325493335724,20.380327897208964,22.28219215145314
1.0,27.0,27.0,False,2.13422828912735,17.170950950633813,15.585435382145262
1.0,34.0,34.0,False,3.120579272508621,24.37354293772069,19.077242319243656
1.0,18.0,18.0,False,3.112634241580963,19.5464677044022,3.454988831034161
1.0,3.0,3.0,False,4.443500757217407,33.600939697226956,7.91643847755702
1.0,-19.0,-19.0,False,1.1752390265464783,27.664389926423837,22.28219215145314
1.0,-33.0,-33.0,False,1.8902417123317719,29.472675794186696,24.21586197892078
1.0,-32.0,-32.0,False,1.6220495998859406,33.28883938646335,31.984199691165298
1.0,7.0,7.0,False,2.426355868577957,15.743340916181833,31.663161461897754
1.0,51.0,51.0,False,1.362888216972351,25.29720531905344,18.364236806397518
1.0,-14.0,-14.0,False,3.390621244907379,26.209337638772862,19.144679522139622
1.0,6.0,6.0,False,2.6335266828536987,14.46569778842706,21.580270714392007
1.0,55.0,55.0,False,1.962416023015976,25.20846230550093,23.193025162065705
1.0,5.0,5.0,False,0.869722455739975,32.66509884036748,23.839268734488606
1.0,4.0,4.0,False,2.770187556743622,19.94174034444055,14.617831046262312
1.0,-36.0,-36.0,False,2.2468442916870117,23.927391288302314,6.956771957131957
1.0,-46.0,-46.0,False,1.8902417123317719,29.472675794186696,30.24687003659723
1.0,-19.0,-19.0,False,2.5475704669952393,5.874365021500005,15.574397338424982
1.0,6.0,6.0,False,6.356234133243561,30.224481206816296,28.47692666573132
1.0,-27.0,-27.0,False,2.6312081664800644,23.052778143624256,27.306298012231768
1.0,12.0,12.0,False,3.4425573348999023,32.19401802806038,34.401332313220394
1.0,-48.0,-48.0,False,2.770187556743622,19.94174034444055,11.156273251463865
1.0,-27.0,-27.0,False,3.112634241580963,22.56744871526494,3.454988831034161
1.0,-31.0,-31.0,False,2.3173386454582214,24.814746130452328,20.216100315716126
1.0,-22.0,-22.0,False,2.6692010164260864,13.03777810199706,27.37928773230808
1.0,7.0,7.0,False,1.6187904477119446,24.123182949756888,23.973144924086817
1.0,-2.0,-2.0,False,1.5084550380706787,19.956329351279955,30.37951205928438
1.0,-4.0,-4.0,False,3.120579272508621,24.37354293772069,24.536315492168203
1.0,4.0,4.0,False,2.3173386454582214,23.270805729980854,20.216100315716126
1.0,-28.0,-28.0,False,2.5687347054481506,27.34363685802485,26.932633741502265
1.0,-24.0,-24.0,False,5.361236393451691,35.950384971456806,12.924888803678868
1.0,-28.0,-28.0,False,3.035504251718521,31.458207092705536,23.406309405303663
1.0,-10.0,-10.0,False,2.324254997074604,16.05842425814379,20.026452119256252
1.0,-29.0,-29.0,False,2.3961768746376038,28.215490547930433,18.44852110355199
1.0,7.0,7.0,False,1.6187904477119446,12.119931134824597,23.973144924086817
1.0,-33.0,-33.0,False,3.0735420286655426,28.215490547930433,36.48303016291498
1.0,-2.0,-2.0,False,2.6692010164260864,26.209337638772862,27.37928773230808
1.0,-16.0,-16.0,False,1.6817763447761536,24.109383880356482,36.48303016291498
1.0,27.0,27.0,False,3.1251603960990906,27.42377137150491,17.720084003912422
1.0,3.0,3.0,False,3.4266277551651,10.072318647451093,19.591991996687177
1.0,43.0,43.0,False,1.962416023015976,19.5464677044022,23.193025162065705
1.0,-49.0,-49.0,False,2.6027947664260864,14.489402976468767,18.951066121530978
1.0,-11.0,-11.0,False,2.018899619579315,14.489402976468767,17.15004185707612
1.0,-7.0,-7.0,False,2.8714041709899902,28.01006287880608,26.3494820473306
1.0,61.0,61.0,False,1.9841822981834412,14.46569778842706,30.92138313723416
1.0,-11.0,-11.0,False,0.7908325493335724,20.380327897208964,23.218495671764906
1.0,1.0,1.0,True,1.2446811199188232,30.271772446650157,15.817392188027798
1.0,1.0,1.0,True,2.4434152841567993,24.123182949756888,28.47692666573132
1.0,-22.0,-22.0,False,3.463726669549942,24.814746130452328,36.70367584529703
1.0,-9.0,-9.0,False,4.4153967797756195,16.215151260757352,30.33132244787676
1.0,-36.0,-36.0,False,0.869722455739975,32.66509884036748,10.410813118713909
1.0,-5.0,-5.0,False,3.0211809277534485,32.80946799665752,19.591991996687177
1.0,-24.0,-24.0,False,0.869722455739975,32.66509884036748,30.145111715084777
1.0,-5.0,-5.0,False,2.3173386454582214,17.895810184604414,20.216100315716126
1.0,-25.0,-25.0,False,0.8777873367071152,26.57899662945562,35.684513107341225
1.0,-24.0,-24.0,False,2.4429405331611633,29.16506664428735,37.38066838891007
1.0,-26.0,-26.0,False,2.817563533782959,18.858005375973725,29.188904640657533
1.0,-11.0,-11.0,False,2.6326126754283905,26.209337638772862,10.410813118713909
1.0,49.0,49.0,False,3.8614214658737183,11.526177549300993,13.534191349309951
1.0,23.0,23.0,False,2.7033852338790894,26.638637094917584,12.691138736985199
1.0,30.0,30.0,False,1.362888216972351,25.29720531905344,19.077242319243656
1.0,33.0,33.0,False,1.7096702456474304,19.35422834777311,29.052898502687658
1.0,-9.0,-9.0,False,2.4429405331611633,29.16506664428735,27.306298012231768
1.0,-8.0,-8.0,False,2.3795302510261536,30.433368190927865,19.591991996687177
1.0,-28.0,-28.0,False,6.009130954742432,6.44898392118655,26.932633741502265
1.0,14.0,14.0,False,1.6220495998859406,25.160205070496804,31.984199691165298
1.0,41.0,41.0,False,3.3543875217437744,12.119931134824597,14.617831046262312
1.0,-2.0,-2.0,False,1.6220495998859406,33.600939697226956,31.984199691165298
1.0,-39.0,-39.0,False,1.7225477695465088,29.394215893241917,23.218495671764906
1.0,4.0,4.0,False,1.388237476348877,22.927084156009208,2.717832914874244
1.0,8.0,8.0,False,2.1660422682762146,5.874365021500005,13.934145399701395
1.0,-35.0,-35.0,False,3.815837562084198,14.489402976468767,35.684513107341225
1.0,-36.0,-36.0,False,1.5870670676231384,29.472675794186696,22.28219215145314
1.0,27.0,27.0,False,3.0858450531959534,17.170950950633813,11.548654380457819
1.0,31.0,31.0,False,2.8090116381645203,27.51186773673364,12.691138736985199
1.0,-26.0,-26.0,False,2.5475704669952393,14.872384266110464,15.574397338424982
1.0,-2.0,-2.0,False,3.04156032204628,22.927084156009208,31.663161461897754
1.0,11.0,11.0,False,2.6692010164260864,23.270805729980854,27.37928773230808
1.0,-22.0,-22.0,False,1.574644923210144,23.927391288302314,29.3787129105043
1.0,-46.0,-46.0,False,1.5084550380706787,14.489402976468767,30.37951205928438
1.0,1.0,1.0,True,1.5722265243530273,29.136351702109742,19.749822036327664
1.0,20.0,20.0,False,2.6326126754283905,14.46569778842706,24.21586197892078
1.0,-11.0,-11.0,False,3.035504251718521,35.950384971456806,23.406309405303663
1.0,-32.0,-32.0,False,2.426355868577957,15.743340916181833,18.898054203405856
1.0,-1.0,-1.0,False,5.752794533967972,29.924231485746,29.583724501983195
1.0,34.0,34.0,False,3.04156032204628,12.119931134824597,31.663161461897754
1.0,-2.0,-2.0,False,1.388237476348877,22.56744871526494,2.717832914874244
1.0,-7.0,-7.0,False,2.3173386454582214,27.157324871744144,20.216100315716126
1.0,5.0,5.0,False,2.1178726255893707,16.215151260757352,15.857715628870556
1.0,-10.0,-10.0,False,2.6027947664260864,14.872384266110464,18.951066121530978
1.0,0.0,0.0,False,2.773009419441223,9.99132046729439,23.218495671764906
1.0,17.0,17.0,False,2.344634085893631,34.776735970821655,13.534191349309951
1.0,-29.0,-29.0,False,3.1079309582710266,11.15714617209824,18.67765290951497
1.0,21.0,21.0,False,1.7946413606405258,33.28883938646335,29.699535556334258
1.0,47.0,47.0,False,3.0731752514839172,25.20846230550093,12.691138736985199
1.0,-40.0,-40.0,False,1.5870670676231384,27.34363685802485,22.28219215145314
1.0,-9.0,-9.0,False,4.507924258708954,29.136351702109742,19.144679522139622
1.0,13.0,13.0,False,1.5722265243530273,26.520717889295273,19.749822036327664
1.0,5.0,5.0,False,1.6817763447761536,24.109383880356482,19.591991996687177
1.0,6.0,6.0,False,2.601892828941345,11.15714617209824,26.04602730417977
1.0,-33.0,-33.0,False,2.770187556743622,19.94174034444055,18.67765290951497
1.0,-40.0,-40.0,False,0.869722455739975,32.66509884036748,20.026452119256252
1.0,-31.0,-31.0,False,2.5475704669952393,26.209337638772862,15.574397338424982
1.0,-27.0,-27.0,False,1.362888216972351,25.29720531905344,30.24687003659723
1.0,26.0,26.0,False,3.04156032204628,14.872384266110464,31.663161461897754
1.0,56.0,56.0,False,1.9841822981834412,11.526177549300993,30.92138313723416
1.0,21.0,21.0,False,2.964970052242279,27.42377137150491,18.06904763207852
1.0,-5.0,-5.0,False,1.7985440492630005,19.956329351279955,20.026452119256252
1.0,-13.0,-13.0,False,1.08755761384964,31.765270015386154,9.933168438901845
1.0,-25.0,-25.0,False,3.0735420286655426,28.215490547930433,12.924888803678868
1.0,39.0,39.0,False,2.426355868577957,15.743340916181833,29.699535556334258
1.0,25.0,25.0,False,1.1752390265464783,27.664389926423837,30.92138313723416
1.0,-41.0,-41.0,False,6.009130954742432,6.44898392118655,30.33132244787676
1.0,48.0,48.0,False,2.543964385986328,27.42377137150491,16.25887361479644
1.0,32.0,32.0,False,2.7033852338790894,26.638637094917584,14.617831046262312
1.0,-12.0,-12.0,False,2.3961768746376038,30.271772446650157,18.44852110355199
1.0,2.0,2.0,False,2.5940696001052856,26.638637094917584,25.151972474546636
1.0,-37.0,-37.0,False,0.869722455739975,32.66509884036748,28.47692666573132
1.0,20.0,20.0,False,2.817563533782959,18.858005375973725,8.137453131240436
1.0,52.0,52.0,False,2.605852574110031,14.46569778842706,35.234532851988426
1.0,-23.0,-23.0,False,2.426355868577957,15.743340916181833,18.67765290951497
1.0,-21.0,-21.0,False,2.4429405331611633,29.16506664428735,20.026452119256252
1.0,-29.0,-29.0,False,3.300954282283783,22.56744871526494,35.67864122688037
1.0,-7.0,-7.0,False,2.6326126754283905,26.638637094917584,24.21586197892078
1.0,-13.0,-13.0,False,4.445880949497223,33.17998965642031,30.33132244787676
1.0,-13.0,-13.0,False,2.2468442916870117,29.924231485746,6.956771957131957
1.0,-4.0,-4.0,False,1.362888216972351,25.29720531905344,15.857715628870556
1.0,27.0,27.0,False,1.6324291229248047,31.458207092705536,18.364236806397518
1.0,-18.0,-18.0,False,2.3795302510261536,30.433368190927865,10.051738789769356
1.0,-17.0,-17.0,False,2.6027947664260864,33.600939697226956,18.951066121530978
1.0,-22.0,-22.0,False,3.463726669549942,24.814746130452328,35.67864122688037
1.0,4.0,4.0,False,4.221754670143127,28.328604456888687,15.08324728813006
1.0,3.0,3.0,False,4.23931097984314,9.133394377799121,30.33132244787676
1.0,33.0,33.0,False,2.2312520146369934,14.872384266110464,23.140079839596712
2.0,-30.0,-30.0,False,1.5376903414726257,27.34363685802485,10.800961373950122
2.0,-10.0,-10.0,False,1.5569900274276733,31.765270015386154,16.960397030843577
2.0,21.0,21.0,False,2.1032190918922424,33.600939697226956,13.353244664365521
2.0,19.0,19.0,False,2.335133671760559,26.89549724586545,23.539078867868938
2.0,19.0,19.0,False,3.9493716061115265,25.20846230550093,13.40663843548074
2.0,-35.0,-35.0,False,2.0417852699756622,29.14800621006055,12.904350233306893
2.0,34.0,34.0,False,2.0665007531642914,25.160205070496804,7.267643473822698
2.0,-33.0,-33.0,False,2.0896970331668854,28.328604456888687,23.89789895195668
2.0,7.0,7.0,False,1.7985440492630005,19.956329351279955,10.659497792507702
2.0,64.0,64.0,False,3.831969678401947,19.5464677044022,27.433591594693244
2.0,23.0,23.0,False,2.8632290065288544,26.38572337477701,27.433591594693244
2.0,34.0,34.0,False,0.7908325493335724,20.380327897208964,22.914253283492332
2.0,51.0,51.0,False,2.1032190918922424,25.20846230550093,13.353244664365521
2.0,12.0,12.0,False,1.7985440492630005,19.956329351279955,16.863156945373742
2.0,-3.0,-3.0,False,2.770187556743622,19.94174034444055,17.454831496698127
2.0,-55.0,-55.0,False,3.6813085079193115,33.218112713360895,7.647156589625323
2.0,17.0,17.0,False,1.1752390265464783,27.664389926423837,11.234540192685433
2.0,6.0,6.0,False,1.1561152935028076,29.394215893241917,28.50274250153207
2.0,22.0,22.0,False,2.537617862224579,26.01186547593867,4.2805161786989565
2.0,-19.0,-19.0,False,2.946006327867508,33.017984806908316,29.713917448635886
2.0,-6.0,-6.0,False,2.344634085893631,34.776735970821655,36.02772795906502
2.0,14.0,14.0,False,2.946006327867508,26.89549724586545,29.713917448635886
2.0,17.0,17.0,False,1.1561152935028076,28.215490547930433,28.50274250153207
2.0,38.0,38.0,False,2.0090998709201813,19.5464677044022,19.606767288013803
2.0,-41.0,-41.0,False,3.2519643902778625,13.134260271412215,23.270362899337385
2.0,25.0,25.0,False,2.1389994025230408,35.950384971456806,33.98376509195883
2.0,11.0,11.0,False,2.599699914455414,5.874365021500005,25.86386414254044
2.0,-6.0,-6.0,False,1.651214538142085,17.32920378619645,29.62816099211558
2.0,43.0,43.0,False,2.3369953334331512,17.173650425911667,9.000763330937593
2.0,-13.0,-13.0,False,2.3272189497947693,26.520717889295273,15.161666688718135
2.0,-13.0,-13.0,False,3.3949490785598755,17.173650425911667,28.883711916699937
2.0,-31.0,-31.0,False,0.869722455739975,32.66509884036748,29.663427804742952
2.0,9.0,9.0,False,2.3896594047546387,29.924231485746,13.992123465761576
2.0,-2.0,-2.0,False,4.289692997932434,30.297901531611696,16.1457766558565
2.0,-5.0,-5.0,False,2.5363146662712097,26.01186547593867,10.659497792507702
2.0,-25.0,-25.0,False,2.599699914455414,19.94174034444055,25.86386414254044
2.0,61.0,61.0,False,1.1561152935028076,12.36585525788047,28.50274250153207
2.0,4.0,4.0,False,3.423344075679779,19.875400083341727,20.853016682210157
2.0,-42.0,-42.0,False,0.5034505128860474,29.133404611926608,13.57698235132043
2.0,25.0,25.0,False,1.3330637514591217,17.32920378619645,36.5511614050078
2.0,27.0,27.0,False,3.325417935848236,13.566822857313035,16.1457766558565
2.0,11.0,11.0,False,3.1097739934921265,17.173650425911667,30.614825368579726
2.0,-25.0,-25.0,False,1.411788821220398,34.776735970821655,16.83613734292646
2.0,29.0,29.0,False,3.325417935848236,13.566822857313035,17.35065329693157
2.0,32.0,32.0,False,2.0090998709201813,29.924231485746,19.606767288013803
2.0,38.0,38.0,False,3.831969678401947,19.5464677044022,11.234540192685433
2.0,-28.0,-28.0,False,2.195387125015259,17.8357527092924,13.774890911688058
2.0,6.0,6.0,False,1.6743347644805908,11.061315268316326,27.977273505368416
2.0,-26.0,-26.0,False,1.651214538142085,29.394215893241917,29.62816099211558
2.0,-20.0,-20.0,False,1.1229998171329498,18.858005375973725,12.068101481670064
2.0,9.0,9.0,False,3.6157612204551697,5.874365021500005,22.394730632752104
2.0,21.0,21.0,False,1.570010483264923,9.99132046729439,31.39457888123175
2.0,-1.0,-1.0,False,1.1229998171329498,23.270805729980854,12.068101481670064
2.0,14.0,14.0,False,2.0417852699756622,26.520717889295273,12.904350233306893
2.0,59.0,59.0,False,2.637156903743744,22.209388960703365,21.352112769619836
2.0,-26.0,-26.0,False,2.817563533782959,18.858005375973725,31.827228501680846
2.0,10.0,10.0,False,2.537617862224579,26.01186547593867,19.728427839560656
2.0,35.0,35.0,False,1.2046094238758087,29.924231485746,19.700811820561103
2.0,-36.0,-36.0,False,3.1097739934921265,5.234411438772421,30.614825368579726
2.0,46.0,46.0,False,1.6743347644805908,11.061315268316326,22.914253283492332
2.0,-1.0,-1.0,False,2.617880880832672,19.35422834777311,25.831863271252757
2.0,-16.0,-16.0,False,1.1752390265464783,27.664389926423837,35.71453533521338
2.0,-1.0,-1.0,False,5.313484936952591,14.872384266110464,17.098677432351543
2.0,-5.0,-5.0,False,1.5490096807479858,11.772359351879208,23.943542912921227
2.0,-23.0,-23.0,False,2.2216708064079285,14.489402976468767,34.9764807561482
2.0,16.0,16.0,False,1.6486754417419434,28.02061915735314,23.531291926170578
2.0,-12.0,-12.0,False,1.1752390265464783,27.664389926423837,26.724420456628724
2.0,-10.0,-10.0,False,1.7090165317058563,18.858005375973725,3.538942313942969
2.0,-69.0,-69.0,False,3.6355193853378296,5.234411438772421,27.977273505368416
2.0,-25.0,-25.0,False,1.7225477695465088,29.394215893241917,10.659497792507702
2.0,-8.0,-8.0,False,4.238133788108826,27.157324871744144,13.57698235132043
2.0,-9.0,-9.0,False,1.7946413606405258,33.28883938646335,5.081478760321798
2.0,37.0,37.0,False,3.3834678530693054,22.62617245160061,36.118882133108855
2.0,65.0,65.0,False,2.2538888454437256,22.62617245160061,21.97206162389853
2.0,8.0,8.0,False,1.6115615963935852,24.37354293772069,31.87432794797421
2.0,-14.0,-14.0,False,2.946006327867508,11.15714617209824,29.713917448635886
2.0,-62.0,-62.0,False,3.9493716061115265,21.355620762388824,13.40663843548074
2.0,-28.0,-28.0,False,3.521312117576599,33.017984806908316,22.394730632752104
2.0,38.0,38.0,False,2.473381996154785,29.332629955774088,21.181182819799087
2.0,37.0,37.0,False,1.6486754417419434,28.02061915735314,25.831863271252757
2.0,29.0,29.0,False,2.335133671760559,30.224481206816296,23.539078867868938
2.0,0.0,0.0,False,1.6817763447761536,24.109383880356482,17.098677432351543
2.0,-21.0,-21.0,False,2.661430835723877,28.328604456888687,24.059158687706724
2.0,1.0,1.0,False,2.5363146662712097,10.072318647451093,10.659497792507702
2.0,-51.0,-51.0,False,2.6636818051338196,21.355620762388824,16.863156945373742
2.0,2.0,2.0,True,1.336666464805603,37.30113796103916,35.71453533521338
2.0,-54.0,-54.0,False,2.770187556743622,19.94174034444055,15.161666688718135
2.0,15.0,15.0,False,2.817563533782959,18.858005375973725,16.1457766558565
2.0,-37.0,-37.0,False,4.280646324157715,6.44898392118655,27.375023759108732
2.0,-3.0,-3.0,False,2.1708731949329376,5.874365021500005,23.943542912921227
2.0,32.0,32.0,False,2.637156903743744,10.072318647451093,21.352112769619836
2.0,25.0,25.0,False,3.6129323840141296,22.927084156009208,29.494439716362283
2.0,-22.0,-22.0,False,0.8470876216888428,31.98585680504711,32.20742104354024
2.0,-49.0,-49.0,False,1.6985645294189453,8.600171606436481,19.606767288013803
2.0,-9.0,-9.0,False,5.361236393451691,35.950384971456806,36.223482364221475
2.0,1.0,1.0,False,5.863711833953857,30.297901531611696,36.118882133108855
2.0,-11.0,-11.0,False,2.4426655769348145,16.215151260757352,4.623174049165724
2.0,0.0,0.0,False,2.817563533782959,18.858005375973725,29.713917448635886
2.0,-25.0,-25.0,False,2.617880880832672,19.35422834777311,22.394730632752104
2.0,17.0,17.0,False,2.6322810649871826,32.80946799665752,25.831863271252757
2.0,-14.0,-14.0,False,2.3896594047546387,23.927391288302314,13.992123465761576
2.0,8.0,8.0,False,2.661430835723877,16.215151260757352,24.059158687706724
2.0,21.0,21.0,False,2.6335266828536987,14.46569778842706,13.57698235132043
2.0,-6.0,-6.0,False,1.336666464805603,14.872384266110464,35.71453533521338
2.0,1.0,1.0,False,1.7225477695465088,29.394215893241917,17.35065329693157
2.0,31.0,31.0,False,2.0090998709201813,27.491098749315952,19.606767288013803
2.0,0.0,0.0,False,2.4429405331611633,29.16506664428735,29.713917448635886
2.0,-16.0,-16.0,False,1.1752390265464783,27.664389926423837,20.853016682210157
2.0,0.0,0.0,False,2.661430835723877,17.32920378619645,24.059158687706724
2.0,3.0,3.0,False,2.8649967908859253,30.271772446650157,28.883711916699937
2.0,11.0,11.0,False,6.6641658544540405,32.19401802806038,31.816840574556245
2.0,-82.0,-82.0,False,1.336666464805603,8.600171606436481,35.71453533521338
2.0,18.0,18.0,False,2.946006327867508,5.874365021500005,29.713917448635886
2.0,-12.0,-12.0,False,3.0735420286655426,28.215490547930433,36.016214653037245
2.0,27.0,27.0,False,3.3663032054901123,16.215151260757352,24.49149696556954
2.0,16.0,16.0,False,3.7541379928588867,17.32920378619645,33.84700574211261
2.0,-15.0,-15.0,False,1.1752390265464783,27.664389926423837,10.272843747694735
2.0,-5.0,-5.0,False,1.6817763447761536,24.109383880356482,20.853016682210157
2.0,31.0,31.0,False,2.1032190918922424,26.89549724586545,13.353244664365521
2.0,31.0,31.0,False,2.473381996154785,17.170950950633813,21.181182819799087
2.0,30.0,30.0,False,2.8649967908859253,30.271772446650157,18.373203838558286
2.0,53.0,53.0,False,2.7033852338790894,26.638637094917584,8.560361274867434
2.0,-13.0,-13.0,False,1.5431795120239258,24.109383880356482,33.012879257016934
2.0,-6.0,-6.0,False,1.5431795120239258,37.30113796103916,33.012879257016934
2.0,-29.0,-29.0,False,2.5687347054481506,27.34363685802485,31.816840574556245
2.0,9.0,9.0,False,2.0417852699756622,29.332629955774088,12.904350233306893
2.0,42.0,42.0,False,1.3328739404678345,14.303571723161031,4.2805161786989565
2.0,19.0,19.0,False,2.6335266828536987,14.46569778842706,27.977273505368416
2.0,-22.0,-22.0,False,3.7670470774173737,17.8357527092924,21.01220493778928
2.0,4.0,4.0,False,1.5376903414726257,26.89549724586545,10.800961373950122
2.0,0.0,0.0,False,2.8090116381645203,27.51186773673364,27.977273505368416
2.0,0.0,0.0,False,1.7985440492630005,19.956329351279955,30.979490940745844
2.0,37.0,37.0,False,3.3834678530693054,22.62617245160061,18.373203838558286
2.0,24.0,24.0,False,1.1752390265464783,27.664389926423837,37.232342522488615
2.0,-63.0,-63.0,False,4.420156419277191,21.355620762388824,10.272843747694735
2.0,7.0,7.0,False,1.6486754417419434,28.02061915735314,13.40663843548074
2.0,-25.0,-25.0,False,3.2625007033348083,23.916074641362464,34.608159414604984
2.0,32.0,32.0,False,1.5490096807479858,11.772359351879208,11.234540192685433
2.0,4.0,4.0,False,1.3330637514591217,30.297901531611696,36.5511614050078
2.0,24.0,24.0,False,3.8057254552841187,29.332629955774088,19.728427839560656
2.0,-31.0,-31.0,False,4.592206656932831,23.052778143624256,12.822130556695305
2.0,21.0,21.0,False,3.1097739934921265,26.209337638772862,30.614825368579726
2.0,42.0,42.0,False,2.2538888454437256,35.950384971456806,21.97206162389853
2.0,25.0,25.0,False,1.5569900274276733,31.765270015386154,36.118882133108855
2.0,-43.0,-43.0,False,1.8902417123317719,29.472675794186696,29.62252224246151
2.0,1.0,1.0,False,2.426619291305542,17.895810184604414,10.659497792507702
2.0,27.0,27.0,False,3.4266277551651,10.072318647451093,5.081478760321798
2.0,-12.0,-12.0,False,4.238133788108826,33.600939697226956,13.57698235132043
2.0,-19.0,-19.0,False,3.684903621673584,17.173650425911667,13.40663843548074
2.0,23.0,23.0,False,3.390621244907379,26.209337638772862,17.35065329693157
2.0,-22.0,-22.0,False,0.8777873367071152,26.57899662945562,16.863156945373742
2.0,-34.0,-34.0,False,3.237014055252075,17.8357527092924,30.979490940745844
2.0,31.0,31.0,False,1.5490096807479858,11.772359351879208,25.831863271252757
2.0,0.0,0.0,False,2.537617862224579,26.01186547593867,16.863156945373742
2.0,42.0,42.0,False,1.3328739404678345,14.303571723161031,18.373203838558286
2.0,-9.0,-9.0,False,2.0417852699756622,34.776735970821655,12.904350233306893
2.0,2.0,2.0,True,2.0417852699756622,17.170950950633813,12.904350233306893
2.0,33.0,33.0,False,1.6743347644805908,11.061315268316326,26.324545452254675
2.0,-19.0,-19.0,False,3.3036094903945923,23.916074641362464,31.122937298795183
2.0,-44.0,-44.0,False,3.237014055252075,33.218112713360895,30.979490940745844
2.0,-10.0,-10.0,False,1.5569900274276733,31.765270015386154,27.375023759108732
2.0,4.0,4.0,False,3.7670470774173737,33.17998965642031,21.01220493778928
2.0,13.0,13.0,False,2.2369890213012695,26.01186547593867,26.324545452254675
2.0,-6.0,-6.0,False,2.1032190918922424,22.56744871526494,13.353244664365521
2.0,1.0,1.0,False,1.5490096807479858,11.772359351879208,23.174806745067016
2.0,-10.0,-10.0,False,2.1708731949329376,17.170950950633813,23.943542912921227
2.0,-12.0,-12.0,False,1.7946413606405258,33.28883938646335,7.267643473822698
2.0,-23.0,-23.0,False,2.335133671760559,14.489402976468767,23.539078867868938
2.0,37.0,37.0,False,3.8771344125270844,25.20846230550093,31.122937298795183
2.0,21.0,21.0,False,2.335133671760559,29.924231485746,23.539078867868938
2.0,-21.0,-21.0,False,2.661430835723877,22.927084156009208,24.059158687706724
2.0,37.0,37.0,False,2.1389994025230408,33.17998965642031,33.98376509195883
2.0,43.0,43.0,False,3.7100915908813477,15.952813215506241,4.2805161786989565
2.0,-33.0,-33.0,False,1.8902417123317719,29.472675794186696,27.375023759108732
2.0,9.0,9.0,False,1.570010483264923,14.872384266110464,31.39457888123175
2.0,5.0,5.0,False,1.6844954192638397,37.30113796103916,18.544783540986163
2.0,26.0,26.0,False,5.507937431335449,17.32920378619645,30.43917014927018
2.0,18.0,18.0,False,3.0735420286655426,28.215490547930433,37.232342522488615
2.0,21.0,21.0,False,2.2216708064079285,29.924231485746,34.9764807561482
2.0,-30.0,-30.0,False,1.3330637514591217,5.234411438772421,36.5511614050078
2.0,29.0,29.0,False,1.1561152935028076,24.37354293772069,28.50274250153207
2.0,-27.0,-27.0,False,1.651214538142085,28.328604456888687,29.62816099211558
2.0,35.0,35.0,False,1.2046094238758087,11.772359351879208,19.700811820561103
2.0,-40.0,-40.0,False,2.1708731949329376,26.38572337477701,23.943542912921227
2.0,-41.0,-41.0,False,4.9025349617004395,13.03777810199706,29.62252224246151
2.0,-20.0,-20.0,False,2.0896970331668854,17.173650425911667,23.89789895195668
2.0,41.0,41.0,False,2.4434152841567993,24.123182949756888,30.43917014927018
2.0,24.0,24.0,False,3.325417935848236,13.566822857313035,33.84700574211261
2.0,-26.0,-26.0,False,2.7033852338790894,26.638637094917584,15.161666688718135
2.0,60.0,60.0,False,4.436084091663361,5.874365021500005,29.494439716362283
2.0,-12.0,-12.0,False,2.0090998709201813,14.489402976468767,19.606767288013803
2.0,43.0,43.0,False,2.191510796546936,26.520717889295273,34.08606933456341
2.0,-46.0,-46.0,False,6.009130954742432,6.44898392118655,31.827228501680846
2.0,22.0,22.0,False,3.2625007033348083,15.952813215506241,34.608159414604984
2.0,2.0,2.0,True,1.570010483264923,26.01186547593867,31.39457888123175
2.0,-30.0,-30.0,False,0.5034505128860474,29.133404611926608,24.059158687706724
2.0,-11.0,-11.0,False,2.2216708064079285,19.35422834777311,34.9764807561482
2.0,-10.0,-10.0,False,2.7310125827789307,18.858005375973725,20.564453125
2.0,36.0,36.0,False,2.191510796546936,29.924231485746,34.08606933456341
2.0,23.0,23.0,False,2.5363146662712097,11.526177549300993,10.659497792507702
2.0,-3.0,-3.0,False,3.558371424674988,29.14800621006055,37.232342522488615
2.0,-10.0,-10.0,False,1.829114019870758,26.89549724586545,23.773567472636003
2.0,21.0,21.0,False,2.2369890213012695,16.215151260757352,26.324545452254675
2.0,-14.0,-14.0,False,1.411788821220398,29.136351702109742,16.83613734292646
2.0,7.0,7.0,False,4.592206656932831,32.19401802806038,12.822130556695305
2.0,-25.0,-25.0,False,2.3054707646369934,27.34363685802485,21.421200174711238
2.0,-20.0,-20.0,False,1.1752390265464783,27.664389926423837,23.943542912921227
2.0,25.0,25.0,False,2.0665007531642914,16.05842425814379,7.267643473822698
2.0,-10.0,-10.0,False,2.9460976123809814,23.927391288302314,34.608159414604984
2.0,-4.0,-4.0,False,2.0090998709201813,27.34363685802485,19.606767288013803
2.0,-2.0,-2.0,False,3.120579272508621,24.37354293772069,22.394730632752104
2.0,29.0,29.0,False,2.0665007531642914,27.491098749315952,7.267643473822698
2.0,26.0,26.0,False,3.7541379928588867,26.89549724586545,33.84700574211261
2.0,-35.0,-35.0,False,1.7946413606405258,33.28883938646335,10.659497792507702
2.0,2.0,2.0,True,3.6972123980522156,6.44898392118655,22.914253283492332
2.0,-64.0,-64.0,False,4.231971740722656,17.468232558337384,25.399592166540046
2.0,-29.0,-29.0,False,3.120579272508621,24.37354293772069,15.161666688718135
2.0,46.0,46.0,False,3.6972123980522156,30.224481206816296,22.914253283492332
2.0,-39.0,-39.0,False,0.5034505128860474,29.133404611926608,26.724420456628724
2.0,4.0,4.0,False,2.8090116381645203,27.51186773673364,36.07491798735223
2.0,-38.0,-38.0,False,2.1708731949329376,30.297901531611696,23.943542912921227
2.0,-23.0,-23.0,False,2.3896594047546387,19.35422834777311,13.992123465761576
2.0,12.0,12.0,False,1.400564968585968,15.952813215506241,26.724420456628724
2.0,2.0,2.0,True,1.7090165317058563,16.215151260757352,3.538942313942969
2.0,36.0,36.0,False,2.1032190918922424,12.119931134824597,13.353244664365521
2.0,3.0,3.0,False,2.0896970331668854,24.123182949756888,23.89789895195668
2.0,-51.0,-51.0,False,3.7670470774173737,21.355620762388824,21.01220493778928
2.0,28.0,28.0,False,3.7670470774173737,11.526177549300993,21.01220493778928
2.0,5.0,5.0,False,0.7908325493335724,20.380327897208964,13.992123465761576
2.0,36.0,36.0,False,5.9383169412612915,19.875400083341727,36.07263337406959
2.0,-28.0,-28.0,False,1.6844954192638397,11.15714617209824,18.544783540986163
2.0,15.0,15.0,False,2.8090116381645203,27.51186773673364,34.608159414604984
2.0,5.0,5.0,False,1.1561152935028076,30.297901531611696,28.50274250153207
2.0,28.0,28.0,False,2.2369890213012695,24.123182949756888,26.324545452254675
2.0,15.0,15.0,False,3.6157612204551697,30.224481206816296,22.394730632752104
2.0,39.0,39.0,False,3.7100915908813477,19.875400083341727,4.2805161786989565
2.0,10.0,10.0,False,2.3054707646369934,27.491098749315952,21.421200174711238
2.0,-1.0,-1.0,False,2.1545499861240387,26.01186547593867,31.482438126803647
2.0,-26.0,-26.0,False,0.8470876216888428,31.98585680504711,7.267643473822698
2.0,49.0,49.0,False,1.5569900274276733,31.765270015386154,27.433591594693244
2.0,-28.0,-28.0,False,3.4048041105270386,13.03777810199706,36.07491798735223
2.0,2.0,2.0,True,1.336666464805603,23.270805729980854,35.71453533521338
2.0,-65.0,-65.0,False,3.2519643902778625,5.234411438772421,23.270362899337385
2.0,-15.0,-15.0,False,1.411788821220398,10.072318647451093,16.83613734292646
2.0,21.0,21.0,False,1.1561152935028076,30.433368190927865,28.50274250153207
2.0,-28.0,-28.0,False,3.4048041105270386,11.15714617209824,36.07491798735223
2.0,3.0,3.0,False,3.521312117576599,33.017984806908316,30.43917014927018
2.0,35.0,35.0,False,2.0090998709201813,22.62617245160061,19.606767288013803
2.0,23.0,23.0,False,2.195387125015259,27.42377137150491,13.774890911688058
2.0,34.0,34.0,False,3.7718095183372498,29.924231485746,18.373203838558286
2.0,9.0,9.0,False,2.195387125015259,24.123182949756888,13.774890911688058
2.0,-5.0,-5.0,False,3.300954282283783,22.56744871526494,36.118882133108855
2.0,1.0,1.0,False,2.942864805459976,24.37354293772069,23.531291926170578
2.0,-1.0,-1.0,False,1.5431795120239258,30.224481206816296,33.012879257016934
2.0,7.0,7.0,False,2.4810256361961365,19.5464677044022,23.174806745067016
2.0,-1.0,-1.0,False,4.838716626167297,15.952813215506241,31.827228501680846
2.0,27.0,27.0,False,1.6817763447761536,24.109383880356482,16.1457766558565
2.0,2.0,2.0,True,2.324254997074604,16.05842425814379,28.883711916699937
2.0,6.0,6.0,False,3.4048041105270386,32.19401802806038,36.07491798735223
2.0,9.0,9.0,False,1.7090165317058563,12.119931134824597,3.538942313942969
2.0,-16.0,-16.0,False,2.324254997074604,16.05842425814379,7.647156589625323
2.0,62.0,62.0,False,3.3834678530693054,22.62617245160061,8.560361274867434
2.0,-9.0,-9.0,False,1.336666464805603,27.157324871744144,35.71453533521338
2.0,-24.0,-24.0,False,5.050248324871063,28.328604456888687,36.016214653037245
2.0,-23.0,-23.0,False,5.507937431335449,17.32920378619645,29.62252224246151
2.0,6.0,6.0,False,2.344634085893631,34.776735970821655,19.728427839560656
2.0,-83.0,-83.0,False,1.6985645294189453,8.600171606436481,27.269749335496297
2.0,-38.0,-38.0,False,1.1229998171329498,17.8357527092924,12.068101481670064
2.0,0.0,0.0,False,1.7090165317058563,17.895810184604414,3.538942313942969
2.0,21.0,21.0,False,4.587086021900177,33.600939697226956,17.35065329693157
2.0,-28.0,-28.0,False,1.651214538142085,17.8357527092924,29.62816099211558
2.0,17.0,17.0,False,3.0735420286655426,28.215490547930433,22.914253283492332
2.0,22.0,22.0,False,4.587086021900177,33.600939697226956,32.20742104354024
2.0,-44.0,-44.0,False,2.0896970331668854,14.489402976468767,23.89789895195668
2.0,-29.0,-29.0,False,1.5431795120239258,17.173650425911667,33.012879257016934
2.0,21.0,21.0,False,1.362888216972351,25.29720531905344,32.20742104354024
2.0,31.0,31.0,False,1.1561152935028076,10.258546429633098,28.50274250153207
2.0,39.0,39.0,False,1.3328739404678345,14.303571723161031,36.07263337406959
2.0,-39.0,-39.0,False,1.7946413606405258,33.28883938646335,12.822130556695305
2.0,27.0,27.0,False,2.0090998709201813,16.05842425814379,19.606767288013803
2.0,42.0,42.0,False,2.3369953334331512,28.215490547930433,9.000763330937593
2.0,42.0,42.0,False,1.6486754417419434,28.02061915735314,21.181182819799087
2.0,10.0,10.0,False,2.6636818051338196,26.89549724586545,16.863156945373742
2.0,-4.0,-4.0,False,4.3868343234062195,6.44898392118655,11.234540192685433
2.0,22.0,22.0,False,2.817563533782959,18.858005375973725,22.914253283492332
2.0,-38.0,-38.0,False,5.245256125926971,29.14800621006055,17.098677432351543
2.0,55.0,55.0,False,3.1995007395744324,22.209388960703365,4.2805161786989565
2.0,-2.0,-2.0,False,2.195387125015259,27.157324871744144,13.774890911688058
2.0,25.0,25.0,False,4.515613079071045,27.157324871744144,17.35065329693157
2.0,7.0,7.0,False,1.6743347644805908,11.061315268316326,27.375023759108732
2.0,38.0,38.0,False,3.7718095183372498,32.19401802806038,18.373203838558286
2.0,-72.0,-72.0,False,2.1708731949329376,5.234411438772421,23.943542912921227
2.0,18.0,18.0,False,2.3896594047546387,15.952813215506241,13.992123465761576
2.0,13.0,13.0,False,2.8090116381645203,27.51186773673364,36.223482364221475
2.0,19.0,19.0,False,2.3272189497947693,26.520717889295273,24.059158687706724
2.0,-20.0,-20.0,False,1.380286991596222,15.743340916181833,29.663427804742952
2.0,50.0,50.0,False,1.362888216972351,25.29720531905344,9.000763330937593
2.0,52.0,52.0,False,2.7033852338790894,26.638637094917584,29.494439716362283
2.0,-46.0,-46.0,False,1.5431795120239258,31.458207092705536,33.012879257016934
2.0,-47.0,-47.0,False,2.946006327867508,21.355620762388824,29.713917448635886
2.0,-26.0,-26.0,False,2.195387125015259,24.814746130452328,13.774890911688058
2.0,-59.0,-59.0,False,1.380286991596222,21.355620762388824,29.663427804742952
2.0,1.0,1.0,False,3.7100915908813477,28.328604456888687,4.2805161786989565
2.0,63.0,63.0,False,1.5490096807479858,11.772359351879208,9.000763330937593
2.0,-24.0,-24.0,False,1.7225477695465088,29.394215893241917,30.90577288530315
2.0,-19.0,-19.0,False,2.8632290065288544,26.38572337477701,29.713917448635886
2.0,0.0,0.0,False,2.1032190918922424,17.326368265218274,13.353244664365521
2.0,-1.0,-1.0,False,1.3330637514591217,23.916074641362464,36.5511614050078
2.0,-50.0,-50.0,False,1.6115615963935852,5.234411438772421,31.87432794797421
2.0,-1.0,-1.0,False,2.8632290065288544,26.38572337477701,18.373203838558286
2.0,-23.0,-23.0,False,0.869722455739975,32.66509884036748,16.863156945373742
2.0,-6.0,-6.0,False,3.390621244907379,26.209337638772862,17.098677432351543
2.0,29.0,29.0,False,1.7090165317058563,12.36585525788047,3.538942313942969
2.0,1.0,1.0,False,4.289692997932434,13.03777810199706,16.1457766558565
2.0,11.0,11.0,False,1.6844954192638397,15.952813215506241,18.544783540986163
2.0,31.0,31.0,False,1.3330637514591217,10.072318647451093,36.5511614050078
2.0,-15.0,-15.0,False,3.6813085079193115,16.215151260757352,7.647156589625323
2.0,29.0,29.0,False,1.2046094238758087,17.895810184604414,19.700811820561103
2.0,-35.0,-35.0,False,2.0896970331668854,26.38572337477701,23.89789895195668
2.0,4.0,4.0,False,1.1229998171329498,30.224481206816296,12.068101481670064
2.0,-35.0,-35.0,False,2.4810256361961365,27.34363685802485,23.174806745067016
2.0,48.0,48.0,False,2.344634085893631,34.776735970821655,31.33779878112515
2.0,5.0,5.0,False,2.1545499861240387,10.072318647451093,31.482438126803647
2.0,-3.0,-3.0,False,2.324254997074604,16.05842425814379,23.270362899337385
2.0,-16.0,-16.0,False,2.9460976123809814,23.927391288302314,22.394730632752104
2.0,55.0,55.0,False,1.1561152935028076,27.42377137150491,28.50274250153207
2.0,30.0,30.0,False,3.7718095183372498,16.215151260757352,18.373203838558286
2.0,-8.0,-8.0,False,5.507937431335449,17.32920378619645,17.098677432351543
2.0,22.0,22.0,False,5.221124827861786,25.20846230550093,17.098677432351543
2.0,-10.0,-10.0,False,1.362888216972351,25.29720531905344,26.724420456628724
2.0,-26.0,-26.0,False,1.380286991596222,11.15714617209824,29.663427804742952
2.0,-4.0,-4.0,False,2.661430835723877,18.858005375973725,24.059158687706724
2.0,-1.0,-1.0,False,1.336666464805603,19.956329351279955,35.71453533521338
2.0,-4.0,-4.0,False,2.7310125827789307,26.209337638772862,20.564453125
2.0,11.0,11.0,False,1.7403880953788757,37.30113796103916,36.70168841113564
2.0,-2.0,-2.0,False,4.592206656932831,14.872384266110464,12.822130556695305
2.0,-8.0,-8.0,False,1.7090165317058563,32.80946799665752,3.538942313942969
2.0,-15.0,-15.0,False,2.3795302510261536,30.433368190927865,23.270362899337385
2.0,-9.0,-9.0,False,1.1752390265464783,27.664389926423837,20.564453125
2.0,21.0,21.0,False,3.390621244907379,26.209337638772862,16.1457766558565
2.0,-2.0,-2.0,False,1.5431795120239258,26.520717889295273,33.012879257016934
2.0,0.0,0.0,False,2.1032190918922424,22.927084156009208,13.353244664365521
2.0,27.0,27.0,False,2.2538888454437256,33.017984806908316,21.97206162389853
2.0,-1.0,-1.0,False,1.7225477695465088,29.394215893241917,17.454831496698127
2.0,-7.0,-7.0,False,2.0417852699756622,32.80946799665752,12.904350233306893
2.0,38.0,38.0,False,5.015790939331055,35.950384971456806,29.494439716362283
2.0,-19.0,-19.0,False,2.9460976123809814,23.927391288302314,17.098677432351543
2.0,36.0,36.0,False,3.3834678530693054,22.62617245160061,17.35065329693157
2.0,-67.0,-67.0,False,0.8470876216888428,31.98585680504711,7.647156589625323
2.0,12.0,12.0,False,1.651214538142085,19.5464677044022,29.62816099211558
2.0,-3.0,-3.0,False,2.6322810649871826,23.052778143624256,25.831863271252757
2.0,-6.0,-6.0,False,1.829114019870758,27.51186773673364,23.773567472636003
2.0,2.0,2.0,True,0.7908325493335724,20.380327897208964,20.564453125
2.0,-28.0,-28.0,False,3.2519643902778625,13.03777810199706,23.270362899337385
2.0,-54.0,-54.0,False,0.8777873367071152,26.57899662945562,15.161666688718135
2.0,-23.0,-23.0,False,2.661430835723877,26.38572337477701,24.059158687706724
2.0,22.0,22.0,False,2.537617862224579,26.01186547593867,32.20742104354024
2.0,38.0,38.0,False,1.2046094238758087,23.270805729980854,19.700811820561103
2.0,3.0,3.0,False,2.1708731949329376,9.133394377799121,23.943542912921227
2.0,-11.0,-11.0,False,0.8470876216888428,31.98585680504711,33.98376509195883
2.0,-2.0,-2.0,False,2.426355868577957,15.743340916181833,19.728427839560656
2.0,-6.0,-6.0,False,4.280646324157715,14.872384266110464,27.375023759108732
2.0,-36.0,-36.0,False,0.8777873367071152,26.57899662945562,27.977273505368416
2.0,-9.0,-9.0,False,2.537617862224579,26.01186547593867,12.822130556695305
2.0,40.0,40.0,False,2.1032190918922424,9.99132046729439,13.353244664365521
2.0,-21.0,-21.0,False,3.463726669549942,24.814746130452328,36.223482364221475
2.0,5.0,5.0,False,3.2625007033348083,33.17998965642031,34.608159414604984
2.0,-14.0,-14.0,False,0.5034505128860474,29.133404611926608,33.84700574211261
2.0,34.0,34.0,False,2.0090998709201813,29.332629955774088,19.606767288013803
2.0,33.0,33.0,False,5.313484936952591,14.872384266110464,30.43917014927018
2.0,9.0,9.0,False,2.7753419280052185,20.728989247340778,19.728427839560656
2.0,-27.0,-27.0,False,2.7310125827789307,22.927084156009208,20.564453125
2.0,35.0,35.0,False,3.8865217566490173,28.01006287880608,17.35065329693157
2.0,3.0,3.0,False,3.423344075679779,25.160205070496804,20.853016682210157
2.0,-4.0,-4.0,False,1.362888216972351,25.29720531905344,25.86386414254044
2.0,-37.0,-37.0,False,2.195387125015259,13.134260271412215,13.774890911688058
2.0,-10.0,-10.0,False,1.5490096807479858,11.772359351879208,31.827228501680846
2.0,7.0,7.0,False,2.537617862224579,26.01186547593867,31.122937298795183
2.0,-36.0,-36.0,False,1.7090165317058563,33.28883938646335,3.538942313942969
2.0,52.0,52.0,False,2.6322810649871826,22.209388960703365,25.831863271252757
2.0,22.0,22.0,False,2.344634085893631,34.776735970821655,22.914253283492332
2.0,42.0,42.0,False,2.817563533782959,18.858005375973725,27.433591594693244
2.0,-8.0,-8.0,False,2.5687347054481506,27.34363685802485,33.84700574211261
2.0,28.0,28.0,False,2.5363146662712097,14.46569778842706,10.659497792507702
2.0,56.0,56.0,False,3.6972123980522156,25.20846230550093,22.914253283492332
2.0,41.0,41.0,False,2.191510796546936,19.875400083341727,34.08606933456341
2.0,45.0,45.0,False,4.100457787513733,9.99132046729439,30.43917014927018
2.0,-12.0,-12.0,False,2.335133671760559,30.297901531611696,23.539078867868938
2.0,33.0,33.0,False,3.1097739934921265,29.332629955774088,30.614825368579726
2.0,32.0,32.0,False,3.1995007395744324,22.209388960703365,36.223482364221475
2.0,12.0,12.0,False,3.062725245952606,11.526177549300993,31.335807060097654
2.0,30.0,30.0,False,2.538127064704895,17.8357527092924,31.33779878112515
2.0,16.0,16.0,False,1.6486754417419434,28.02061915735314,36.02772795906502
2.0,-8.0,-8.0,False,1.1229998171329498,24.109383880356482,12.068101481670064
2.0,4.0,4.0,False,1.1229998171329498,14.303571723161031,12.068101481670064
2.0,8.0,8.0,False,2.3054707646369934,28.187481882296744,21.421200174711238
2.0,0.0,0.0,False,1.7403880953788757,27.157324871744144,36.70168841113564
2.0,26.0,26.0,False,2.2538888454437256,27.34363685802485,21.97206162389853
2.0,9.0,9.0,False,2.2216708064079285,31.451923754854242,34.9764807561482
2.0,51.0,51.0,False,2.3369953334331512,17.32920378619645,9.000763330937593
2.0,-9.0,-9.0,False,0.5034505128860474,29.133404611926608,13.353244664365521
2.0,30.0,30.0,False,3.8811795115470886,14.987942395270856,26.716586697990817
2.0,-2.0,-2.0,False,1.5490096807479858,11.772359351879208,27.269749335496297
2.0,-56.0,-56.0,False,6.009130954742432,6.44898392118655,15.161666688718135
2.0,25.0,25.0,False,1.1561152935028076,25.29720531905344,28.50274250153207
2.0,-30.0,-30.0,False,2.617880880832672,19.35422834777311,23.270362899337385
2.0,32.0,32.0,False,0.7908325493335724,20.380327897208964,34.08606933456341
2.0,23.0,23.0,False,2.8632290065288544,26.38572337477701,29.494439716362283
2.0,23.0,23.0,False,3.8771344125270844,25.160205070496804,31.122937298795183
2.0,12.0,12.0,False,2.599699914455414,22.62617245160061,25.86386414254044
2.0,14.0,14.0,False,3.684903621673584,17.173650425911667,36.118882133108855
2.0,15.0,15.0,False,2.4429405331611633,29.16506664428735,24.49149696556954
2.0,-20.0,-20.0,False,1.6115615963935852,31.458207092705536,31.87432794797421
1.0,-4.0,-4.0,False,1.7090165317058563,36.70367584529703,3.538942313942969
1.0,29.0,29.0,False,2.964970052242279,18.06904763207852,5.081478760321798
1.0,-9.0,-9.0,False,4.420156419277191,23.394748770173432,10.272843747694735
1.0,-20.0,-20.0,False,3.6813085079193115,19.591991996687177,7.647156589625323
1.0,50.0,50.0,False,1.4705161154270172,25.882756273166553,14.998347890788672
1.0,47.0,47.0,False,1.5084550380706787,30.37951205928438,33.98376509195883
1.0,-16.0,-16.0,False,2.13422828912735,15.585435382145262,29.713917448635886
1.0,-16.0,-16.0,False,1.5431795120239258,22.582913977845596,33.012879257016934
1.0,29.0,29.0,False,2.2538888454437256,13.534191349309951,21.97206162389853
1.0,-5.0,-5.0,False,1.380286991596222,23.406309405303663,29.663427804742952
1.0,-19.0,-19.0,False,3.7670470774173737,31.032955311058192,21.01220493778928
1.0,30.0,30.0,False,2.3173386454582214,20.216100315716126,25.831863271252757
1.0,23.0,23.0,False,1.8218203783035278,33.27039430185698,26.716586697990817
1.0,34.0,34.0,False,4.038667917251587,29.583724501983195,5.081478760321798
1.0,7.0,7.0,False,2.923146963119507,20.026452119256252,36.07491798735223
1.0,27.0,27.0,False,2.3173386454582214,20.216100315716126,33.84700574211261
1.0,-25.0,-25.0,False,1.7090165317058563,31.663161461897754,3.538942313942969
1.0,14.0,14.0,False,2.195387125015259,18.898054203405856,13.774890911688058
1.0,-11.0,-11.0,False,3.1251603960990906,17.720084003912422,20.853016682210157
1.0,2.0,2.0,False,4.238133788108826,28.47692666573132,13.57698235132043
1.0,12.0,12.0,False,0.5453740656375885,15.948022248632691,27.977273505368416
1.0,15.0,15.0,False,1.2714112997055054,18.9951415877401,10.800961373950122
1.0,-24.0,-24.0,False,2.605852574110031,35.234532851988426,28.883711916699937
1.0,45.0,45.0,False,1.3330637514591217,18.898054203405856,36.5511614050078
1.0,-13.0,-13.0,False,1.411788821220398,21.373396986253603,16.83613734292646
1.0,23.0,23.0,False,2.5940696001052856,25.151972474546636,30.614825368579726
1.0,-40.0,-40.0,False,4.420156419277191,23.839268734488606,10.272843747694735
1.0,-23.0,-23.0,False,2.018899619579315,17.15004185707612,36.02772795906502
1.0,18.0,18.0,False,2.195387125015259,36.48303016291498,13.774890911688058
1.0,-33.0,-33.0,False,2.13422828912735,15.585435382145262,27.375023759108732
1.0,-8.0,-8.0,False,2.0896970331668854,26.932633741502265,23.89789895195668
1.0,9.0,9.0,False,2.3961768746376038,18.44852110355199,13.40663843548074
1.0,23.0,23.0,False,2.6326126754283905,24.21586197892078,19.728427839560656
1.0,-28.0,-28.0,False,2.5940696001052856,25.151972474546636,15.161666688718135
1.0,-2.0,-2.0,False,2.5363146662712097,35.684513107341225,10.659497792507702
1.0,-3.0,-3.0,False,2.0417852699756622,36.70367584529703,12.904350233306893
1.0,25.0,25.0,False,1.4705161154270172,25.882756273166553,18.373203838558286
1.0,46.0,46.0,False,2.2538888454437256,31.32344130514459,21.97206162389853
1.0,12.0,12.0,False,2.5363146662712097,30.33132244787676,10.659497792507702
1.0,7.0,7.0,False,3.423344075679779,18.898054203405856,20.853016682210157
1.0,-2.0,-2.0,False,1.1229998171329498,30.37951205928438,12.068101481670064
1.0,-54.0,-54.0,False,1.7096702456474304,29.052898502687658,31.482438126803647
1.0,43.0,43.0,False,2.6641079783439636,33.741380127638315,36.07263337406959
1.0,10.0,10.0,False,1.08755761384964,9.933168438901845,10.800961373950122
1.0,35.0,35.0,False,5.02949583530426,28.47692666573132,17.35065329693157
1.0,13.0,13.0,False,4.921946942806244,30.33132244787676,30.90577288530315
1.0,5.0,5.0,False,1.5870670676231384,22.28219215145314,13.40663843548074
1.0,-34.0,-34.0,False,1.7090165317058563,23.839268734488606,3.538942313942969
1.0,28.0,28.0,False,6.7109599113464355,35.67864122688037,30.43917014927018
1.0,21.0,21.0,False,1.5084550380706787,30.37951205928438,31.122937298795183
1.0,-10.0,-10.0,False,2.335133671760559,35.234532851988426,23.539078867868938
1.0,-25.0,-25.0,False,1.7090165317058563,16.25887361479644,3.538942313942969
1.0,-14.0,-14.0,False,2.4654005765914917,31.32344130514459,36.07491798735223
1.0,23.0,23.0,False,5.02949583530426,36.70367584529703,17.35065329693157
1.0,-7.0,-7.0,False,4.443500757217407,7.91643847755702,30.90577288530315
1.0,-8.0,-8.0,False,2.6312081664800644,27.306298012231768,20.853016682210157
1.0,2.0,2.0,False,2.4810256361961365,24.21586197892078,23.174806745067016
1.0,52.0,52.0,False,0.5453740656375885,15.948022248632691,21.352112769619836
1.0,43.0,43.0,False,3.7541379928588867,21.580270714392007,33.84700574211261
1.0,-6.0,-6.0,False,1.8218203783035278,33.27039430185698,36.07491798735223
1.0,-26.0,-26.0,False,1.6115615963935852,19.077242319243656,31.87432794797421
1.0,2.0,2.0,False,3.0731752514839172,12.691138736985199,30.614825368579726
1.0,15.0,15.0,False,2.3383076786994934,25.52075465183715,13.992123465761576
1.0,-2.0,-2.0,False,1.651214538142085,26.932633741502265,29.62816099211558
1.0,21.0,21.0,False,3.1097739934921265,36.70367584529703,30.614825368579726
1.0,-24.0,-24.0,False,2.6636818051338196,8.137453131240436,16.863156945373742
1.0,-6.0,-6.0,False,1.6220495998859406,31.984199691165298,17.098677432351543
1.0,-6.0,-6.0,False,2.4654005765914917,31.32344130514459,36.02772795906502
1.0,-31.0,-31.0,False,1.9841822981834412,30.92138313723416,25.86386414254044
1.0,12.0,12.0,False,2.6641079783439636,33.741380127638315,10.272843747694735
1.0,-2.0,-2.0,False,1.2714112997055054,18.9951415877401,29.62252224246151
1.0,-29.0,-29.0,False,3.3949490785598755,28.22477264177573,28.883711916699937
1.0,21.0,21.0,False,2.0417852699756622,30.24687003659723,12.904350233306893
1.0,-10.0,-10.0,False,1.336666464805603,23.394748770173432,35.71453533521338
1.0,0.0,0.0,False,2.2212329506874084,10.410813118713909,16.960397030843577
1.0,23.0,23.0,False,3.011027157306671,30.145111715084777,18.373203838558286
1.0,5.0,5.0,False,1.1229998171329498,18.9951415877401,12.068101481670064
1.0,1.0,1.0,True,4.414431869983673,35.684513107341225,36.02772795906502
1.0,55.0,55.0,False,2.538127064704895,35.684513107341225,31.33779878112515
1.0,45.0,45.0,False,4.289692997932434,30.24687003659723,16.1457766558565
1.0,45.0,45.0,False,2.6322810649871826,11.156273251463865,25.831863271252757
1.0,-1.0,-1.0,False,1.962416023015976,23.193025162065705,34.08606933456341
1.0,71.0,71.0,False,2.538127064704895,23.218495671764906,31.33779878112515
1.0,-18.0,-18.0,False,2.6312081664800644,27.306298012231768,7.647156589625323
1.0,-1.0,-1.0,False,2.7310125827789307,22.582913977845596,20.564453125
1.0,-5.0,-5.0,False,3.9194477796554565,24.536315492168203,13.57698235132043
1.0,7.0,7.0,False,0.5453740656375885,15.948022248632691,4.623174049165724
1.0,-13.0,-13.0,False,3.4048041105270386,7.91643847755702,36.07491798735223
1.0,13.0,13.0,False,1.5376903414726257,23.218495671764906,10.800961373950122
1.0,-4.0,-4.0,False,1.651214538142085,36.70367584529703,29.62816099211558
1.0,32.0,32.0,False,1.5722265243530273,19.749822036327664,30.43917014927018
1.0,26.0,26.0,False,0.5453740656375885,15.948022248632691,21.01220493778928
1.0,23.0,23.0,False,1.4705161154270172,25.882756273166553,19.606767288013803
1.0,40.0,40.0,False,1.2714112997055054,18.9951415877401,26.716586697990817
1.0,27.0,27.0,False,3.6337764263153076,21.373396986253603,26.716586697990817
1.0,12.0,12.0,False,2.1178726255893707,15.857715628870556,23.539078867868938
1.0,-1.0,-1.0,False,1.7403880953788757,23.406309405303663,36.70168841113564
1.0,-6.0,-6.0,False,1.2446811199188232,15.817392188027798,20.853016682210157
1.0,-34.0,-34.0,False,2.018899619579315,17.15004185707612,20.853016682210157
1.0,21.0,21.0,False,1.6115615963935852,19.144679522139622,31.87432794797421
1.0,-42.0,-42.0,False,2.4810256361961365,19.077242319243656,23.174806745067016
1.0,23.0,23.0,False,2.4654005765914917,31.32344130514459,37.232342522488615
1.0,25.0,25.0,False,2.191510796546936,34.26124115405424,34.08606933456341
1.0,-9.0,-9.0,False,2.4654005765914917,31.32344130514459,28.883711916699937
1.0,-85.0,-85.0,False,1.7096702456474304,29.052898502687658,15.161666688718135
1.0,13.0,13.0,False,3.5023776292800903,36.48303016291498,13.40663843548074
1.0,63.0,63.0,False,1.08755761384964,9.933168438901845,14.998347890788672
1.0,27.0,27.0,False,3.011027157306671,30.145111715084777,30.43917014927018
1.0,6.0,6.0,False,2.13422828912735,15.585435382145262,22.914253283492332
1.0,-39.0,-39.0,False,3.3543875217437744,14.617831046262312,20.853016682210157
1.0,-25.0,-25.0,False,2.429240047931671,29.699535556334258,21.352112769619836
1.0,-5.0,-5.0,False,3.3543875217437744,14.617831046262312,17.35065329693157
1.0,4.0,4.0,False,1.5084550380706787,30.37951205928438,23.270362899337385
1.0,28.0,28.0,False,2.1032190918922424,24.536315492168203,13.353244664365521
1.0,-8.0,-8.0,False,1.5431795120239258,29.583724501983195,33.012879257016934
1.0,-31.0,-31.0,False,1.6324291229248047,18.364236806397518,17.35065329693157
1.0,-66.0,-66.0,False,1.7096702456474304,29.052898502687658,16.960397030843577
1.0,-12.0,-12.0,False,1.1229998171329498,33.27039430185698,12.068101481670064
1.0,29.0,29.0,False,3.6972123980522156,35.684513107341225,22.914253283492332
1.0,-3.0,-3.0,False,2.7310125827789307,35.684513107341225,20.564453125
1.0,60.0,60.0,False,2.6326126754283905,10.410813118713909,8.560361274867434
1.0,-29.0,-29.0,False,2.3054707646369934,23.839268734488606,21.421200174711238
1.0,-32.0,-32.0,False,1.7403880953788757,30.92138313723416,36.70168841113564
1.0,6.0,6.0,False,2.2468442916870117,6.956771957131957,4.623174049165724
1.0,-13.0,-13.0,False,1.5431795120239258,23.973144924086817,33.012879257016934
1.0,-5.0,-5.0,False,2.3383076786994934,25.52075465183715,29.62252224246151
1.0,-54.0,-54.0,False,3.6813085079193115,19.077242319243656,7.647156589625323
1.0,17.0,17.0,False,2.773009419441223,23.218495671764906,36.02772795906502
1.0,-7.0,-7.0,False,1.4705161154270172,25.882756273166553,23.270362899337385
1.0,22.0,22.0,False,2.335133671760559,10.410813118713909,23.539078867868938
1.0,-26.0,-26.0,False,2.1545499861240387,15.08324728813006,31.482438126803647
1.0,49.0,49.0,False,2.5013630986213684,17.720084003912422,14.998347890788672
1.0,-38.0,-38.0,False,2.2312520146369934,23.140079839596712,10.272843747694735
1.0,31.0,31.0,False,1.6115615963935852,30.24687003659723,31.87432794797421
1.0,11.0,11.0,False,2.661430835723877,18.67765290951497,24.059158687706724
1.0,-44.0,-44.0,False,1.962416023015976,23.193025162065705,4.623174049165724
1.0,-7.0,-7.0,False,1.400564968585968,36.70367584529703,26.724420456628724
1.0,13.0,13.0,False,3.8057254552841187,19.591991996687177,19.728427839560656
1.0,17.0,17.0,False,1.1229998171329498,15.574397338424982,12.068101481670064
1.0,-29.0,-29.0,False,5.190077394247055,23.839268734488606,36.223482364221475
1.0,-31.0,-31.0,False,1.7090165317058563,15.08324728813006,3.538942313942969
1.0,25.0,25.0,False,2.1178726255893707,15.857715628870556,4.2805161786989565
1.0,-7.0,-7.0,False,2.3896594047546387,31.32344130514459,13.992123465761576
1.0,-30.0,-30.0,False,2.13422828912735,15.585435382145262,23.270362899337385
1.0,-6.0,-6.0,False,1.7096702456474304,29.052898502687658,8.560361274867434
1.0,28.0,28.0,False,1.5722265243530273,19.749822036327664,32.20742104354024
1.0,-27.0,-27.0,False,1.651214538142085,13.534191349309951,29.62816099211558
1.0,62.0,62.0,False,1.08755761384964,9.933168438901845,29.494439716362283
1.0,-28.0,-28.0,False,1.962416023015976,23.193025162065705,36.016214653037245
1.0,3.0,3.0,False,2.964970052242279,18.06904763207852,31.816840574556245
1.0,37.0,37.0,False,2.3383076786994934,25.52075465183715,17.454831496698127
1.0,32.0,32.0,False,2.3369953334331512,35.234532851988426,9.000763330937593
1.0,58.0,58.0,False,1.5722265243530273,19.749822036327664,31.33779878112515
1.0,-3.0,-3.0,False,1.829114019870758,20.026452119256252,23.773567472636003
1.0,54.0,54.0,False,1.2714112997055054,18.9951415877401,33.98376509195883
1.0,23.0,23.0,False,4.408512651920319,8.137453131240436,8.560361274867434
1.0,9.0,9.0,False,6.356234133243561,28.47692666573132,31.816840574556245
1.0,28.0,28.0,False,3.1251603960990906,17.720084003912422,30.43917014927018
1.0,-13.0,-13.0,False,2.17539244890213,30.145111715084777,27.269749335496297
1.0,-19.0,-19.0,False,1.9841822981834412,30.92138313723416,34.9764807561482
1.0,30.0,30.0,False,2.5940696001052856,25.151972474546636,30.43917014927018
1.0,-37.0,-37.0,False,1.962416023015976,23.193025162065705,10.272843747694735
1.0,29.0,29.0,False,3.7718095183372498,24.536315492168203,18.373203838558286
1.0,-33.0,-33.0,False,1.400564968585968,26.04602730417977,26.724420456628724
1.0,28.0,28.0,False,1.1561152935028076,17.720084003912422,28.50274250153207
1.0,29.0,29.0,False,2.637156903743744,23.406309405303663,21.352112769619836
1.0,59.0,59.0,False,1.2446811199188232,15.817392188027798,31.33779878112515
1.0,0.0,0.0,False,1.7403880953788757,25.151972474546636,36.70168841113564
1.0,-37.0,-37.0,False,1.962416023015976,23.193025162065705,13.57698235132043
1.0,31.0,31.0,False,1.8218203783035278,33.27039430185698,37.232342522488615
1.0,-5.0,-5.0,False,3.3543875217437744,14.617831046262312,5.081478760321798
1.0,-15.0,-15.0,False,2.4654005765914917,31.32344130514459,13.40663843548074
1.0,0.0,0.0,False,3.062725245952606,19.144679522139622,31.335807060097654
1.0,34.0,34.0,False,2.1389994025230408,30.145111715084777,33.98376509195883
1.0,-2.0,-2.0,False,1.380286991596222,13.934145399701395,29.663427804742952
1.0,30.0,30.0,False,2.2216708064079285,26.3494820473306,34.9764807561482
1.0,-3.0,-3.0,False,1.1229998171329498,29.583724501983195,12.068101481670064
1.0,71.0,71.0,False,2.5013630986213684,36.48303016291498,14.998347890788672
1.0,-28.0,-28.0,False,3.0731752514839172,12.691138736985199,13.40663843548074
1.0,22.0,22.0,False,2.1178726255893707,15.857715628870556,26.716586697990817
1.0,49.0,49.0,False,1.6220495998859406,31.984199691165298,14.998347890788672
1.0,-9.0,-9.0,False,2.4654005765914917,31.32344130514459,31.816840574556245
1.0,47.0,47.0,False,1.1561152935028076,26.3494820473306,28.50274250153207
1.0,39.0,39.0,False,2.3961768746376038,18.44852110355199,36.07263337406959
1.0,-6.0,-6.0,False,1.6187904477119446,23.973144924086817,27.977273505368416
1.0,-3.0,-3.0,False,2.4426655769348145,12.924888803678868,4.623174049165724
1.0,-29.0,-29.0,False,3.3543875217437744,14.617831046262312,36.016214653037245
1.0,-27.0,-27.0,False,2.195387125015259,13.534191349309951,13.774890911688058
1.0,12.0,12.0,False,1.411788821220398,15.574397338424982,16.83613734292646
1.0,23.0,23.0,False,3.1251603960990906,17.720084003912422,5.081478760321798
1.0,-5.0,-5.0,False,3.9194477796554565,24.536315492168203,25.399592166540046
1.0,22.0,22.0,False,2.1032190918922424,30.145111715084777,13.353244664365521
1.0,-44.0,-44.0,False,2.429240047931671,29.699535556334258,31.122937298795183
1.0,3.0,3.0,False,2.17539244890213,18.951066121530978,27.269749335496297
1.0,76.0,76.0,False,2.2538888454437256,30.24687003659723,21.97206162389853
1.0,9.0,9.0,False,2.6326126754283905,24.21586197892078,30.90577288530315
1.0,-55.0,-55.0,False,1.7096702456474304,29.052898502687658,36.02772795906502
1.0,8.0,8.0,False,2.7310125827789307,28.47692666573132,20.564453125
1.0,-1.0,-1.0,False,2.9274670481681824,9.057467832747724,16.1457766558565
1.0,38.0,38.0,False,1.6115615963935852,15.574397338424982,31.87432794797421
1.0,24.0,24.0,False,2.0665007531642914,13.934145399701395,7.267643473822698
1.0,-6.0,-6.0,False,1.5722265243530273,19.749822036327664,30.979490940745844
1.0,23.0,23.0,False,1.8218203783035278,33.27039430185698,24.49149696556954
1.0,-4.0,-4.0,False,1.2446811199188232,15.817392188027798,23.174806745067016
1.0,-14.0,-14.0,False,1.829114019870758,13.934145399701395,23.773567472636003
1.0,52.0,52.0,False,2.5475704669952393,15.574397338424982,26.716586697990817
1.0,-10.0,-10.0,False,3.6813085079193115,10.051738789769356,7.647156589625323
1.0,-42.0,-42.0,False,2.2312520146369934,23.140079839596712,31.335807060097654
1.0,-17.0,-17.0,False,1.829114019870758,23.394748770173432,23.773567472636003
1.0,1.0,1.0,True,2.5940696001052856,25.151972474546636,36.016214653037245
1.0,26.0,26.0,False,2.13422828912735,15.585435382145262,29.494439716362283
1.0,3.0,3.0,False,4.280646324157715,12.924888803678868,27.375023759108732
1.0,15.0,15.0,False,2.3383076786994934,25.52075465183715,25.86386414254044
1.0,-4.0,-4.0,False,2.2312520146369934,23.140079839596712,18.373203838558286
1.0,5.0,5.0,False,2.6027947664260864,18.951066121530978,30.979490940745844
1.0,4.0,4.0,False,1.8218203783035278,33.27039430185698,21.01220493778928
1.0,-19.0,-19.0,False,2.543964385986328,16.25887361479644,24.059158687706724
1.0,2.0,2.0,False,1.6220495998859406,31.984199691165298,16.863156945373742
1.0,7.0,7.0,False,1.6187904477119446,23.973144924086817,21.421200174711238
1.0,30.0,30.0,False,2.5475704669952393,15.574397338424982,36.016214653037245
1.0,15.0,15.0,False,4.238133788108826,21.580270714392007,13.57698235132043
1.0,27.0,27.0,False,3.7100915908813477,22.582913977845596,4.2805161786989565
1.0,-40.0,-40.0,False,1.5431795120239258,31.032955311058192,33.012879257016934
1.0,3.0,3.0,False,2.6326126754283905,10.410813118713909,36.07491798735223
1.0,30.0,30.0,False,2.946006327867508,11.156273251463865,29.713917448635886
1.0,28.0,28.0,False,1.5722265243530273,19.749822036327664,4.2805161786989565
1.0,17.0,17.0,False,2.3383076786994934,25.52075465183715,36.223482364221475
1.0,27.0,27.0,False,2.473381996154785,35.684513107341225,21.181182819799087
1.0,-4.0,-4.0,False,1.962416023015976,23.193025162065705,17.35065329693157
1.0,-39.0,-39.0,False,2.4426655769348145,9.057467832747724,4.623174049165724
1.0,27.0,27.0,False,2.1660422682762146,13.934145399701395,5.081478760321798
1.0,20.0,20.0,False,2.6636818051338196,18.898054203405856,16.863156945373742
1.0,11.0,11.0,False,4.507924258708954,19.144679522139622,31.816840574556245
1.0,-5.0,-5.0,False,2.3383076786994934,25.52075465183715,7.647156589625323
1.0,24.0,24.0,False,2.6312081664800644,27.306298012231768,24.49149696556954
1.0,20.0,20.0,False,3.011027157306671,30.145111715084777,16.1457766558565
1.0,0.0,0.0,False,1.380286991596222,23.973144924086817,29.663427804742952
1.0,1.0,1.0,True,1.7403880953788757,22.582913977845596,36.70168841113564
1.0,-28.0,-28.0,False,2.605852574110031,35.234532851988426,12.822130556695305
1.0,-6.0,-6.0,False,1.7096702456474304,29.052898502687658,14.998347890788672
1.0,2.0,2.0,False,1.651214538142085,21.373396986253603,29.62816099211558
1.0,21.0,21.0,False,1.2714112997055054,18.9951415877401,21.01220493778928
1.0,-2.0,-2.0,False,2.195387125015259,26.932633741502265,13.774890911688058
1.0,4.0,4.0,False,1.2446811199188232,15.817392188027798,13.992123465761576
1.0,2.0,2.0,False,2.3054707646369934,35.684513107341225,21.421200174711238
1.0,44.0,44.0,False,2.5013630986213684,7.91643847755702,14.998347890788672
1.0,-6.0,-6.0,False,1.962416023015976,23.193025162065705,24.49149696556954
1.0,-8.0,-8.0,False,2.1178726255893707,15.857715628870556,13.40663843548074
1.0,-64.0,-64.0,False,1.6324291229248047,18.364236806397518,30.979490940745844
1.0,16.0,16.0,False,2.195387125015259,29.188904640657533,13.774890911688058
1.0,-15.0,-15.0,False,2.0896970331668854,7.91643847755702,23.89789895195668
1.0,-18.0,-18.0,False,1.5431795120239258,15.857715628870556,33.012879257016934
1.0,-2.0,-2.0,False,1.7090165317058563,33.27039430185698,3.538942313942969
1.0,-6.0,-6.0,False,1.08755761384964,9.933168438901845,31.827228501680846
1.0,34.0,34.0,False,2.0665007531642914,12.924888803678868,7.267643473822698
1.0,15.0,15.0,False,3.9493716061115265,11.156273251463865,13.40663843548074
1.0,-12.0,-12.0,False,2.0896970331668854,3.454988831034161,23.89789895195668
1.0,0.0,0.0,False,3.1251603960990906,17.720084003912422,36.02772795906502
1.0,9.0,9.0,False,3.0731752514839172,12.691138736985199,30.43917014927018
1.0,0.0,0.0,False,4.0365153551101685,31.032955311058192,17.454831496698127
1.0,20.0,20.0,False,2.3369953334331512,19.077242319243656,9.000763330937593
1.0,24.0,24.0,False,5.863711833953857,36.70367584529703,36.118882133108855
1.0,-8.0,-8.0,False,2.1178726255893707,15.857715628870556,23.174806745067016
1.0,15.0,15.0,False,2.0896970331668854,21.580270714392007,23.89789895195668
1.0,6.0,6.0,False,2.018899619579315,17.15004185707612,37.232342522488615
1.0,-32.0,-32.0,False,4.921946942806244,23.839268734488606,30.90577288530315
1.0,16.0,16.0,False,1.5870670676231384,22.28219215145314,21.01220493778928
1.0,5.0,5.0,False,2.946006327867508,30.145111715084777,29.713917448635886
1.0,-13.0,-13.0,False,2.946006327867508,12.691138736985199,29.713917448635886
1.0,10.0,10.0,False,1.5722265243530273,19.749822036327664,29.713917448635886
1.0,-13.0,-13.0,False,1.1229998171329498,35.684513107341225,12.068101481670064
1.0,31.0,31.0,False,2.6641079783439636,33.741380127638315,31.122937298795183
1.0,13.0,13.0,False,2.4810256361961365,33.741380127638315,23.174806745067016
1.0,7.0,7.0,False,2.0417852699756622,24.55495323355355,12.904350233306893
1.0,73.0,73.0,False,2.5013630986213684,30.24687003659723,14.998347890788672
1.0,5.0,5.0,False,2.923146963119507,20.026452119256252,30.979490940745844
1.0,-3.0,-3.0,False,1.962416023015976,23.193025162065705,36.118882133108855
1.0,38.0,38.0,False,2.9998483061790466,24.55495323355355,30.43917014927018
1.0,-2.0,-2.0,False,2.018899619579315,17.15004185707612,16.1457766558565
1.0,6.0,6.0,False,3.4048041105270386,19.144679522139622,36.07491798735223
1.0,35.0,35.0,False,2.538127064704895,12.691138736985199,31.33779878112515
1.0,-31.0,-31.0,False,1.388237476348877,2.717832914874244,29.62816099211558
1.0,22.0,22.0,False,2.4654005765914917,31.32344130514459,30.43917014927018
1.0,-21.0,-21.0,False,2.942864805459976,31.032955311058192,23.531291926170578
1.0,55.0,55.0,False,2.2538888454437256,22.582913977845596,21.97206162389853
1.0,32.0,32.0,False,2.3369953334331512,16.25887361479644,9.000763330937593
1.0,22.0,22.0,False,2.5013630986213684,15.08324728813006,14.998347890788672
1.0,-49.0,-49.0,False,1.5431795120239258,23.839268734488606,33.012879257016934
1.0,16.0,16.0,False,2.3054707646369934,18.951066121530978,21.421200174711238
1.0,9.0,9.0,False,4.921946942806244,10.051738789769356,30.90577288530315
1.0,33.0,33.0,False,1.3330637514591217,21.373396986253603,36.5511614050078
1.0,6.0,6.0,False,2.946006327867508,36.70367584529703,29.713917448635886
1.0,-19.0,-19.0,False,1.411788821220398,35.67864122688037,16.83613734292646
1.0,48.0,48.0,False,1.6220495998859406,31.984199691165298,29.494439716362283
1.0,26.0,26.0,False,2.2538888454437256,8.137453131240436,21.97206162389853
1.0,-18.0,-18.0,False,2.2369890213012695,19.077242319243656,26.324545452254675
1.0,20.0,20.0,False,0.5453740656375885,15.948022248632691,20.564453125
1.0,-16.0,-16.0,False,2.4654005765914917,31.32344130514459,30.979490940745844
1.0,-13.0,-13.0,False,2.4654005765914917,31.32344130514459,12.822130556695305
1.0,59.0,59.0,False,1.6187904477119446,23.973144924086817,9.000763330937593
1.0,28.0,28.0,False,3.9194477796554565,24.536315492168203,5.081478760321798
1.0,-35.0,-35.0,False,1.7096702456474304,29.052898502687658,7.267643473822698
1.0,47.0,47.0,False,1.1561152935028076,18.9951415877401,28.50274250153207
1.0,26.0,26.0,False,2.538127064704895,14.617831046262312,31.33779878112515
1.0,52.0,52.0,False,2.3369953334331512,34.26124115405424,9.000763330937593
1.0,-62.0,-62.0,False,2.429240047931671,29.699535556334258,23.174806745067016
1.0,21.0,21.0,False,5.9383169412612915,35.67864122688037,36.07263337406959
1.0,46.0,46.0,False,2.0090998709201813,11.156273251463865,19.606767288013803
1.0,1.0,1.0,True,1.6220495998859406,31.984199691165298,21.421200174711238
1.0,27.0,27.0,False,2.538127064704895,15.08324728813006,31.33779878112515
1.0,-2.0,-2.0,False,2.018899619579315,17.15004185707612,24.49149696556954
1.0,-27.0,-27.0,False,5.228357911109924,8.137453131240436,36.016214653037245
1.0,3.0,3.0,False,1.574644923210144,29.3787129105043,17.098677432351543
1.0,-3.0,-3.0,False,2.661430835723877,7.91643847755702,24.059158687706724
1.0,11.0,11.0,False,1.336666464805603,36.48303016291498,35.71453533521338
1.0,-24.0,-24.0,False,2.5363146662712097,31.032955311058192,10.659497792507702
1.0,-19.0,-19.0,False,1.829114019870758,34.26124115405424,23.773567472636003
1.0,21.0,21.0,False,2.2468442916870117,6.956771957131957,30.90577288530315
1.0,-21.0,-21.0,False,2.018899619579315,17.15004185707612,16.863156945373742
1.0,-5.0,-5.0,False,1.411788821220398,19.144679522139622,16.83613734292646
1.0,24.0,24.0,False,3.7100915908813477,35.67864122688037,4.2805161786989565
1.0,3.0,3.0,False,1.6187904477119446,23.973144924086817,12.904350233306893
1.0,2.0,2.0,False,2.4426655769348145,26.3494820473306,4.623174049165724
1.0,-13.0,-13.0,False,1.1229998171329498,25.882756273166553,12.068101481670064
1.0,-35.0,-35.0,False,1.1229998171329498,31.032955311058192,12.068101481670064
1.0,-10.0,-10.0,False,4.420156419277191,35.67864122688037,10.272843747694735
1.0,-3.0,-3.0,False,2.7595576643943787,22.59403299283704,14.44719288101025
1.0,16.0,16.0,False,3.069858103990555,8.684313731819906,24.083683666950257
1.0,7.0,7.0,False,1.7033283412456512,23.364725965953706,28.40702417575577
1.0,-11.0,-11.0,False,3.069858103990555,13.286982046602542,24.083683666950257
1.0,38.0,38.0,False,1.4314748048782349,16.75827914924278,21.34984156529695
1.0,31.0,31.0,False,2.4011834859848022,8.802974720499233,14.44719288101025
1.0,-41.0,-41.0,False,4.113258823752403,25.63290893573752,31.83413254565109
1.0,70.0,70.0,False,3.027155101299286,5.8036031416141824,24.16313114831911
1.0,-32.0,-32.0,False,4.145411550998688,25.710076947388256,23.627615264169048
1.0,-41.0,-41.0,False,3.069858103990555,28.2939815632264,24.083683666950257
1.0,-25.0,-25.0,False,1.0544519126415253,20.17877745782392,23.354319945985697
1.0,-14.0,-14.0,False,1.651623249053955,8.802974720499233,29.21017300793202
1.0,-45.0,-45.0,False,2.229045480489731,22.251608801124497,31.874831644249404
1.0,28.0,28.0,False,1.5037471652030945,10.993640144844582,18.172930462953083
1.0,24.0,24.0,False,2.563883900642395,22.970009697865162,32.28191749495659
1.0,16.0,16.0,False,2.2542691826820374,23.771279288769005,32.28191749495659
1.0,27.0,27.0,False,1.7033283412456512,8.802974720499233,28.40702417575577
1.0,-10.0,-10.0,False,2.6175727248191833,19.32689103402344,28.3288756585121
1.0,-10.0,-10.0,False,1.4462935328483582,7.016187819438642,35.65319356431102
1.0,-7.0,-7.0,False,1.7382183074951172,30.988982242343162,23.067137316586095
1.0,-55.0,-55.0,False,5.941359877586365,28.678302096513942,6.4763657709114
1.0,15.0,15.0,False,3.1056050658226013,6.896398361737055,11.941518696313885
1.0,-10.0,-10.0,False,2.062888413667679,12.039208413142779,25.030065920442347
1.0,-39.0,-39.0,False,2.350049912929535,25.181982680867325,19.160490552997498
1.0,5.0,5.0,False,2.6447466611862183,25.181982680867325,15.44152297755811
1.0,-1.0,-1.0,False,1.5794258117675781,4.834388990326496,20.926625721625967
1.0,-33.0,-33.0,False,1.651623249053955,30.967075783812763,29.21017300793202
1.0,-41.0,-41.0,False,1.6927593350410461,12.198694184256993,26.5552335426549
1.0,1.0,1.0,True,4.050903618335724,23.89718635628618,30.164574678781033
1.0,-13.0,-13.0,False,2.062888413667679,35.09999405298427,25.030065920442347
1.0,-12.0,-12.0,False,2.350049912929535,19.32689103402344,19.160490552997498
1.0,-51.0,-51.0,False,2.2236387729644775,13.453845351513136,23.963881195809204
1.0,3.0,3.0,False,1.6054491996765137,18.779876734945535,7.461316355727983
1.0,-1.0,-1.0,False,2.8578613996505737,6.8089509871364955,9.162739091488495
1.0,68.0,68.0,False,4.695863902568817,27.18462160154078,12.426532913301333
1.0,4.0,4.0,False,6.050238609313965,6.182198767752773,31.635485754020316
1.0,2.0,2.0,False,1.4314748048782349,17.818125696394656,21.34984156529695
1.0,33.0,33.0,False,2.411775529384613,25.384505065487073,31.397472844203598
1.0,-14.0,-14.0,False,4.533069491386414,4.834388990326496,26.5552335426549
1.0,-48.0,-48.0,False,5.379766494035721,6.539466763377302,6.4763657709114
1.0,2.0,2.0,False,3.2827028632164,11.866328717537957,20.1812395244062
1.0,16.0,16.0,False,3.8817779421806335,33.75704684688087,11.941518696313885
1.0,-36.0,-36.0,False,3.3568029701709747,16.028586599538535,14.477300469682369
1.0,28.0,28.0,False,3.875714063644409,35.257567885176016,21.362530378272083
1.0,-44.0,-44.0,False,3.8512147068977356,18.313921564017317,31.328313553925252
1.0,-20.0,-20.0,False,4.441148459911346,35.453143251363095,31.874831644249404
1.0,-43.0,-43.0,False,2.045419156551361,35.09999405298427,15.562480911181895
1.0,-33.0,-33.0,False,4.31593930721283,23.520374961511095,7.492316379174532
1.0,-13.0,-13.0,False,3.8309966921806335,25.33344199341342,26.03469888066472
1.0,6.0,6.0,False,1.2980918288230896,6.8089509871364955,33.32035102439523
1.0,3.0,3.0,False,2.5096392035484314,15.192212570657812,31.07698596307358
1.0,23.0,23.0,False,2.062888413667679,19.32689103402344,25.030065920442347
1.0,-7.0,-7.0,False,3.8817779421806335,33.75704684688087,20.714773587649894
1.0,-9.0,-9.0,False,2.045419156551361,35.453143251363095,15.562480911181895
1.0,36.0,36.0,False,1.30422642827034,18.088969888917138,25.575871484251618
1.0,-2.0,-2.0,False,4.572163075208664,35.453143251363095,17.806343513797543
1.0,48.0,48.0,False,4.289421439170837,18.20898157299969,19.69978690249989
1.0,-4.0,-4.0,False,3.8309966921806335,17.818125696394656,26.03469888066472
1.0,-12.0,-12.0,False,5.487339168787003,4.834388990326496,37.320378173105944
1.0,1.0,1.0,True,1.9410921335220337,7.029798569811862,30.003338516758166
1.0,16.0,16.0,False,2.6269367337226868,6.8089509871364955,23.354319945985697
1.0,-9.0,-9.0,False,1.6927593350410461,12.198694184256993,17.245947541495187
1.0,5.0,5.0,False,2.2542691826820374,23.771279288769005,17.806343513797543
1.0,14.0,14.0,False,2.6269367337226868,35.753317565639456,23.354319945985697
1.0,43.0,43.0,False,1.5037471652030945,35.63526759171752,18.172930462953083
1.0,-43.0,-43.0,False,3.9190537333488464,9.825834895956064,31.83413254565109
1.0,-7.0,-7.0,False,3.8817779421806335,33.75704684688087,14.477300469682369
1.0,73.0,73.0,False,1.6054491996765137,18.779876734945535,12.426532913301333
1.0,-12.0,-12.0,False,4.220310688018799,17.838041070378654,30.164574678781033
1.0,46.0,46.0,False,4.510274887084961,18.20898157299969,7.943834075362761
1.0,1.0,1.0,True,2.7187404930591583,20.714473599488503,7.943834075362761
1.0,-41.0,-41.0,False,2.350049912929535,22.391340884512594,19.160490552997498
1.0,-14.0,-14.0,False,3.2331326007843018,24.72515053235584,25.575871484251618
1.0,-3.0,-3.0,False,2.411775529384613,17.818125696394656,31.397472844203598
1.0,59.0,59.0,False,2.0695550441741943,17.7203491404304,23.84708366237766
1.0,-4.0,-4.0,False,1.2980918288230896,13.286982046602542,33.32035102439523
1.0,3.0,3.0,False,2.1430044174194336,26.719117154281342,17.079648409760235
1.0,28.0,28.0,False,3.8309966921806335,33.75704684688087,26.03469888066472
1.0,3.0,3.0,False,1.30422642827034,18.088969888917138,9.10645196254784
1.0,18.0,18.0,False,1.1393350064754486,18.779876734945535,25.423909823920933
1.0,-7.0,-7.0,False,2.0415868163108826,25.91866234294712,23.067137316586095
1.0,0.0,0.0,False,1.5794258117675781,30.722127067145696,20.926625721625967
1.0,-18.0,-18.0,False,3.5564870834350586,13.286982046602542,23.067137316586095
1.0,-6.0,-6.0,False,2.2542691826820374,23.771279288769005,17.079648409760235
1.0,-16.0,-16.0,False,2.540506422519684,10.993640144844582,10.527691610672022
1.0,-39.0,-39.0,False,2.350049912929535,25.63290893573752,19.160490552997498
1.0,-3.0,-3.0,False,1.7382183074951172,30.988982242343162,10.527691610672022
1.0,-39.0,-39.0,False,2.2839669585227966,25.33344199341342,30.003338516758166
1.0,11.0,11.0,False,4.56334912776947,17.024768624995147,18.531492106253697
1.0,9.0,9.0,False,2.563883900642395,4.834388990326496,32.28191749495659
1.0,11.0,11.0,False,3.2827028632164,21.724383407113088,20.1812395244062
1.0,-31.0,-31.0,False,3.7953380942344666,5.896665193174073,11.931551784497481
1.0,3.0,3.0,False,2.7187404930591583,20.714473599488503,15.44152297755811
1.0,-9.0,-9.0,False,4.117579698562622,35.753317565639456,20.968623472193006
1.0,-44.0,-44.0,False,1.9150481820106506,6.182198767752773,30.247745666363862
1.0,41.0,41.0,False,3.4734527468681335,6.8089509871364955,19.333943335457505
1.0,9.0,9.0,False,2.6978642642498016,12.220877927969097,30.164574678781033
1.0,71.0,71.0,False,3.044618844985962,22.970009697865162,12.426532913301333
1.0,-58.0,-58.0,False,3.255272388458252,24.72515053235584,31.874831644249404
1.0,0.0,0.0,False,1.5037471652030945,12.198694184256993,18.172930462953083
1.0,48.0,48.0,False,2.233050525188446,36.48358914102789,17.245947541495187
1.0,-39.0,-39.0,False,2.229045480489731,22.251608801124497,7.461316355727983
1.0,1.0,1.0,True,3.8512147068977356,5.8036031416141824,31.328313553925252
1.0,1.0,1.0,True,3.143414556980133,16.75827914924278,11.234827449001514
1.0,-3.0,-3.0,False,1.7033283412456512,9.825834895956064,28.40702417575577
1.0,-36.0,-36.0,False,1.9150481820106506,12.220877927969097,30.247745666363862
1.0,72.0,72.0,False,2.1430044174194336,26.719117154281342,12.426532913301333
1.0,-32.0,-32.0,False,1.4462935328483582,6.539466763377302,35.65319356431102
1.0,-14.0,-14.0,False,2.350049912929535,35.453143251363095,19.160490552997498
1.0,-24.0,-24.0,False,1.233888864517212,17.838041070378654,25.226242294949248
1.0,-3.0,-3.0,False,4.320644378662109,25.384505065487073,14.477300469682369
1.0,4.0,4.0,False,2.185618042945862,25.268765435413417,13.781116476298754
1.0,-8.0,-8.0,False,3.197012424468994,25.268765435413417,11.234827449001514
1.0,-6.0,-6.0,False,2.6605873703956604,24.42634208763743,35.29243275795351
1.0,16.0,16.0,False,4.533069491386414,8.684313731819906,26.5552335426549
1.0,-44.0,-44.0,False,2.8578613996505737,25.710076947388256,9.162739091488495
1.0,-9.0,-9.0,False,3.6788201928138733,9.767946843123704,28.3288756585121
1.0,11.0,11.0,False,2.5096392035484314,12.220877927969097,31.07698596307358
1.0,-7.0,-7.0,False,1.2980918288230896,35.257567885176016,33.32035102439523
1.0,1.0,1.0,True,2.5096392035484314,11.176184872615734,31.07698596307358
1.0,23.0,23.0,False,2.100797653198242,19.32689103402344,11.8070116967639
1.0,-6.0,-6.0,False,2.6329967081546783,36.215490080927495,29.62354497112886
1.0,-33.0,-33.0,False,1.1393350064754486,15.941481508069415,25.423909823920933
1.0,-11.0,-11.0,False,3.8512147068977356,35.257567885176016,31.328313553925252
1.0,-34.0,-34.0,False,2.045419156551361,22.37327066057329,15.562480911181895
1.0,41.0,41.0,False,3.4734527468681335,6.8089509871364955,31.635485754020316
1.0,-1.0,-1.0,False,4.202455520629883,5.896665193174073,24.124587613865287
1.0,-26.0,-26.0,False,1.3925985991954803,20.714473599488503,14.459060654315964
1.0,-17.0,-17.0,False,1.9150481820106506,9.767946843123704,30.247745666363862
1.0,16.0,16.0,False,1.233888864517212,7.029798569811862,25.226242294949248
1.0,-3.0,-3.0,False,1.5794258117675781,25.322263817248295,20.926625721625967
1.0,-28.0,-28.0,False,1.6927593350410461,12.198694184256993,27.623650151065426
1.0,0.0,0.0,False,3.8309966921806335,23.89718635628618,26.03469888066472
1.0,29.0,29.0,False,1.5794258117675781,36.48358914102789,20.926625721625967
1.0,30.0,30.0,False,1.5037471652030945,9.767946843123704,18.172930462953083
1.0,44.0,44.0,False,3.831646203994751,24.42634208763743,21.362530378272083
1.0,-29.0,-29.0,False,1.6927593350410461,12.198694184256993,18.74188791904595
1.0,-34.0,-34.0,False,2.045419156551361,22.251608801124497,15.562480911181895
1.0,-19.0,-19.0,False,1.9543041288852692,7.016187819438642,19.160490552997498
1.0,0.0,0.0,False,1.1393350064754486,25.268765435413417,25.423909823920933
1.0,-71.0,-71.0,False,2.350049912929535,15.128389467395307,19.160490552997498
1.0,3.0,3.0,False,2.185618042945862,25.322263817248295,13.781116476298754
1.0,-3.0,-3.0,False,3.197012424468994,33.75704684688087,11.234827449001514
1.0,28.0,28.0,False,3.1056050658226013,6.896398361737055,9.86222244471662
1.0,-12.0,-12.0,False,3.143414556980133,16.75827914924278,31.874831644249404
1.0,20.0,20.0,False,1.4389153718948364,17.024768624995147,34.56568080068853
1.0,-6.0,-6.0,False,1.9150481820106506,18.372323496509644,30.247745666363862
1.0,4.0,4.0,False,4.289421439170837,11.176184872615734,19.69978690249989
1.0,70.0,70.0,False,1.7382183074951172,30.988982242343162,12.426532913301333
1.0,40.0,40.0,False,1.30422642827034,18.088969888917138,19.333943335457505
1.0,-1.0,-1.0,False,1.9410921335220337,7.029798569811862,20.1812395244062
1.0,-37.0,-37.0,False,3.3152769804000854,22.039840430289576,9.10645196254784
1.0,14.0,14.0,False,2.1430044174194336,26.719117154281342,18.74188791904595
1.0,-38.0,-38.0,False,1.1156711876392365,6.929446658106896,31.328313553925252
1.0,-7.0,-7.0,False,2.411775529384613,15.727588997175076,31.397472844203598
1.0,3.0,3.0,False,5.900801122188568,21.724383407113088,37.320378173105944
1.0,-27.0,-27.0,False,1.0544519126415253,20.17877745782392,25.423909823920933
1.0,11.0,11.0,False,3.044618844985962,22.970009697865162,20.1812395244062
1.0,16.0,16.0,False,2.6269367337226868,36.440122480553015,23.354319945985697
1.0,12.0,12.0,False,1.1393350064754486,35.753317565639456,25.423909823920933
1.0,-38.0,-38.0,False,3.1951505839824677,15.192212570657812,26.5552335426549
1.0,32.0,32.0,False,3.143414556980133,16.75827914924278,26.03469888066472
1.0,29.0,29.0,False,2.598024308681488,22.391340884512594,12.426532913301333
1.0,37.0,37.0,False,2.2542691826820374,23.771279288769005,15.44152297755811
1.0,-46.0,-46.0,False,4.31593930721283,25.33344199341342,7.492316379174532
1.0,38.0,38.0,False,1.7033283412456512,1.8813858642183336,28.40702417575577
1.0,2.0,2.0,False,1.3925985991954803,10.993640144844582,14.459060654315964
1.0,-54.0,-54.0,False,2.467828333377838,9.825834895956064,23.963881195809204
1.0,7.0,7.0,False,2.4802903532981873,18.372323496509644,11.234827449001514
1.0,32.0,32.0,False,2.6175727248191833,19.32689103402344,19.69978690249989
1.0,-16.0,-16.0,False,2.100797653198242,25.33344199341342,11.8070116967639
1.0,-48.0,-48.0,False,2.540506422519684,6.491268749389956,10.527691610672022
1.0,-44.0,-44.0,False,4.117579698562622,6.182198767752773,20.968623472193006
1.0,-4.0,-4.0,False,2.4256690740585327,15.941481508069415,19.69978690249989
1.0,10.0,10.0,False,1.7615023851394653,4.834388990326496,25.088999601438406
1.0,-9.0,-9.0,False,3.5028025433421135,28.678302096513942,9.86222244471662
1.0,-12.0,-12.0,False,3.1951505839824677,15.192212570657812,11.941518696313885
1.0,0.0,0.0,False,1.5037471652030945,28.2939815632264,18.172930462953083
1.0,22.0,22.0,False,1.3925985991954803,22.89996353629595,14.459060654315964
1.0,27.0,27.0,False,3.756829261779785,25.268765435413417,19.333943335457505
1.0,-34.0,-34.0,False,1.032774806022644,18.313921564017317,13.721418325443489
1.0,22.0,22.0,False,1.7615023851394653,27.18462160154078,25.088999601438406
1.0,-5.0,-5.0,False,4.117579698562622,21.724383407113088,20.968623472193006
1.0,-40.0,-40.0,False,3.6788201928138733,22.039840430289576,28.3288756585121
1.0,0.0,0.0,False,2.6329967081546783,36.215490080927495,37.320378173105944
1.0,-28.0,-28.0,False,1.5794258117675781,28.2939815632264,20.926625721625967
1.0,-32.0,-32.0,False,2.2839669585227966,25.710076947388256,30.003338516758166
1.0,42.0,42.0,False,1.5037471652030945,21.724383407113088,18.172930462953083
1.0,-54.0,-54.0,False,3.919823080301285,18.313921564017317,23.067137316586095
1.0,26.0,26.0,False,1.7615023851394653,18.31600533223788,25.088999601438406
1.0,24.0,24.0,False,3.0607841312885284,15.727588997175076,12.426532913301333
1.0,31.0,31.0,False,3.027155101299286,9.825834895956064,24.16313114831911
1.0,-7.0,-7.0,False,1.7601966857910156,1.8813858642183336,6.4763657709114
1.0,20.0,20.0,False,3.0532886385917664,8.268669101495233,30.164574678781033
1.0,-26.0,-26.0,False,2.467828333377838,10.993640144844582,23.963881195809204
1.0,35.0,35.0,False,1.5037471652030945,25.384505065487073,18.172930462953083
1.0,38.0,38.0,False,3.4734527468681335,6.8089509871364955,9.86222244471662
1.0,37.0,37.0,False,3.5028025433421135,5.8036031416141824,9.86222244471662
1.0,-6.0,-6.0,False,2.467828333377838,22.89996353629595,23.963881195809204
1.0,23.0,23.0,False,1.2980918288230896,8.684313731819906,33.32035102439523
1.0,16.0,16.0,False,2.100797653198242,8.268669101495233,11.8070116967639
1.0,-11.0,-11.0,False,4.320644378662109,35.257567885176016,14.477300469682369
1.0,-10.0,-10.0,False,1.4462935328483582,8.268669101495233,35.65319356431102
1.0,-20.0,-20.0,False,2.6175727248191833,19.32689103402344,35.29243275795351
1.0,-61.0,-61.0,False,3.5643245577812195,15.128389467395307,11.931551784497481
1.0,2.0,2.0,False,1.1393350064754486,10.993640144844582,25.423909823920933
1.0,-17.0,-17.0,False,1.651623249053955,35.257567885176016,29.21017300793202
1.0,21.0,21.0,False,2.563883900642395,27.18462160154078,32.28191749495659
1.0,30.0,30.0,False,4.145411550998688,17.7203491404304,23.627615264169048
1.0,-23.0,-23.0,False,1.887393057346344,14.46331474099624,15.562480911181895
1.0,-33.0,-33.0,False,2.2839669585227966,6.491268749389956,30.003338516758166
1.0,14.0,14.0,False,1.233888864517212,30.722127067145696,25.226242294949248
1.0,-41.0,-41.0,False,3.069858103990555,6.539466763377302,24.083683666950257
1.0,44.0,44.0,False,2.7933056950569153,35.63526759171752,7.943834075362761
1.0,3.0,3.0,False,1.4314748048782349,5.896665193174073,21.34984156529695
1.0,-31.0,-31.0,False,3.7953380942344666,6.539466763377302,11.931551784497481
1.0,13.0,13.0,False,2.185618042945862,25.384505065487073,13.781116476298754
1.0,-1.0,-1.0,False,2.350049912929535,6.8089509871364955,19.160490552997498
1.0,31.0,31.0,False,4.695863902568817,24.646739058460053,12.426532913301333
1.0,24.0,24.0,False,2.411775529384613,25.268765435413417,31.397472844203598
1.0,-4.0,-4.0,False,2.540506422519684,36.440122480553015,10.527691610672022
1.0,-52.0,-52.0,False,2.7595576643943787,22.59403299283704,6.4763657709114
1.0,30.0,30.0,False,2.573796182870865,26.68731775154582,17.245947541495187
1.0,10.0,10.0,False,1.887393057346344,14.46331474099624,26.03469888066472
1.0,-28.0,-28.0,False,2.2839669585227966,7.0380143243590245,30.003338516758166
1.0,17.0,17.0,False,1.7382183074951172,30.988982242343162,23.354319945985697
1.0,-21.0,-21.0,False,2.467828333377838,11.866328717537957,23.963881195809204
1.0,-16.0,-16.0,False,5.263148367404938,22.039840430289576,11.941518696313885
1.0,-27.0,-27.0,False,2.3866533041000366,11.176184872615734,27.623650151065426
1.0,44.0,44.0,False,2.0415868163108826,25.91866234294712,15.44152297755811
1.0,-13.0,-13.0,False,3.3984220027923584,35.453143251363095,17.079648409760235
1.0,-12.0,-12.0,False,1.233888864517212,16.028586599538535,25.226242294949248
1.0,1.0,1.0,True,3.5564870834350586,13.286982046602542,23.627615264169048
1.0,-7.0,-7.0,False,2.0695550441741943,28.678302096513942,23.84708366237766
1.0,-4.0,-4.0,False,2.0695550441741943,6.491268749389956,23.84708366237766
1.0,-51.0,-51.0,False,4.533069491386414,25.33344199341342,26.5552335426549
1.0,6.0,6.0,False,2.0556656420230865,28.332034498251616,31.635485754020316
1.0,-33.0,-33.0,False,1.4389153718948364,9.825834895956064,34.56568080068853
1.0,-41.0,-41.0,False,1.6927593350410461,12.198694184256993,19.160490552997498
1.0,24.0,24.0,False,2.563883900642395,21.724383407113088,32.28191749495659
1.0,2.0,2.0,False,1.5037471652030945,24.646739058460053,18.172930462953083
1.0,22.0,22.0,False,2.100797653198242,30.722127067145696,11.8070116967639
1.0,-22.0,-22.0,False,3.0563420057296753,24.72515053235584,31.136009689678477
1.0,-27.0,-27.0,False,2.2839669585227966,25.63290893573752,30.003338516758166
1.0,38.0,38.0,False,1.6054491996765137,18.779876734945535,11.8070116967639
1.0,-37.0,-37.0,False,2.229045480489731,22.251608801124497,28.3288756585121
1.0,-43.0,-43.0,False,3.2549608945846558,24.646739058460053,29.62354497112886
1.0,-13.0,-13.0,False,3.143414556980133,16.75827914924278,23.067137316586095
1.0,-9.0,-9.0,False,2.573796182870865,6.539466763377302,17.245947541495187
1.0,-53.0,-53.0,False,3.0607841312885284,15.727588997175076,6.4763657709114
1.0,-7.0,-7.0,False,3.380917489528656,31.61201662875866,20.714773587649894
1.0,-22.0,-22.0,False,1.1156711876392365,6.929446658106896,13.781116476298754
1.0,-42.0,-42.0,False,2.0556656420230865,28.332034498251616,31.874831644249404
1.0,34.0,34.0,False,2.0186419636011124,26.512557886933653,19.333943335457505
1.0,-48.0,-48.0,False,3.8512147068977356,17.838041070378654,31.328313553925252
1.0,40.0,40.0,False,1.30422642827034,18.088969888917138,14.44719288101025
1.0,-27.0,-27.0,False,1.3925985991954803,17.818125696394656,14.459060654315964
1.0,16.0,16.0,False,1.6206836700439453,16.564870873387513,17.806343513797543
1.0,1.0,1.0,True,2.7187404930591583,20.714473599488503,31.635485754020316
1.0,-12.0,-12.0,False,1.2980918288230896,8.268669101495233,33.32035102439523
1.0,-74.0,-74.0,False,1.651623249053955,15.128389467395307,29.21017300793202
1.0,25.0,25.0,False,3.5028025433421135,4.834388990326496,9.86222244471662
1.0,-1.0,-1.0,False,2.6869274973869324,6.491268749389956,19.69978690249989
1.0,28.0,28.0,False,4.638445734977722,35.257567885176016,22.930728422124716
1.0,-5.0,-5.0,False,1.7382183074951172,30.988982242343162,24.735626998705815
1.0,-17.0,-17.0,False,2.3866533041000366,30.967075783812763,27.623650151065426
1.0,-8.0,-8.0,False,2.4011834859848022,8.802974720499233,20.714773587649894
1.0,5.0,5.0,False,3.831646203994751,24.42634208763743,20.714773587649894
1.0,-31.0,-31.0,False,3.2827028632164,5.896665193174073,20.1812395244062
1.0,4.0,4.0,False,5.182080268859863,23.520374961511095,22.930728422124716
1.0,7.0,7.0,False,2.7933056950569153,35.63526759171752,7.492316379174532
1.0,-38.0,-38.0,False,2.6605873703956604,12.220877927969097,35.29243275795351
1.0,-7.0,-7.0,False,2.100797653198242,22.039840430289576,11.8070116967639
1.0,-34.0,-34.0,False,3.3568029701709747,16.028586599538535,7.492316379174532
1.0,0.0,0.0,False,1.0544519126415253,20.17877745782392,7.943834075362761
1.0,48.0,48.0,False,1.6206836700439453,16.564870873387513,15.44152297755811
1.0,-46.0,-46.0,False,2.6869274973869324,6.491268749389956,18.531492106253697
1.0,-31.0,-31.0,False,1.5794258117675781,25.710076947388256,20.926625721625967
1.0,-40.0,-40.0,False,2.6869274973869324,6.491268749389956,9.10645196254784
1.0,1.0,1.0,True,1.4462935328483582,26.512557886933653,35.65319356431102
1.0,-4.0,-4.0,False,2.0076794624328613,20.714473599488503,26.34817094915172
1.0,27.0,27.0,False,1.7033283412456512,7.029798569811862,28.40702417575577
1.0,10.0,10.0,False,3.1945232152938843,26.68731775154582,18.74188791904595
1.0,-34.0,-34.0,False,3.197012424468994,28.2939815632264,11.234827449001514
1.0,-49.0,-49.0,False,1.651623249053955,15.727588997175076,29.21017300793202
1.0,-4.0,-4.0,False,1.4314748048782349,28.678302096513942,21.34984156529695
1.0,1.0,1.0,True,3.044618844985962,22.970009697865162,26.5552335426549
1.0,-3.0,-3.0,False,2.6869274973869324,6.491268749389956,19.333943335457505
1.0,-35.0,-35.0,False,3.2336122393608093,13.699120452937189,7.492316379174532
1.0,-6.0,-6.0,False,2.4256690740585327,15.941481508069415,21.362530378272083
1.0,-13.0,-13.0,False,2.590574264526367,30.722127067145696,7.461316355727983
1.0,7.0,7.0,False,3.2331326007843018,23.364725965953706,25.575871484251618
1.0,-10.0,-10.0,False,2.8578613996505737,31.61201662875866,9.162739091488495
1.0,57.0,57.0,False,3.027155101299286,25.268765435413417,24.16313114831911
1.0,5.0,5.0,False,1.7615023851394653,7.016187819438642,25.088999601438406
1.0,42.0,42.0,False,2.4802903532981873,18.372323496509644,22.930728422124716
1.0,25.0,25.0,False,3.4734527468681335,6.8089509871364955,11.941518696313885
1.0,18.0,18.0,False,2.6175727248191833,19.32689103402344,31.136009689678477
1.0,-5.0,-5.0,False,1.7601966857910156,1.8813858642183336,24.735626998705815
1.0,-2.0,-2.0,False,3.1945232152938843,35.257567885176016,18.74188791904595
1.0,-4.0,-4.0,False,2.100797653198242,25.63290893573752,11.8070116967639
1.0,-46.0,-46.0,False,1.6927593350410461,12.198694184256993,24.735626998705815
1.0,-36.0,-36.0,False,3.1951505839824677,15.192212570657812,37.320378173105944
1.0,33.0,33.0,False,2.6269367337226868,8.684313731819906,23.354319945985697
1.0,-60.0,-60.0,False,2.6605873703956604,24.72515053235584,35.29243275795351
1.0,41.0,41.0,False,3.4734527468681335,6.8089509871364955,7.943834075362761
1.0,-30.0,-30.0,False,2.6978642642498016,12.220877927969097,24.083683666950257
1.0,-46.0,-46.0,False,2.6447466611862183,25.181982680867325,23.067137316586095
1.0,10.0,10.0,False,1.7382183074951172,30.988982242343162,20.1812395244062
1.0,-36.0,-36.0,False,2.4256690740585327,15.941481508069415,17.806343513797543
1.0,27.0,27.0,False,2.5096392035484314,12.326040887113983,31.07698596307358
1.0,-2.0,-2.0,False,2.350049912929535,36.215490080927495,19.160490552997498
1.0,-2.0,-2.0,False,1.5794258117675781,25.268765435413417,20.926625721625967
1.0,16.0,16.0,False,2.8578613996505737,8.684313731819906,9.162739091488495
1.0,-45.0,-45.0,False,3.5643245577812195,15.128389467395307,11.941518696313885
1.0,-44.0,-44.0,False,2.467828333377838,23.364725965953706,23.963881195809204
1.0,-40.0,-40.0,False,1.6822614073753357,28.2939815632264,20.936730419078675
1.0,-34.0,-34.0,False,2.0556656420230865,28.332034498251616,28.3288756585121
1.0,11.0,11.0,False,4.127568960189819,23.364725965953706,31.635485754020316
1.0,10.0,10.0,False,2.2839669585227966,5.8036031416141824,30.003338516758166
1.0,-4.0,-4.0,False,3.1056050658226013,6.896398361737055,11.234827449001514
1.0,-7.0,-7.0,False,3.0607841312885284,15.727588997175076,30.164574678781033
2.0,-40.0,-40.0,False,4.3308225274086,23.520374961511095,6.894276177115888
2.0,-43.0,-43.0,False,3.255272388458252,24.72515053235584,29.917881233474827
2.0,35.0,35.0,False,4.327871799468994,35.753317565639456,27.603452123834657
2.0,7.0,7.0,False,2.2542691826820374,23.771279288769005,36.6115270446925
2.0,-9.0,-9.0,False,3.116420090198517,11.866328717537957,35.93803949365776
2.0,-16.0,-16.0,False,2.5428141951560974,35.753317565639456,26.056692981317095
2.0,-45.0,-45.0,False,6.240447163581848,22.37327066057329,17.464992822033498
2.0,-35.0,-35.0,False,2.9111926555633545,12.039208413142779,34.18229879812902
2.0,-9.0,-9.0,False,1.9410921335220337,7.029798569811862,10.299465241485068
2.0,3.0,3.0,False,2.3173386454582214,35.753317565639456,26.73894509382391
2.0,45.0,45.0,False,2.5294495820999146,18.24042437444544,28.398162664161838
2.0,-8.0,-8.0,False,4.018531918525696,21.724383407113088,24.608371232164313
2.0,-4.0,-4.0,False,1.7382183074951172,30.988982242343162,16.58467307821125
2.0,-7.0,-7.0,False,1.7043076753616333,7.016187819438642,20.66640198702165
2.0,34.0,34.0,False,5.790111690759659,12.326040887113983,26.7450159010855
2.0,6.0,6.0,False,1.7382183074951172,30.988982242343162,15.580462036529228
2.0,12.0,12.0,False,2.0129697918891907,7.378742109162332,28.15189828383945
2.0,23.0,23.0,False,3.6144217252731323,11.866328717537957,35.023372203349936
2.0,-9.0,-9.0,False,2.0112594068050385,8.802974720499233,19.52566873379637
2.0,6.0,6.0,False,5.524632632732391,23.520374961511095,27.33641251998679
2.0,23.0,23.0,False,3.0532886385917664,8.268669101495233,13.061725064156393
2.0,3.0,3.0,False,4.998633682727814,25.710076947388256,14.47880873569318
2.0,19.0,19.0,False,3.8900445103645325,5.896665193174073,32.93902209418642
2.0,-51.0,-51.0,False,2.7595576643943787,22.59403299283704,17.464992822033498
2.0,17.0,17.0,False,2.6175727248191833,19.32689103402344,28.265163436840908
2.0,-33.0,-33.0,False,2.5913790464401245,22.59403299283704,3.202032135401295
2.0,-2.0,-2.0,False,2.6175727248191833,19.32689103402344,22.812213822751488
2.0,-47.0,-47.0,False,5.156186163425446,25.33344199341342,25.328537369888764
2.0,-30.0,-30.0,False,1.5608877539634705,16.028586599538535,17.77942818424816
2.0,22.0,22.0,False,4.56334912776947,17.024768624995147,22.812213822751488
2.0,54.0,54.0,False,2.5451010316610336,22.89996353629595,29.55509588255388
2.0,25.0,25.0,False,2.0129697918891907,7.378742109162332,30.00626524035133
2.0,-14.0,-14.0,False,2.7843924164772034,25.33344199341342,12.402164276506543
2.0,-36.0,-36.0,False,2.6447466611862183,25.181982680867325,20.603325569823255
2.0,56.0,56.0,False,1.460553228855133,36.48358914102789,9.091124689840125
2.0,23.0,23.0,False,2.551866888999939,22.391340884512594,34.393055283581624
2.0,25.0,25.0,False,2.6175727248191833,19.32689103402344,12.402164276506543
2.0,47.0,47.0,False,2.5294495820999146,18.24042437444544,6.92509106737983
2.0,-18.0,-18.0,False,2.590574264526367,30.722127067145696,34.29824200732139
2.0,-32.0,-32.0,False,2.3210570216178894,25.710076947388256,13.862325876722974
2.0,-11.0,-11.0,False,2.4706369638442993,6.896398361737055,24.143367693009928
2.0,3.0,3.0,False,2.171199142932892,9.767946843123704,24.552627812076093
2.0,-61.0,-61.0,False,1.2599478960037231,25.33344199341342,31.90620630095027
2.0,34.0,34.0,False,1.5872384309768677,33.75704684688087,14.88708530876607
2.0,51.0,51.0,False,1.6054491996765137,18.779876734945535,1.7632749328364907
2.0,35.0,35.0,False,2.590574264526367,30.722127067145696,12.023192722339827
2.0,-21.0,-21.0,False,3.2336122393608093,13.699120452937189,31.263495743065267
2.0,6.0,6.0,False,2.0129697918891907,7.378742109162332,29.830032343602333
2.0,2.0,2.0,True,2.0556656420230865,28.332034498251616,27.603452123834657
2.0,3.0,3.0,False,2.6447466611862183,25.181982680867325,13.061725064156393
2.0,57.0,57.0,False,2.233050525188446,36.48358914102789,31.8545742636717
2.0,45.0,45.0,False,2.795687347650528,35.753317565639456,1.7632749328364907
2.0,-12.0,-12.0,False,2.0186419636011124,26.512557886933653,16.58467307821125
2.0,-12.0,-12.0,False,1.6927593350410461,12.198694184256993,28.265163436840908
2.0,36.0,36.0,False,2.0186419636011124,26.512557886933653,4.664522132398218
2.0,20.0,20.0,False,3.612581640481949,25.268765435413417,26.473031554559835
2.0,-14.0,-14.0,False,4.894083797931671,25.33344199341342,28.398162664161838
2.0,4.0,4.0,False,2.795687347650528,25.710076947388256,1.7632749328364907
2.0,21.0,21.0,False,2.5851669907569885,17.7203491404304,32.24738042379695
2.0,25.0,25.0,False,2.590574264526367,30.722127067145696,19.46219217183154
2.0,-50.0,-50.0,False,2.598024308681488,22.391340884512594,24.608371232164313
2.0,32.0,32.0,False,3.8600403666496277,35.453143251363095,12.575888109034567
2.0,-43.0,-43.0,False,4.029255390167236,17.818125696394656,20.065302097566374
2.0,-51.0,-51.0,False,2.5428141951560974,6.182198767752773,26.056692981317095
2.0,7.0,7.0,False,2.5294495820999146,18.24042437444544,20.065302097566374
2.0,54.0,54.0,False,2.3940081000328064,8.802974720499233,30.944925422818976
2.0,9.0,9.0,False,3.052879571914673,16.75827914924278,10.262637279860781
2.0,-19.0,-19.0,False,2.591201901435852,22.59403299283704,9.687218495862703
2.0,-6.0,-6.0,False,1.7382183074951172,30.988982242343162,22.21625917961967
2.0,-22.0,-22.0,False,2.2236387729644775,13.453845351513136,29.830032343602333
2.0,17.0,17.0,False,3.116420090198517,17.7203491404304,35.93803949365776
2.0,-41.0,-41.0,False,2.2448704540729523,24.72515053235584,19.61564240624259
2.0,-52.0,-52.0,False,2.5428141951560974,22.37327066057329,26.056692981317095
2.0,9.0,9.0,False,2.0186419636011124,26.512557886933653,27.182918890485958
2.0,-20.0,-20.0,False,3.0532886385917664,8.268669101495233,20.065302097566374
2.0,23.0,23.0,False,2.9111926555633545,22.968614331318342,34.18229879812902
2.0,-75.0,-75.0,False,3.5643245577812195,15.128389467395307,16.58467307821125
2.0,3.0,3.0,False,4.146470129489899,24.646739058460053,15.675417802952467
2.0,30.0,30.0,False,2.0129697918891907,7.378742109162332,18.378513649001466
2.0,11.0,11.0,False,1.7601966857910156,1.8813858642183336,19.61564240624259
2.0,-25.0,-25.0,False,2.171199142932892,25.63290893573752,24.552627812076093
2.0,10.0,10.0,False,2.2236387729644775,13.453845351513136,12.023192722339827
2.0,55.0,55.0,False,2.5294495820999146,18.24042437444544,14.47880873569318
2.0,-36.0,-36.0,False,4.864805698394775,7.0380143243590245,25.328537369888764
2.0,-47.0,-47.0,False,3.794613301753998,23.55880983633386,17.464992822033498
2.0,28.0,28.0,False,2.590574264526367,30.722127067145696,31.8545742636717
2.0,19.0,19.0,False,3.0532886385917664,8.268669101495233,19.46219217183154
2.0,58.0,58.0,False,2.8632290065288544,17.7203491404304,24.890184914625053
2.0,-37.0,-37.0,False,4.414431869983673,25.33344199341342,36.6115270446925
2.0,17.0,17.0,False,3.6852448880672455,27.18462160154078,31.263495743065267
2.0,30.0,30.0,False,1.460553228855133,31.61201662875866,9.091124689840125
2.0,30.0,30.0,False,2.5294495820999146,18.24042437444544,28.15189828383945
2.0,9.0,9.0,False,2.2448704540729523,27.18462160154078,19.61564240624259
2.0,-45.0,-45.0,False,2.3173386454582214,17.838041070378654,26.73894509382391
2.0,11.0,11.0,False,1.6206836700439453,16.564870873387513,5.38939955783519
2.0,-29.0,-29.0,False,2.8629098534584045,30.967075783812763,6.247404856726324
2.0,-42.0,-42.0,False,3.116420090198517,28.2939815632264,35.93803949365776
2.0,-23.0,-23.0,False,5.189185082912445,12.039208413142779,28.15189828383945
2.0,-2.0,-2.0,False,2.6447466611862183,25.181982680867325,12.402164276506543
2.0,40.0,40.0,False,2.4802903532981873,18.372323496509644,24.890184914625053
2.0,-38.0,-38.0,False,2.964834690093994,7.0380143243590245,22.28502960035358
2.0,3.0,3.0,False,3.4734527468681335,6.8089509871364955,25.328537369888764
2.0,18.0,18.0,False,1.887393057346344,14.46331474099624,12.575888109034567
2.0,-51.0,-51.0,False,1.0544519126415253,20.17877745782392,29.58990783885902
2.0,-26.0,-26.0,False,2.635507106781006,25.181982680867325,36.144535788223806
2.0,-46.0,-46.0,False,4.864805698394775,7.0380143243590245,17.464992822033498
2.0,24.0,24.0,False,1.460553228855133,25.322263817248295,9.091124689840125
2.0,38.0,38.0,False,3.044618844985962,22.970009697865162,28.398162664161838
2.0,11.0,11.0,False,2.592158257961273,26.68731775154582,13.91530854152092
2.0,-18.0,-18.0,False,1.887393057346344,14.46331474099624,22.812213822751488
2.0,26.0,26.0,False,2.3940081000328064,25.63290893573752,30.944925422818976
2.0,-51.0,-51.0,False,2.5428141951560974,15.192212570657812,26.056692981317095
2.0,22.0,22.0,False,3.6337764263153076,22.968614331318342,33.81761676480808
2.0,38.0,38.0,False,4.981212854385376,25.384505065487073,4.664522132398218
2.0,8.0,8.0,False,2.5294495820999146,18.24042437444544,24.6076094511761
2.0,51.0,51.0,False,2.3940081000328064,35.453143251363095,30.944925422818976
2.0,10.0,10.0,False,2.5294495820999146,18.24042437444544,10.299465241485068
2.0,0.0,0.0,False,3.5358769297599792,7.0380143243590245,18.378513649001466
2.0,-2.0,-2.0,False,1.7043076753616333,35.257567885176016,20.66640198702165
2.0,62.0,62.0,False,2.551866888999939,5.8036031416141824,34.393055283581624
2.0,-36.0,-36.0,False,3.5643245577812195,15.128389467395307,30.00626524035133
2.0,55.0,55.0,False,2.3189568892121315,33.75704684688087,33.181535835062476
2.0,12.0,12.0,False,2.0415868163108826,25.91866234294712,3.202032135401295
2.0,0.0,0.0,False,4.146470129489899,22.039840430289576,15.675417802952467
2.0,10.0,10.0,False,1.887393057346344,14.46331474099624,27.603452123834657
2.0,-37.0,-37.0,False,2.2448704540729523,15.941481508069415,19.61564240624259
2.0,40.0,40.0,False,2.0186419636011124,26.512557886933653,12.023192722339827
2.0,42.0,42.0,False,2.1430044174194336,26.719117154281342,18.378513649001466
2.0,-49.0,-49.0,False,3.255272388458252,24.72515053235584,20.603325569823255
2.0,7.0,7.0,False,2.6978642642498016,12.220877927969097,28.398162664161838
2.0,-10.0,-10.0,False,4.9025349617004395,12.039208413142779,30.00626524035133
2.0,9.0,9.0,False,2.9111926555633545,36.440122480553015,34.18229879812902
2.0,-1.0,-1.0,False,2.8632290065288544,6.539466763377302,24.890184914625053
2.0,-29.0,-29.0,False,2.6978642642498016,12.220877927969097,6.247404856726324
2.0,25.0,25.0,False,3.143414556980133,16.75827914924278,35.023372203349936
2.0,-4.0,-4.0,False,2.598024308681488,22.391340884512594,13.715792465317495
2.0,-55.0,-55.0,False,1.2599478960037231,6.491268749389956,31.90620630095027
2.0,4.0,4.0,False,1.6206836700439453,16.564870873387513,24.6076094511761
2.0,1.0,1.0,False,3.5192887783050537,20.13784077105612,6.92509106737983
2.0,78.0,78.0,False,2.3189568892121315,22.968614331318342,33.181535835062476
2.0,32.0,32.0,False,2.0129697918891907,7.378742109162332,15.675417802952467
2.0,-49.0,-49.0,False,2.6869274973869324,6.491268749389956,16.58467307821125
2.0,-45.0,-45.0,False,2.229045480489731,22.251608801124497,17.464992822033498
2.0,4.0,4.0,False,2.9111926555633545,25.384505065487073,34.18229879812902
2.0,6.0,6.0,False,1.6054491996765137,18.779876734945535,20.603325569823255
2.0,-36.0,-36.0,False,2.5851669907569885,25.181982680867325,32.24738042379695
2.0,-47.0,-47.0,False,2.7187404930591583,20.714473599488503,34.39785180426045
2.0,6.0,6.0,False,2.0415868163108826,25.91866234294712,26.73894509382391
2.0,35.0,35.0,False,3.143414556980133,16.75827914924278,31.8545742636717
2.0,7.0,7.0,False,3.817037522792816,22.968614331318342,22.21625917961967
2.0,-31.0,-31.0,False,2.2522791028022766,25.181982680867325,19.38749164160543
2.0,45.0,45.0,False,1.6206836700439453,16.564870873387513,31.8545742636717
2.0,-23.0,-23.0,False,1.0544519126415253,20.17877745782392,31.263495743065267
2.0,-29.0,-29.0,False,6.335692465305328,22.37327066057329,22.812213822751488
2.0,36.0,36.0,False,4.9025349617004395,21.724383407113088,30.00626524035133
2.0,36.0,36.0,False,1.887393057346344,14.46331474099624,34.393055283581624
2.0,0.0,0.0,False,2.3173386454582214,16.75827914924278,26.73894509382391
2.0,0.0,0.0,False,2.9111926555633545,33.75704684688087,34.18229879812902
2.0,60.0,60.0,False,1.5872384309768677,36.48358914102789,14.88708530876607
2.0,-24.0,-24.0,False,1.7043076753616333,28.332034498251616,20.66640198702165
2.0,-4.0,-4.0,False,3.052879571914673,8.268669101495233,10.262637279860781
2.0,-20.0,-20.0,False,2.6120094060897827,10.993640144844582,19.381000204976846
2.0,0.0,0.0,False,2.7187404930591583,20.714473599488503,26.01831729922225
2.0,-8.0,-8.0,False,5.111356317996979,12.039208413142779,13.715792465317495
2.0,-44.0,-44.0,False,4.350481420755386,12.039208413142779,6.247404856726324
2.0,12.0,12.0,False,1.7043076753616333,1.8813858642183336,20.66640198702165
2.0,31.0,31.0,False,2.0186419636011124,26.512557886933653,19.9160231907961
2.0,-17.0,-17.0,False,2.0129697918891907,7.378742109162332,19.381000204976846
2.0,-23.0,-23.0,False,2.573845624923706,25.63290893573752,29.830032343602333
2.0,-2.0,-2.0,False,1.9410921335220337,7.029798569811862,7.468490532234618
2.0,-36.0,-36.0,False,3.3838635087013245,25.63290893573752,20.603325569823255
2.0,39.0,39.0,False,2.7933056950569153,35.63526759171752,21.89532546577459
2.0,9.0,9.0,False,2.6978642642498016,12.220877927969097,6.92509106737983
2.0,18.0,18.0,False,4.56334912776947,17.024768624995147,15.580462036529228
2.0,12.0,12.0,False,3.831646203994751,24.42634208763743,22.812213822751488
2.0,33.0,33.0,False,4.9025349617004395,26.68731775154582,30.00626524035133
2.0,8.0,8.0,False,3.2336122393608093,13.699120452937189,26.7450159010855
2.0,-4.0,-4.0,False,1.0544519126415253,20.17877745782392,27.603452123834657
2.0,-4.0,-4.0,False,2.1430044174194336,26.719117154281342,22.21625917961967
2.0,-40.0,-40.0,False,2.91950124502182,7.0380143243590245,24.6076094511761
2.0,46.0,46.0,False,2.4802903532981873,18.372323496509644,12.575888109034567
2.0,12.0,12.0,False,1.5608877539634705,18.779876734945535,17.77942818424816
2.0,2.0,2.0,True,2.0129697918891907,7.378742109162332,13.862325876722974
2.0,32.0,32.0,False,2.0186419636011124,26.512557886933653,24.890184914625053
2.0,2.0,2.0,True,2.8632290065288544,15.192212570657812,24.890184914625053
2.0,41.0,41.0,False,2.8632290065288544,21.724383407113088,24.890184914625053
2.0,-2.0,-2.0,False,3.5358769297599792,17.818125696394656,18.378513649001466
2.0,-45.0,-45.0,False,1.1156711876392365,6.929446658106896,16.58467307821125
2.0,48.0,48.0,False,2.268523633480072,25.322263817248295,34.393055283581624
2.0,15.0,15.0,False,2.171199142932892,22.970009697865162,24.552627812076093
2.0,38.0,38.0,False,3.380917489528656,31.61201662875866,26.7450159010855
2.0,-29.0,-29.0,False,2.8765732049942017,23.364725965953706,10.299465241485068
2.0,-3.0,-3.0,False,2.6329967081546783,36.215490080927495,35.93803949365776
2.0,-2.0,-2.0,False,2.4256690740585327,15.941481508069415,12.575888109034567
2.0,-8.0,-8.0,False,2.3173386454582214,35.257567885176016,26.73894509382391
2.0,-5.0,-5.0,False,3.2336122393608093,13.699120452937189,26.473031554559835
2.0,39.0,39.0,False,1.460553228855133,6.8089509871364955,9.091124689840125
2.0,41.0,41.0,False,3.4734527468681335,6.8089509871364955,15.675417802952467
2.0,28.0,28.0,False,2.0129697918891907,7.378742109162332,27.603452123834657
2.0,35.0,35.0,False,3.6852448880672455,8.684313731819906,31.263495743065267
2.0,-3.0,-3.0,False,3.4734527468681335,6.8089509871364955,6.894276177115888
2.0,0.0,0.0,False,4.414431869983673,4.834388990326496,36.6115270446925
2.0,23.0,23.0,False,2.5451010316610336,22.89996353629595,16.68434621890955
2.0,17.0,17.0,False,2.8629098534584045,30.967075783812763,29.55509588255388
2.0,25.0,25.0,False,2.0415868163108826,25.91866234294712,31.578917994067268
2.0,2.0,2.0,True,3.2336122393608093,13.699120452937189,13.061725064156393
2.0,14.0,14.0,False,2.0415868163108826,25.91866234294712,36.6115270446925
2.0,3.0,3.0,False,2.7187404930591583,20.714473599488503,4.664522132398218
2.0,3.0,3.0,False,5.239452660083771,35.453143251363095,27.182918890485958
2.0,4.0,4.0,False,3.41544571518898,21.724383407113088,11.388423712206299
2.0,7.0,7.0,False,3.3568029701709747,16.028586599538535,12.575888109034567
2.0,2.0,2.0,True,2.590574264526367,30.722127067145696,10.262637279860781
2.0,-38.0,-38.0,False,2.2236387729644775,13.453845351513136,24.6076094511761
2.0,2.0,2.0,True,3.1951505839824677,15.192212570657812,18.378513649001466
2.0,-1.0,-1.0,False,4.350481420755386,5.8036031416141824,6.247404856726324
2.0,54.0,54.0,False,2.3940081000328064,6.896398361737055,30.944925422818976
2.0,5.0,5.0,False,1.5872384309768677,22.37327066057329,14.88708530876607
2.0,-20.0,-20.0,False,4.018531918525696,9.767946843123704,24.608371232164313
2.0,6.0,6.0,False,3.1951505839824677,15.192212570657812,21.847245314641725
2.0,-40.0,-40.0,False,2.5913790464401245,24.72515053235584,3.202032135401295
2.0,-44.0,-44.0,False,3.5192887783050537,20.13784077105612,22.21625917961967
2.0,-38.0,-38.0,False,3.5192887783050537,20.13784077105612,20.937008980074932
2.0,-29.0,-29.0,False,1.6927593350410461,12.198694184256993,3.202032135401295
2.0,-10.0,-10.0,False,1.6927593350410461,12.198694184256993,35.023372203349936
2.0,-4.0,-4.0,False,2.2747095227241516,18.31600533223788,17.464992822033498
2.0,-35.0,-35.0,False,3.255272388458252,24.72515053235584,27.182918890485958
2.0,39.0,39.0,False,1.7601966857910156,1.8813858642183336,19.9160231907961
2.0,-9.0,-9.0,False,3.919823080301285,18.313921564017317,27.603452123834657
2.0,3.0,3.0,False,3.143414556980133,16.75827914924278,29.917881233474827
2.0,-1.0,-1.0,False,2.0556656420230865,28.332034498251616,30.00626524035133
2.0,4.0,4.0,False,2.482245624065399,22.611403705766833,13.061725064156393
2.0,32.0,32.0,False,3.8600403666496277,35.257567885176016,12.575888109034567
2.0,-30.0,-30.0,False,2.3210570216178894,22.039840430289576,13.862325876722974
2.0,-57.0,-57.0,False,4.220310688018799,17.838041070378654,22.21625917961967
2.0,-4.0,-4.0,False,2.4802903532981873,18.372323496509644,16.58467307821125
2.0,26.0,26.0,False,2.635507106781006,22.968614331318342,36.144535788223806
2.0,2.0,2.0,True,2.3210570216178894,31.61201662875866,13.862325876722974
2.0,6.0,6.0,False,3.5192887783050537,20.13784077105612,26.277576312242022
2.0,2.0,2.0,True,1.30422642827034,18.088969888917138,25.328537369888764
2.0,12.0,12.0,False,4.1809161901474,27.18462160154078,26.387006458490003
2.0,45.0,45.0,False,2.5294495820999146,18.24042437444544,13.715792465317495
2.0,33.0,33.0,False,4.116604030132294,35.453143251363095,29.55509588255388
2.0,-9.0,-9.0,False,3.0607841312885284,15.727588997175076,21.89532546577459
2.0,8.0,8.0,False,3.8600403666496277,23.520374961511095,12.575888109034567
2.0,-57.0,-57.0,False,2.4256690740585327,15.941481508069415,24.608371232164313
2.0,-44.0,-44.0,False,1.7847826480865479,17.838041070378654,5.38939955783519
2.0,63.0,63.0,False,2.3189568892121315,27.18462160154078,33.181535835062476
2.0,-27.0,-27.0,False,2.5851669907569885,12.220877927969097,32.24738042379695
2.0,8.0,8.0,False,2.2747095227241516,18.31600533223788,26.73894509382391
2.0,10.0,10.0,False,2.0556656420230865,28.332034498251616,12.575888109034567
2.0,-29.0,-29.0,False,2.5913790464401245,9.825834895956064,3.202032135401295
2.0,19.0,19.0,False,1.1156711876392365,6.929446658106896,32.93902209418642
2.0,-3.0,-3.0,False,2.4706369638442993,35.753317565639456,24.143367693009928
2.0,35.0,35.0,False,2.4802903532981873,18.372323496509644,26.473031554559835
2.0,-4.0,-4.0,False,1.7847826480865479,6.896398361737055,5.38939955783519
2.0,-72.0,-72.0,False,3.116420090198517,15.128389467395307,35.93803949365776
2.0,-12.0,-12.0,False,1.9410921335220337,7.029798569811862,35.93803949365776
2.0,50.0,50.0,False,2.551866888999939,35.257567885176016,34.393055283581624
2.0,25.0,25.0,False,2.229045480489731,22.251608801124497,34.393055283581624
2.0,-3.0,-3.0,False,3.1951505839824677,15.192212570657812,30.00626524035133
2.0,-5.0,-5.0,False,1.6206836700439453,16.564870873387513,29.58990783885902
2.0,14.0,14.0,False,2.573845624923706,27.18462160154078,29.830032343602333
2.0,72.0,72.0,False,3.8900445103645325,17.024768624995147,32.93902209418642
2.0,0.0,0.0,False,3.982268750667572,7.0380143243590245,9.3315550154488
2.0,64.0,64.0,False,2.4802903532981873,18.372323496509644,34.393055283581624
2.0,-42.0,-42.0,False,2.5851669907569885,22.59403299283704,32.24738042379695
2.0,42.0,42.0,False,2.591201901435852,8.684313731819906,9.687218495862703
2.0,-45.0,-45.0,False,2.7595576643943787,22.59403299283704,24.6076094511761
2.0,-7.0,-7.0,False,2.268523633480072,25.322263817248295,29.917881233474827
2.0,-41.0,-41.0,False,1.1156711876392365,6.929446658106896,24.143367693009928
2.0,27.0,27.0,False,3.756829261779785,25.268765435413417,13.061725064156393
2.0,-2.0,-2.0,False,3.5564870834350586,13.286982046602542,33.81761676480808
2.0,1.0,1.0,False,2.8632290065288544,22.37327066057329,24.890184914625053
2.0,-23.0,-23.0,False,4.018531918525696,12.326040887113983,24.608371232164313
2.0,24.0,24.0,False,2.0556656420230865,28.332034498251616,32.93902209418642
2.0,-51.0,-51.0,False,3.919823080301285,18.313921564017317,16.58467307821125
2.0,-10.0,-10.0,False,3.9824768900871277,22.37327066057329,28.265163436840908
2.0,29.0,29.0,False,1.9543041288852692,7.016187819438642,26.7450159010855
2.0,-30.0,-30.0,False,1.5608877539634705,22.37327066057329,17.77942818424816
2.0,-37.0,-37.0,False,2.5851669907569885,11.176184872615734,32.24738042379695
2.0,-10.0,-10.0,False,3.612581640481949,12.039208413142779,26.473031554559835
2.0,-15.0,-15.0,False,1.887393057346344,14.46331474099624,13.91530854152092
2.0,30.0,30.0,False,1.7043076753616333,17.7203491404304,20.66640198702165
2.0,-10.0,-10.0,False,2.268523633480072,25.322263817248295,26.73894509382391
2.0,-19.0,-19.0,False,3.8817779421806335,33.75704684688087,28.20711660273166
2.0,-49.0,-49.0,False,5.06955361366272,11.176184872615734,28.20711660273166
2.0,24.0,24.0,False,2.590574264526367,30.722127067145696,21.89532546577459
2.0,0.0,0.0,False,3.5358769297599792,11.176184872615734,18.378513649001466
2.0,-37.0,-37.0,False,3.2336122393608093,13.699120452937189,20.603325569823255
2.0,-38.0,-38.0,False,2.4256690740585327,15.941481508069415,34.18229879812902
2.0,32.0,32.0,False,2.4011834859848022,8.802974720499233,10.126840871484895
2.0,-10.0,-10.0,False,2.2542691826820374,23.771279288769005,33.657389601148346
2.0,2.0,2.0,True,2.0556656420230865,28.332034498251616,23.248379722660328
2.0,-1.0,-1.0,False,5.111356317996979,6.182198767752773,13.715792465317495
2.0,-33.0,-33.0,False,2.635507106781006,15.727588997175076,36.144535788223806
2.0,64.0,64.0,False,3.8600403666496277,17.7203491404304,12.575888109034567
2.0,28.0,28.0,False,2.591201901435852,35.63526759171752,9.687218495862703
2.0,2.0,2.0,True,2.7595576643943787,22.59403299283704,29.55509588255388
2.0,23.0,23.0,False,2.3940081000328064,17.818125696394656,30.944925422818976
2.0,32.0,32.0,False,2.5451010316610336,22.89996353629595,31.578917994067268
2.0,-41.0,-41.0,False,1.887393057346344,14.46331474099624,26.056692981317095
2.0,-20.0,-20.0,False,3.756829261779785,25.268765435413417,34.29824200732139
2.0,-1.0,-1.0,False,2.7595576643943787,22.59403299283704,4.664522132398218
2.0,4.0,4.0,False,2.2236387729644775,13.453845351513136,13.061725064156393
2.0,48.0,48.0,False,2.5294495820999146,18.24042437444544,24.890184914625053
2.0,-41.0,-41.0,False,2.4706369638442993,28.2939815632264,24.143367693009928
2.0,-38.0,-38.0,False,2.4706369638442993,15.192212570657812,24.143367693009928
2.0,-37.0,-37.0,False,2.964834690093994,22.37327066057329,22.28502960035358
2.0,5.0,5.0,False,1.7847826480865479,5.8036031416141824,5.38939955783519
2.0,-34.0,-34.0,False,2.2448704540729523,6.491268749389956,19.61564240624259
2.0,-3.0,-3.0,False,3.0532886385917664,8.268669101495233,16.68434621890955
2.0,-4.0,-4.0,False,2.2448704540729523,25.268765435413417,19.61564240624259
2.0,-15.0,-15.0,False,2.591201901435852,20.714473599488503,9.687218495862703
2.0,-22.0,-22.0,False,2.7187404930591583,20.714473599488503,31.263495743065267
2.0,52.0,52.0,False,2.5411071181297302,22.968614331318342,19.9160231907961
2.0,-25.0,-25.0,False,2.635507106781006,23.89718635628618,36.144535788223806
2.0,-29.0,-29.0,False,2.5913790464401245,5.896665193174073,3.202032135401295
2.0,-32.0,-32.0,False,1.5608877539634705,12.198694184256993,17.77942818424816
2.0,-16.0,-16.0,False,2.2542691826820374,23.771279288769005,29.58990783885902
2.0,-46.0,-46.0,False,3.116420090198517,12.039208413142779,35.93803949365776
2.0,9.0,9.0,False,2.5294495820999146,18.24042437444544,6.247404856726324
2.0,45.0,45.0,False,3.4734527468681335,6.8089509871364955,12.575888109034567
2.0,-8.0,-8.0,False,1.9410921335220337,7.029798569811862,11.388423712206299
2.0,-9.0,-9.0,False,2.4256690740585327,15.941481508069415,19.9160231907961
2.0,2.0,2.0,True,4.3308225274086,18.20898157299969,6.894276177115888
2.0,-15.0,-15.0,False,2.591201901435852,5.896665193174073,9.687218495862703
2.0,-44.0,-44.0,False,2.598024308681488,22.391340884512594,33.657389601148346
2.0,13.0,13.0,False,1.7601966857910156,1.8813858642183336,13.91530854152092
2.0,-32.0,-32.0,False,5.263148367404938,22.039840430289576,22.812213822751488
2.0,-31.0,-31.0,False,2.171199142932892,6.491268749389956,24.552627812076093
2.0,-3.0,-3.0,False,3.116420090198517,5.8036031416141824,35.93803949365776
2.0,-26.0,-26.0,False,2.592158257961273,25.63290893573752,13.91530854152092
2.0,0.0,0.0,False,3.794613301753998,23.55880983633386,31.8545742636717
2.0,47.0,47.0,False,1.7382183074951172,30.988982242343162,14.47880873569318
2.0,-1.0,-1.0,False,2.6978642642498016,12.220877927969097,28.265163436840908
2.0,-9.0,-9.0,False,2.6120094060897827,27.18462160154078,19.381000204976846
2.0,-27.0,-27.0,False,2.8629098534584045,30.967075783812763,20.603325569823255
2.0,64.0,64.0,False,1.7382183074951172,30.988982242343162,34.393055283581624
2.0,45.0,45.0,False,2.6329967081546783,36.215490080927495,14.47880873569318
2.0,-29.0,-29.0,False,1.5608877539634705,23.89718635628618,17.77942818424816
2.0,43.0,43.0,False,1.7382183074951172,30.988982242343162,10.126840871484895
2.0,-8.0,-8.0,False,2.0112594068050385,31.61201662875866,19.52566873379637
2.0,18.0,18.0,False,2.3940081000328064,18.313921564017317,30.944925422818976
2.0,55.0,55.0,False,2.5411071181297302,8.684313731819906,19.9160231907961
2.0,56.0,56.0,False,2.0186419636011124,26.512557886933653,34.393055283581624
2.0,-12.0,-12.0,False,2.5428141951560974,22.970009697865162,26.056692981317095
2.0,-7.0,-7.0,False,4.5991896986961365,5.8036031416141824,34.29824200732139
2.0,35.0,35.0,False,2.6329967081546783,36.215490080927495,13.715792465317495
2.0,5.0,5.0,False,1.5872384309768677,22.251608801124497,14.88708530876607
2.0,-29.0,-29.0,False,2.573845624923706,12.039208413142779,29.830032343602333
2.0,5.0,5.0,False,3.6852448880672455,35.453143251363095,31.263495743065267
2.0,-32.0,-32.0,False,2.598024308681488,22.391340884512594,7.468490532234618
2.0,-47.0,-47.0,False,1.6927593350410461,12.198694184256993,22.21625917961967
2.0,0.0,0.0,False,3.8817779421806335,33.75704684688087,22.812213822751488
2.0,14.0,14.0,False,2.573845624923706,26.68731775154582,29.830032343602333
2.0,14.0,14.0,False,5.0038527846336365,17.7203491404304,16.58467307821125
2.0,30.0,30.0,False,1.9410921335220337,7.029798569811862,26.01831729922225
2.0,-11.0,-11.0,False,1.30422642827034,18.088969888917138,24.608371232164313
2.0,26.0,26.0,False,4.531162202358246,9.767946843123704,13.715792465317495
2.0,-1.0,-1.0,False,2.2542691826820374,23.771279288769005,15.580462036529228
2.0,-3.0,-3.0,False,2.6120094060897827,18.20898157299969,19.381000204976846
2.0,-16.0,-16.0,False,1.887393057346344,14.46331474099624,13.862325876722974
2.0,-19.0,-19.0,False,3.1951505839824677,15.192212570657812,31.263495743065267
2.0,-12.0,-12.0,False,3.143414556980133,16.75827914924278,22.21625917961967
2.0,26.0,26.0,False,2.8245716094970703,10.993640144844582,6.92509106737983
2.0,61.0,61.0,False,2.551866888999939,35.753317565639456,34.393055283581624
2.0,-6.0,-6.0,False,2.4706369638442993,25.384505065487073,24.143367693009928
2.0,36.0,36.0,False,3.612581640481949,21.724383407113088,26.473031554559835
2.0,-36.0,-36.0,False,2.6978642642498016,12.220877927969097,17.464992822033498
2.0,15.0,15.0,False,3.8900445103645325,12.039208413142779,32.93902209418642
2.0,-8.0,-8.0,False,2.6869274973869324,6.491268749389956,12.402164276506543
2.0,-4.0,-4.0,False,2.598024308681488,22.391340884512594,21.89532546577459
2.0,47.0,47.0,False,1.7382183074951172,30.988982242343162,29.55509588255388
2.0,3.0,3.0,False,2.4802903532981873,18.372323496509644,32.24738042379695
2.0,5.0,5.0,False,1.0544519126415253,20.17877745782392,29.55509588255388
2.0,9.0,9.0,False,1.887393057346344,14.46331474099624,24.81775400184894
2.0,-34.0,-34.0,False,2.2448704540729523,22.59403299283704,19.61564240624259
2.0,20.0,20.0,False,1.9543041288852692,7.016187819438642,19.9160231907961
2.0,-35.0,-35.0,False,4.407665252685547,5.896665193174073,15.580462036529228
2.0,-46.0,-46.0,False,2.964834690093994,35.09999405298427,22.28502960035358
2.0,-4.0,-4.0,False,1.6927593350410461,12.198694184256993,12.402164276506543
2.0,-24.0,-24.0,False,4.407665252685547,5.896665193174073,27.182918890485958
2.0,4.0,4.0,False,3.8600403666496277,22.039840430289576,12.575888109034567
2.0,-29.0,-29.0,False,2.5913790464401245,23.55880983633386,3.202032135401295
2.0,-5.0,-5.0,False,3.6337764263153076,35.257567885176016,33.81761676480808
2.0,-38.0,-38.0,False,2.598024308681488,22.391340884512594,11.388423712206299
2.0,24.0,24.0,False,2.5483431816101074,4.834388990326496,23.248379722660328
2.0,42.0,42.0,False,1.460553228855133,24.42634208763743,9.091124689840125
2.0,-2.0,-2.0,False,2.5483431816101074,13.699120452937189,23.248379722660328
2.0,-16.0,-16.0,False,1.7043076753616333,14.46331474099624,20.66640198702165
2.0,-25.0,-25.0,False,2.171199142932892,22.251608801124497,24.552627812076093
2.0,-45.0,-45.0,False,4.260360926389694,24.646739058460053,34.39785180426045
2.0,-49.0,-49.0,False,1.2599478960037231,22.251608801124497,31.90620630095027
2.0,23.0,23.0,False,2.268523633480072,25.322263817248295,19.9160231907961
2.0,-42.0,-42.0,False,2.7595576643943787,22.59403299283704,20.603325569823255
2.0,-7.0,-7.0,False,4.894083797931671,25.710076947388256,28.398162664161838
2.0,41.0,41.0,False,4.7348752617836,26.68731775154582,10.126840871484895
2.0,5.0,5.0,False,2.7933056950569153,35.63526759171752,11.388423712206299
1.0,25.0,25.0,False,3.2827028632164,20.1812395244062,30.00626524035133
1.0,4.0,4.0,False,3.8600403666496277,21.362530378272083,12.575888109034567
1.0,15.0,15.0,False,2.467828333377838,23.963881195809204,10.299465241485068
1.0,-33.0,-33.0,False,2.573796182870865,17.245947541495187,20.065302097566374
1.0,-5.0,-5.0,False,2.185618042945862,13.781116476298754,36.6115270446925
1.0,22.0,22.0,False,1.3925985991954803,14.459060654315964,12.402164276506543
1.0,14.0,14.0,False,1.9150481820106506,30.247745666363862,19.38749164160543
1.0,-42.0,-42.0,False,2.91950124502182,21.362530378272083,24.6076094511761
1.0,2.0,2.0,False,2.100797653198242,11.8070116967639,12.402164276506543
1.0,15.0,15.0,False,4.1809161901474,18.531492106253697,26.387006458490003
1.0,6.0,6.0,False,3.5645753145217896,31.328313553925252,7.468490532234618
1.0,7.0,7.0,False,1.2980918288230896,33.32035102439523,26.387006458490003
1.0,-8.0,-8.0,False,6.240447163581848,37.320378173105944,17.464992822033498
1.0,-36.0,-36.0,False,3.875714063644409,21.362530378272083,15.580462036529228
1.0,23.0,23.0,False,4.117579698562622,20.968623472193006,27.182918890485958
1.0,-5.0,-5.0,False,1.7615023851394653,25.088999601438406,31.263495743065267
1.0,-6.0,-6.0,False,1.3925985991954803,14.459060654315964,29.917881233474827
1.0,34.0,34.0,False,1.4462935328483582,35.65319356431102,10.126840871484895
1.0,-62.0,-62.0,False,2.9111926555633545,24.16313114831911,34.18229879812902
1.0,25.0,25.0,False,4.145411550998688,23.627615264169048,28.398162664161838
1.0,-12.0,-12.0,False,1.1393350064754486,25.423909823920933,32.24738042379695
1.0,43.0,43.0,False,3.097957521677017,20.714773587649894,18.96167785431398
1.0,-48.0,-48.0,False,3.875714063644409,21.362530378272083,34.39785180426045
1.0,34.0,34.0,False,1.032774806022644,13.721418325443489,14.47880873569318
1.0,-29.0,-29.0,False,2.592158257961273,22.930728422124716,13.91530854152092
1.0,-49.0,-49.0,False,2.6120094060897827,7.943834075362761,19.381000204976846
1.0,-5.0,-5.0,False,1.1393350064754486,25.423909823920933,34.18229879812902
1.0,-12.0,-12.0,False,1.2980918288230896,33.32035102439523,34.29824200732139
1.0,-16.0,-16.0,False,1.4462935328483582,35.65319356431102,19.381000204976846
1.0,-4.0,-4.0,False,2.5851669907569885,11.234827449001514,32.24738042379695
1.0,35.0,35.0,False,2.3866533041000366,27.623650151065426,1.7632749328364907
1.0,24.0,24.0,False,2.591201901435852,28.3288756585121,9.687218495862703
1.0,-8.0,-8.0,False,3.6788201928138733,28.3288756585121,22.21625917961967
1.0,3.0,3.0,False,2.5096392035484314,31.07698596307358,27.33641251998679
1.0,11.0,11.0,False,1.6822614073753357,20.936730419078675,20.66640198702165
1.0,15.0,15.0,False,1.233888864517212,25.226242294949248,13.061725064156393
1.0,4.0,4.0,False,1.1393350064754486,25.423909823920933,31.263495743065267
1.0,-32.0,-32.0,False,1.7043076753616333,15.44152297755811,20.66640198702165
1.0,-3.0,-3.0,False,3.6788201928138733,28.3288756585121,20.065302097566374
1.0,42.0,42.0,False,4.111326634883881,26.5552335426549,13.061725064156393
1.0,-17.0,-17.0,False,3.1945232152938843,18.74188791904595,34.29824200732139
1.0,15.0,15.0,False,1.651623249053955,29.21017300793202,20.66640198702165
1.0,7.0,7.0,False,3.819090962409973,23.067137316586095,20.937008980074932
1.0,26.0,26.0,False,3.987870216369629,17.806343513797543,19.46219217183154
1.0,18.0,18.0,False,3.197012424468994,11.234827449001514,31.578917994067268
1.0,44.0,44.0,False,2.8632290065288544,29.62354497112886,24.890184914625053
1.0,19.0,19.0,False,3.8512147068977356,31.328313553925252,28.15189828383945
1.0,-6.0,-6.0,False,2.2448704540729523,23.354319945985697,19.61564240624259
1.0,38.0,38.0,False,3.6144217252731323,6.4763657709114,35.023372203349936
1.0,14.0,14.0,False,2.171199142932892,7.461316355727983,24.552627812076093
1.0,-2.0,-2.0,False,2.411775529384613,31.397472844203598,12.402164276506543
1.0,8.0,8.0,False,3.5028025433421135,9.86222244471662,29.55509588255388
1.0,20.0,20.0,False,2.6269367337226868,23.354319945985697,13.715792465317495
1.0,-22.0,-22.0,False,2.795687347650528,12.426532913301333,1.7632749328364907
1.0,-7.0,-7.0,False,2.6120094060897827,24.083683666950257,19.381000204976846
1.0,41.0,41.0,False,1.651623249053955,29.21017300793202,27.603452123834657
1.0,2.0,2.0,False,4.117579698562622,20.968623472193006,16.58467307821125
1.0,-1.0,-1.0,False,3.5028025433421135,9.86222244471662,27.603452123834657
1.0,64.0,64.0,False,1.6822614073753357,20.936730419078675,33.181535835062476
1.0,-5.0,-5.0,False,1.6822614073753357,20.936730419078675,16.58467307821125
1.0,37.0,37.0,False,2.5411071181297302,37.320378173105944,19.9160231907961
1.0,35.0,35.0,False,3.1812214851379395,37.320378173105944,21.89532546577459
1.0,-48.0,-48.0,False,4.260360926389694,31.635485754020316,34.39785180426045
1.0,-7.0,-7.0,False,3.1812214851379395,19.69978690249989,21.89532546577459
1.0,-27.0,-27.0,False,1.233888864517212,25.226242294949248,24.6076094511761
1.0,28.0,28.0,False,2.3866533041000366,27.623650151065426,26.01831729922225
1.0,41.0,41.0,False,2.350049912929535,19.160490552997498,26.01831729922225
1.0,12.0,12.0,False,4.31593930721283,7.492316379174532,27.182918890485958
1.0,-32.0,-32.0,False,2.3210570216178894,15.44152297755811,13.862325876722974
1.0,49.0,49.0,False,2.5686932802200317,24.735626998705815,26.277576312242022
1.0,-20.0,-20.0,False,4.447510302066803,19.333943335457505,28.15189828383945
1.0,7.0,7.0,False,2.5686932802200317,24.735626998705815,22.28502960035358
1.0,41.0,41.0,False,1.5872384309768677,20.714773587649894,14.88708530876607
1.0,-4.0,-4.0,False,3.875714063644409,21.362530378272083,27.603452123834657
1.0,48.0,48.0,False,3.8900445103645325,23.627615264169048,32.93902209418642
1.0,3.0,3.0,False,1.5037471652030945,18.172930462953083,14.88708530876607
1.0,-19.0,-19.0,False,1.1393350064754486,25.423909823920933,16.58467307821125
1.0,-24.0,-24.0,False,1.3925985991954803,14.459060654315964,24.608371232164313
1.0,6.0,6.0,False,3.8309966921806335,26.03469888066472,26.277576312242022
1.0,-1.0,-1.0,False,3.1671906113624573,7.943834075362761,26.01831729922225
1.0,-36.0,-36.0,False,3.0563420057296753,31.136009689678477,34.39785180426045
1.0,-31.0,-31.0,False,3.027155101299286,24.16313114831911,26.01831729922225
1.0,43.0,43.0,False,3.1671906113624573,31.83413254565109,26.01831729922225
1.0,29.0,29.0,False,2.2839669585227966,30.003338516758166,31.8545742636717
1.0,-66.0,-66.0,False,2.3173386454582214,24.16313114831911,26.73894509382391
1.0,31.0,31.0,False,3.6144217252731323,26.5552335426549,35.023372203349936
1.0,25.0,25.0,False,3.7953380942344666,11.931551784497481,30.00626524035133
1.0,20.0,20.0,False,3.3152769804000854,9.10645196254784,31.578917994067268
1.0,-9.0,-9.0,False,2.350049912929535,19.160490552997498,24.608371232164313
1.0,49.0,49.0,False,2.5686932802200317,24.735626998705815,4.664522132398218
1.0,-48.0,-48.0,False,4.510274887084961,7.943834075362761,17.464992822033498
1.0,-32.0,-32.0,False,2.2522791028022766,24.124587613865287,19.38749164160543
1.0,67.0,67.0,False,3.8900445103645325,23.067137316586095,32.93902209418642
1.0,69.0,69.0,False,2.3940081000328064,29.62354497112886,30.944925422818976
1.0,-28.0,-28.0,False,2.185618042945862,13.781116476298754,29.58990783885902
1.0,-46.0,-46.0,False,5.0038527846336365,14.44719288101025,16.58467307821125
1.0,41.0,41.0,False,4.157820224761963,7.461316355727983,31.8545742636717
1.0,21.0,21.0,False,4.1809161901474,23.067137316586095,26.387006458490003
1.0,23.0,23.0,False,2.3940081000328064,21.362530378272083,30.944925422818976
1.0,22.0,22.0,False,2.467828333377838,23.963881195809204,33.81761676480808
1.0,-12.0,-12.0,False,4.320644378662109,14.477300469682369,28.20711660273166
1.0,-1.0,-1.0,False,2.5686932802200317,24.735626998705815,17.464992822033498
1.0,18.0,18.0,False,2.6269367337226868,23.354319945985697,30.00626524035133
1.0,-7.0,-7.0,False,4.9025349617004395,14.44719288101025,30.00626524035133
1.0,7.0,7.0,False,2.0695550441741943,23.84708366237766,1.7632749328364907
1.0,-29.0,-29.0,False,1.233888864517212,25.226242294949248,6.894276177115888
1.0,11.0,11.0,False,2.2448704540729523,19.160490552997498,19.61564240624259
1.0,-32.0,-32.0,False,1.5037471652030945,18.172930462953083,7.468490532234618
1.0,50.0,50.0,False,1.5872384309768677,30.247745666363862,14.88708530876607
1.0,47.0,47.0,False,3.5358769297599792,23.067137316586095,18.378513649001466
1.0,-10.0,-10.0,False,2.573845624923706,11.941518696313885,29.830032343602333
1.0,-4.0,-4.0,False,4.5991896986961365,18.531492106253697,34.29824200732139
1.0,-18.0,-18.0,False,2.2839669585227966,30.003338516758166,17.464992822033498
1.0,-10.0,-10.0,False,1.2599478960037231,9.162739091488495,31.90620630095027
1.0,55.0,55.0,False,5.790111690759659,6.4763657709114,26.7450159010855
1.0,-44.0,-44.0,False,3.8309966921806335,26.03469888066472,22.21625917961967
1.0,10.0,10.0,False,3.2549608945846558,29.62354497112886,15.580462036529228
1.0,11.0,11.0,False,2.062888413667679,25.030065920442347,12.575888109034567
1.0,-38.0,-38.0,False,5.205319106578827,31.635485754020316,25.328537369888764
1.0,-15.0,-15.0,False,1.5608877539634705,25.088999601438406,17.77942818424816
1.0,35.0,35.0,False,3.9824768900871277,20.968623472193006,28.265163436840908
1.0,-4.0,-4.0,False,2.8578613996505737,9.162739091488495,16.58467307821125
1.0,-11.0,-11.0,False,1.7615023851394653,25.088999601438406,13.91530854152092
1.0,-18.0,-18.0,False,4.145411550998688,23.627615264169048,17.464992822033498
1.0,37.0,37.0,False,1.2980918288230896,33.32035102439523,14.88708530876607
1.0,13.0,13.0,False,2.540506422519684,10.527691610672022,34.18229879812902
1.0,38.0,38.0,False,1.233888864517212,25.226242294949248,33.181535835062476
1.0,37.0,37.0,False,1.460553228855133,31.328313553925252,9.091124689840125
1.0,0.0,0.0,False,2.5851669907569885,31.328313553925252,32.24738042379695
1.0,-51.0,-51.0,False,4.510274887084961,7.943834075362761,28.20711660273166
1.0,-66.0,-66.0,False,4.695863902568817,12.426532913301333,25.328537369888764
1.0,-4.0,-4.0,False,3.5028025433421135,9.86222244471662,30.00626524035133
1.0,28.0,28.0,False,1.4462935328483582,35.65319356431102,12.402164276506543
1.0,-30.0,-30.0,False,2.8632290065288544,12.426532913301333,24.890184914625053
1.0,57.0,57.0,False,2.551866888999939,11.234827449001514,34.393055283581624
1.0,46.0,46.0,False,2.185618042945862,13.781116476298754,30.944925422818976
1.0,-36.0,-36.0,False,2.411775529384613,31.397472844203598,32.24738042379695
1.0,46.0,46.0,False,3.2549608945846558,29.62354497112886,15.675417802952467
1.0,-45.0,-45.0,False,6.232239186763763,30.164574678781033,17.464992822033498
1.0,27.0,27.0,False,2.3866533041000366,27.623650151065426,24.890184914625053
1.0,-15.0,-15.0,False,4.572163075208664,17.806343513797543,33.657389601148346
1.0,-24.0,-24.0,False,3.052879571914673,9.86222244471662,10.262637279860781
1.0,6.0,6.0,False,1.5794258117675781,20.926625721625967,31.263495743065267
1.0,-43.0,-43.0,False,2.0076794624328613,26.34817094915172,34.39785180426045
1.0,16.0,16.0,False,1.7043076753616333,29.62354497112886,20.66640198702165
1.0,6.0,6.0,False,2.573796182870865,17.245947541495187,19.46219217183154
1.0,-24.0,-24.0,False,2.795687347650528,24.16313114831911,1.7632749328364907
1.0,5.0,5.0,False,2.062888413667679,25.030065920442347,18.378513649001466
1.0,24.0,24.0,False,2.3189568892121315,31.07698596307358,33.181535835062476
1.0,20.0,20.0,False,1.9150481820106506,30.247745666363862,36.6115270446925
1.0,12.0,12.0,False,2.185618042945862,13.781116476298754,35.023372203349936
1.0,16.0,16.0,False,3.276279628276825,26.5552335426549,16.68434621890955
1.0,27.0,27.0,False,2.3866533041000366,27.623650151065426,18.378513649001466
1.0,-31.0,-31.0,False,4.202455520629883,24.124587613865287,29.917881233474827
1.0,45.0,45.0,False,4.30203652381897,20.714773587649894,12.023192722339827
1.0,37.0,37.0,False,3.1812214851379395,26.5552335426549,21.89532546577459
1.0,-6.0,-6.0,False,1.651623249053955,29.21017300793202,29.58990783885902
1.0,-21.0,-21.0,False,4.145411550998688,23.627615264169048,28.20711660273166
1.0,-33.0,-33.0,False,3.6337764263153076,22.930728422124716,33.81761676480808
1.0,-18.0,-18.0,False,2.6269367337226868,23.354319945985697,20.065302097566374
1.0,-7.0,-7.0,False,2.3866533041000366,27.623650151065426,15.580462036529228
1.0,3.0,3.0,False,1.6822614073753357,20.936730419078675,25.328537369888764
1.0,-42.0,-42.0,False,2.4706369638442993,7.943834075362761,24.143367693009928
1.0,-10.0,-10.0,False,2.2839669585227966,30.003338516758166,22.28502960035358
1.0,15.0,15.0,False,2.2448704540729523,29.62354497112886,19.61564240624259
1.0,-13.0,-13.0,False,2.411775529384613,31.397472844203598,9.687218495862703
1.0,31.0,31.0,False,2.3866533041000366,27.623650151065426,27.33641251998679
1.0,6.0,6.0,False,2.795687347650528,22.930728422124716,1.7632749328364907
1.0,35.0,35.0,False,4.572163075208664,17.806343513797543,14.47880873569318
1.0,-1.0,-1.0,False,2.350049912929535,19.160490552997498,20.065302097566374
1.0,7.0,7.0,False,2.2839669585227966,30.003338516758166,31.263495743065267
1.0,14.0,14.0,False,2.563883900642395,32.28191749495659,13.715792465317495
1.0,0.0,0.0,False,4.146470129489899,19.333943335457505,15.675417802952467
1.0,-15.0,-15.0,False,2.6269367337226868,23.354319945985697,22.28502960035358
1.0,1.0,1.0,True,4.117579698562622,20.968623472193006,34.29824200732139
1.0,-50.0,-50.0,False,1.4314748048782349,21.34984156529695,34.39785180426045
1.0,-37.0,-37.0,False,2.0112594068050385,31.397472844203598,19.52566873379637
1.0,45.0,45.0,False,1.6822614073753357,20.936730419078675,18.96167785431398
1.0,12.0,12.0,False,2.3173386454582214,20.968623472193006,26.73894509382391
1.0,-10.0,-10.0,False,3.7953380942344666,11.931551784497481,20.937008980074932
1.0,24.0,24.0,False,1.5794258117675781,20.926625721625967,24.81775400184894
1.0,17.0,17.0,False,3.3152769804000854,9.10645196254784,28.15189828383945
1.0,41.0,41.0,False,3.069858103990555,24.083683666950257,26.01831729922225
1.0,-3.0,-3.0,False,2.185618042945862,13.781116476298754,29.830032343602333
1.0,-4.0,-4.0,False,1.2599478960037231,30.247745666363862,31.90620630095027
1.0,45.0,45.0,False,4.656186759471893,18.531492106253697,4.664522132398218
1.0,-28.0,-28.0,False,2.185618042945862,13.781116476298754,24.608371232164313
1.0,-28.0,-28.0,False,3.027155101299286,24.16313114831911,27.33641251998679
1.0,-41.0,-41.0,False,2.0695550441741943,23.84708366237766,20.937008980074932
1.0,26.0,26.0,False,4.656186759471893,18.531492106253697,31.578917994067268
1.0,-35.0,-35.0,False,1.7847826480865479,19.333943335457505,5.38939955783519
1.0,45.0,45.0,False,2.540506422519684,10.527691610672022,15.675417802952467
1.0,34.0,34.0,False,3.3984220027923584,17.079648409760235,30.00626524035133
1.0,-2.0,-2.0,False,4.3308225274086,26.5552335426549,6.894276177115888
1.0,-13.0,-13.0,False,2.6269367337226868,23.354319945985697,25.328537369888764
1.0,33.0,33.0,False,2.045419156551361,15.562480911181895,23.248379722660328
1.0,32.0,32.0,False,4.320644378662109,14.477300469682369,30.00626524035133
1.0,22.0,22.0,False,5.646791875362396,11.941518696313885,26.7450159010855
1.0,-48.0,-48.0,False,4.018531918525696,30.164574678781033,24.608371232164313
1.0,5.0,5.0,False,3.5028025433421135,9.86222244471662,4.664522132398218
1.0,28.0,28.0,False,3.197012424468994,11.234827449001514,30.00626524035133
1.0,-32.0,-32.0,False,1.7847826480865479,9.86222244471662,5.38939955783519
1.0,-7.0,-7.0,False,1.2980918288230896,33.32035102439523,24.6076094511761
1.0,-53.0,-53.0,False,4.018531918525696,15.44152297755811,24.608371232164313
1.0,-14.0,-14.0,False,1.7615023851394653,25.088999601438406,34.18229879812902
1.0,71.0,71.0,False,2.551866888999939,23.067137316586095,34.393055283581624
1.0,-26.0,-26.0,False,2.5913790464401245,25.575871484251618,3.202032135401295
1.0,39.0,39.0,False,4.111326634883881,20.714773587649894,13.061725064156393
1.0,29.0,29.0,False,3.1671906113624573,17.806343513797543,26.01831729922225
1.0,36.0,36.0,False,3.6788201928138733,28.3288756585121,19.46219217183154
1.0,-46.0,-46.0,False,5.0038527846336365,31.635485754020316,16.58467307821125
1.0,5.0,5.0,False,2.411775529384613,31.397472844203598,26.277576312242022
1.0,3.0,3.0,False,2.540506422519684,10.527691610672022,24.6076094511761
1.0,40.0,40.0,False,3.6788201928138733,28.3288756585121,13.061725064156393
1.0,5.0,5.0,False,2.573796182870865,17.245947541495187,21.89532546577459
1.0,47.0,47.0,False,4.4179631769657135,23.067137316586095,22.147789204577297
1.0,47.0,47.0,False,1.651623249053955,29.21017300793202,26.277576312242022
1.0,1.0,1.0,True,2.4706369638442993,18.531492106253697,24.143367693009928
1.0,-28.0,-28.0,False,3.875714063644409,21.362530378272083,26.387006458490003
1.0,-2.0,-2.0,False,3.5028025433421135,9.86222244471662,13.715792465317495
1.0,14.0,14.0,False,2.3173386454582214,35.29243275795351,26.73894509382391
1.0,2.0,2.0,False,2.0076794624328613,26.34817094915172,19.9160231907961
1.0,20.0,20.0,False,2.6269367337226868,23.354319945985697,21.89532546577459
1.0,35.0,35.0,False,3.6788201928138733,28.3288756585121,28.398162664161838
1.0,41.0,41.0,False,4.09937983751297,14.477300469682369,21.847245314641725
1.0,-23.0,-23.0,False,2.185618042945862,13.781116476298754,16.58467307821125
1.0,-6.0,-6.0,False,3.987870216369629,15.44152297755811,19.46219217183154
1.0,52.0,52.0,False,3.2549608945846558,29.62354497112886,26.7450159010855
1.0,-27.0,-27.0,False,2.3210570216178894,30.164574678781033,13.862325876722974
1.0,6.0,6.0,False,3.8512147068977356,31.328313553925252,29.917881233474827
1.0,38.0,38.0,False,3.5358769297599792,37.320378173105944,18.378513649001466
1.0,2.0,2.0,False,3.8600403666496277,19.69978690249989,12.575888109034567
1.0,-14.0,-14.0,False,4.145411550998688,23.627615264169048,6.894276177115888
1.0,-2.0,-2.0,False,3.116420090198517,17.079648409760235,35.93803949365776
1.0,-17.0,-17.0,False,2.0112594068050385,13.781116476298754,19.52566873379637
1.0,27.0,27.0,False,2.7843924164772034,20.1812395244062,12.402164276506543
1.0,62.0,62.0,False,2.551866888999939,28.3288756585121,34.393055283581624
1.0,9.0,9.0,False,2.964834690093994,6.4763657709114,22.28502960035358
1.0,-25.0,-25.0,False,1.7043076753616333,26.34817094915172,20.66640198702165
1.0,-1.0,-1.0,False,1.1393350064754486,25.423909823920933,26.387006458490003
1.0,-16.0,-16.0,False,1.233888864517212,25.226242294949248,19.61564240624259
1.0,-22.0,-22.0,False,2.100797653198242,11.8070116967639,36.144535788223806
1.0,52.0,52.0,False,3.8600403666496277,20.968623472193006,12.575888109034567
1.0,-5.0,-5.0,False,2.350049912929535,19.160490552997498,34.29824200732139
1.0,22.0,22.0,False,3.8512147068977356,31.328313553925252,31.578917994067268
1.0,50.0,50.0,False,1.9150481820106506,30.247745666363862,26.277576312242022
1.0,-1.0,-1.0,False,1.6822614073753357,20.936730419078675,24.6076094511761
1.0,34.0,34.0,False,4.30203652381897,20.714773587649894,28.398162664161838
1.0,2.0,2.0,False,3.2331326007843018,25.575871484251618,18.378513649001466
1.0,43.0,43.0,False,2.6269367337226868,23.354319945985697,32.93902209418642
1.0,44.0,44.0,False,4.117579698562622,20.968623472193006,27.603452123834657
1.0,47.0,47.0,False,2.551866888999939,23.354319945985697,34.393055283581624
1.0,9.0,9.0,False,2.5851669907569885,31.874831644249404,32.24738042379695
1.0,-32.0,-32.0,False,2.100797653198242,11.8070116967639,32.24738042379695
1.0,-32.0,-32.0,False,5.646791875362396,11.941518696313885,17.464992822033498
1.0,26.0,26.0,False,2.3189568892121315,30.164574678781033,33.181535835062476
1.0,0.0,0.0,False,1.4314748048782349,21.34984156529695,27.33641251998679
1.0,45.0,45.0,False,2.6605873703956604,35.29243275795351,21.89532546577459
1.0,-15.0,-15.0,False,1.1393350064754486,25.423909823920933,24.6076094511761
1.0,22.0,22.0,False,2.350049912929535,19.160490552997498,28.15189828383945
1.0,-30.0,-30.0,False,2.0695550441741943,23.84708366237766,19.61564240624259
1.0,0.0,0.0,False,2.0076794624328613,26.34817094915172,13.715792465317495
1.0,52.0,52.0,False,1.4389153718948364,34.56568080068853,32.93902209418642
1.0,-16.0,-16.0,False,1.7033283412456512,28.40702417575577,28.15189828383945
1.0,-7.0,-7.0,False,1.5794258117675781,20.926625721625967,26.73894509382391
1.0,-26.0,-26.0,False,2.6269367337226868,23.354319945985697,24.608371232164313
1.0,-40.0,-40.0,False,2.0076794624328613,26.34817094915172,33.657389601148346
1.0,-9.0,-9.0,False,4.7671732902526855,7.461316355727983,28.20711660273166
1.0,35.0,35.0,False,3.1945232152938843,18.74188791904595,29.55509588255388
1.0,-33.0,-33.0,False,3.027155101299286,24.16313114831911,6.92509106737983
1.0,-30.0,-30.0,False,2.91950124502182,31.136009689678477,24.6076094511761
1.0,-27.0,-27.0,False,1.7043076753616333,9.86222244471662,20.66640198702165
1.0,7.0,7.0,False,2.4706369638442993,23.067137316586095,24.143367693009928
1.0,16.0,16.0,False,1.9150481820106506,30.247745666363862,34.18229879812902
1.0,31.0,31.0,False,3.6144217252731323,7.461316355727983,35.023372203349936
1.0,-10.0,-10.0,False,1.5794258117675781,20.926625721625967,11.388423712206299
1.0,2.0,2.0,False,3.875714063644409,21.362530378272083,26.277576312242022
1.0,29.0,29.0,False,1.5794258117675781,20.926625721625967,13.061725064156393
1.0,1.0,1.0,True,1.460553228855133,31.397472844203598,9.091124689840125
1.0,22.0,22.0,False,2.467828333377838,23.963881195809204,7.468490532234618
1.0,32.0,32.0,False,2.551866888999939,17.245947541495187,34.393055283581624
1.0,-3.0,-3.0,False,4.157820224761963,15.44152297755811,31.8545742636717
1.0,2.0,2.0,False,1.7847826480865479,15.562480911181895,5.38939955783519
1.0,-14.0,-14.0,False,2.6269367337226868,23.354319945985697,20.603325569823255
1.0,11.0,11.0,False,1.1393350064754486,25.423909823920933,9.687218495862703
1.0,-26.0,-26.0,False,2.635507106781006,9.86222244471662,36.144535788223806
1.0,-27.0,-27.0,False,2.171199142932892,31.07698596307358,24.552627812076093
1.0,-16.0,-16.0,False,2.573796182870865,17.245947541495187,16.68434621890955
1.0,5.0,5.0,False,2.045419156551361,15.562480911181895,22.812213822751488
1.0,4.0,4.0,False,2.8578613996505737,9.162739091488495,25.328537369888764
1.0,-19.0,-19.0,False,2.573796182870865,17.245947541495187,36.144535788223806
1.0,-30.0,-30.0,False,2.573796182870865,17.245947541495187,10.299465241485068
1.0,22.0,22.0,False,1.9150481820106506,30.247745666363862,29.830032343602333
1.0,-36.0,-36.0,False,1.7033283412456512,28.40702417575577,19.52566873379637
1.0,1.0,1.0,True,2.8578613996505737,9.162739091488495,6.247404856726324
1.0,18.0,18.0,False,3.0563420057296753,31.136009689678477,26.7450159010855
1.0,13.0,13.0,False,1.651623249053955,29.21017300793202,22.812213822751488
1.0,-1.0,-1.0,False,2.964834690093994,20.714773587649894,22.28502960035358
1.0,-2.0,-2.0,False,4.4179631769657135,31.635485754020316,22.147789204577297
1.0,19.0,19.0,False,2.3173386454582214,23.963881195809204,26.73894509382391
1.0,-61.0,-61.0,False,3.6337764263153076,12.426532913301333,33.81761676480808
