dw_true,dw_pred,dw_pred_round,hit,conf,a_dist,b_dist
1.0,-1.0,-1.0,False,2.1490178406238556,26.703491636988026,31.382654479780157
1.0,-10.0,-10.0,False,2.2241851091384888,33.136158629169884,36.51854878555742
1.0,15.0,15.0,False,2.290199726819992,13.638707676184573,37.087003947695834
1.0,0.0,0.0,False,1.5241267681121826,15.650955614645751,37.49207400165476
1.0,12.0,12.0,False,2.2893943935632706,19.39138671952705,32.22885088939534
1.0,-23.0,-23.0,False,2.1490178406238556,37.16410668855438,31.382654479780157
1.0,-1.0,-1.0,False,2.2893943935632706,30.383332416522553,32.22885088939534
1.0,-23.0,-23.0,False,3.355122923851013,19.915307013204085,32.059560957084024
1.0,24.0,24.0,False,2.129787266254425,33.08489135385367,8.830998046045409
1.0,1.0,1.0,True,3.5415770411491394,10.370175262412133,34.47166185711687
1.0,-8.0,-8.0,False,1.8244741559028625,19.39138671952705,13.34623534309402
1.0,7.0,7.0,False,2.329986810684204,18.488564849167844,14.444565798583879
1.0,26.0,26.0,False,2.2008970975875854,20.568901294672273,30.046480474793036
1.0,2.0,2.0,False,4.088779151439667,37.481984452237626,30.685096429055143
1.0,14.0,14.0,False,2.9684287905693054,20.568901294672273,11.518278108763493
1.0,-25.0,-25.0,False,2.4820867776870728,18.000652725252944,36.51854878555742
1.0,-3.0,-3.0,False,2.3931586146354675,37.281082204103775,34.47166185711687
1.0,4.0,4.0,False,3.3318657875061035,37.315925032001516,32.059560957084024
1.0,1.0,1.0,True,2.6847365498542786,16.275535005134827,36.51854878555742
1.0,7.0,7.0,False,2.947984755039215,17.411545884390293,15.71141776133806
1.0,-8.0,-8.0,False,2.663750648498535,19.39138671952705,35.66682056738428
1.0,1.0,1.0,True,2.2733450531959534,19.223209217337395,26.26668287299313
1.0,-20.0,-20.0,False,2.5115623474121094,30.383332416522553,29.124162064315023
1.0,-2.0,-2.0,False,2.2241851091384888,33.136158629169884,15.71141776133806
1.0,0.0,0.0,False,2.4820867776870728,18.000652725252944,37.087003947695834
1.0,0.0,0.0,False,2.773695707321167,35.18413256561595,8.604667470426229
1.0,26.0,26.0,False,3.350551962852478,15.658217864180102,33.07873967049647
1.0,-2.0,-2.0,False,2.6847365498542786,34.33061876645534,36.51854878555742
1.0,-23.0,-23.0,False,2.7026670426130295,6.472735223190521,36.3250614047598
1.0,-19.0,-19.0,False,3.312007963657379,27.570104194474663,20.21138944293814
1.0,1.0,1.0,True,3.1688753366470337,16.275535005134827,30.685096429055143
1.0,1.0,1.0,True,3.1144168972969055,16.275535005134827,3.58382311881776
1.0,-2.0,-2.0,False,3.1144168972969055,20.27234735222316,3.58382311881776
1.0,-27.0,-27.0,False,3.254755198955536,10.443183128363644,34.47166185711687
1.0,25.0,25.0,False,1.6923973560333252,37.315925032001516,32.3613722114417
1.0,-4.0,-4.0,False,1.3708991408348083,20.27234735222316,8.015317795724327
1.0,-3.0,-3.0,False,4.088779151439667,17.404452493061996,30.685096429055143
1.0,-23.0,-23.0,False,2.6386064291000366,37.16410668855438,34.47166185711687
1.0,0.0,0.0,False,2.329986810684204,18.488564849167844,35.66682056738428
1.0,1.0,1.0,True,3.890723466873169,33.05439611390804,36.3250614047598
1.0,-2.0,-2.0,False,2.2008970975875854,18.311117803599135,30.046480474793036
1.0,12.0,12.0,False,2.2241851091384888,33.136158629169884,27.861387204743703
1.0,-26.0,-26.0,False,0.7423887252807617,22.267109668154795,7.09105130255306
1.0,22.0,22.0,False,3.106222152709961,4.644787908830454,11.882945564723817
1.0,25.0,25.0,False,5.293821692466736,21.095748445009935,26.751309942097492
1.0,-24.0,-24.0,False,4.048362374305725,17.773257317939706,34.47166185711687
1.0,20.0,20.0,False,3.176128625869751,36.65168748121902,11.518278108763493
1.0,-4.0,-4.0,False,3.2802625000476837,32.309767838154336,20.21138944293814
1.0,-21.0,-21.0,False,2.5115623474121094,28.196491710413028,29.124162064315023
1.0,25.0,25.0,False,2.129787266254425,20.568901294672273,8.830998046045409
1.0,20.0,20.0,False,2.7577787339687347,20.27234735222316,32.50027712190295
1.0,4.0,4.0,False,2.7280919551849365,35.702157252445296,32.059560957084024
1.0,0.0,0.0,False,3.3318657875061035,37.315925032001516,7.09105130255306
1.0,22.0,22.0,False,2.2893943935632706,16.275535005134827,32.22885088939534
1.0,-21.0,-21.0,False,3.3804081082344055,18.311117803599135,20.21138944293814
1.0,-7.0,-7.0,False,2.4820867776870728,18.000652725252944,26.26668287299313
1.0,0.0,0.0,False,2.590770184993744,17.72587149001612,34.47166185711687
1.0,-4.0,-4.0,False,3.9174686074256897,20.27234735222316,7.09105130255306
1.0,-1.0,-1.0,False,2.4820867776870728,18.000652725252944,33.26268382976759
1.0,-17.0,-17.0,False,2.2733450531959534,19.223209217337395,30.685096429055143
1.0,0.0,0.0,False,4.185111403465271,21.095748445009935,34.47166185711687
1.0,-7.0,-7.0,False,1.6082565188407898,32.13793447431541,26.26668287299313
1.0,4.0,4.0,False,3.2195804715156555,15.650955614645751,36.99689558253991
1.0,-25.0,-25.0,False,0.5817304030060768,26.19546307600997,13.34623534309402
1.0,3.0,3.0,False,3.5415770411491394,10.370175262412133,35.66682056738428
1.0,-3.0,-3.0,False,2.2893943935632706,8.617304589313862,32.22885088939534
1.0,-5.0,-5.0,False,2.9156429171562195,17.404452493061996,14.431736972501163
1.0,25.0,25.0,False,2.129787266254425,21.095748445009935,8.830998046045409
1.0,0.0,0.0,False,2.7026670426130295,6.472735223190521,33.07873967049647
1.0,-5.0,-5.0,False,1.3708991408348083,17.404452493061996,8.015317795724327
1.0,-6.0,-6.0,False,3.2195804715156555,32.309767838154336,36.99689558253991
1.0,20.0,20.0,False,3.3280068933963776,10.370175262412133,26.26668287299313
1.0,21.0,21.0,False,3.66666716337204,4.644787908830454,33.07873967049647
1.0,-2.0,-2.0,False,4.088779151439667,34.33061876645534,30.685096429055143
1.0,20.0,20.0,False,4.586180686950684,17.404452493061996,33.07873967049647
1.0,-23.0,-23.0,False,3.312007963657379,27.570104194474663,32.059560957084024
1.0,-1.0,-1.0,False,0.9409428238868713,33.561001991072544,7.09105130255306
1.0,0.0,0.0,False,2.2008970975875854,27.570104194474663,30.046480474793036
1.0,9.0,9.0,False,2.7708306163549423,20.568901294672273,14.444565798583879
1.0,-2.0,-2.0,False,2.3931586146354675,37.281082204103775,26.981642045174315
1.0,-27.0,-27.0,False,0.5817304030060768,26.19546307600997,34.47166185711687
1.0,-4.0,-4.0,False,1.6082565188407898,32.13793447431541,32.22885088939534
1.0,3.0,3.0,False,2.590770184993744,17.72587149001612,32.059560957084024
1.0,-12.0,-12.0,False,1.3708991408348083,32.309767838154336,8.015317795724327
1.0,-23.0,-23.0,False,1.6082565188407898,32.13793447431541,29.124162064315023
1.0,7.0,7.0,False,1.4722346067428589,15.506037612930431,23.75638598870082
1.0,8.0,8.0,False,2.590770184993744,17.72587149001612,9.66342183165891
1.0,22.0,22.0,False,3.323813557624817,17.411545884390293,24.940005604392297
1.0,4.0,4.0,False,1.8244741559028625,15.658217864180102,13.34623534309402
1.0,5.0,5.0,False,2.947984755039215,17.404452493061996,15.71141776133806
1.0,-3.0,-3.0,False,2.290199726819992,13.638707676184573,9.66342183165891
1.0,-3.0,-3.0,False,2.773695707321167,20.27234735222316,8.604667470426229
1.0,4.0,4.0,False,2.5115623474121094,29.711009207796224,29.124162064315023
1.0,23.0,23.0,False,2.129787266254425,14.194713892725625,8.830998046045409
1.0,-68.0,-68.0,False,1.2780179679393768,19.431711395959926,18.011527847009702
1.0,-7.0,-7.0,False,2.351190000772476,27.17113175782298,32.92694107856823
1.0,14.0,14.0,False,1.775077998638153,25.696585132216992,35.179675897490036
1.0,31.0,31.0,False,3.6644838452339172,32.47479122820109,17.663615137143776
1.0,13.0,13.0,False,3.192965030670166,31.594348452792854,25.13876436412265
1.0,68.0,68.0,False,2.8935325741767883,9.334187797761093,23.320997903486386
1.0,-11.0,-11.0,False,2.3728370368480682,33.11694312809771,26.288579075351816
1.0,-63.0,-63.0,False,2.231132209300995,34.121244188925836,20.08673917876098
1.0,3.0,3.0,False,2.9810019731521606,32.7866648810165,18.482942088704238
1.0,-50.0,-50.0,False,1.6586309969425201,27.493930493642733,26.8728910106589
1.0,-11.0,-11.0,False,2.18243670463562,24.213079367004546,29.036874478812127
1.0,-29.0,-29.0,False,2.5459179282188416,5.638406333048595,7.476600320016837
1.0,-65.0,-65.0,False,2.3816164135932922,33.729833441197826,20.08673917876098
1.0,-57.0,-57.0,False,2.18243670463562,24.213079367004546,25.193728015372418
1.0,21.0,21.0,False,3.6644838452339172,32.47479122820109,27.329281467856347
1.0,61.0,61.0,False,1.6694261133670807,28.990741452107294,36.83777837269494
1.0,1.0,1.0,True,1.6531291604042053,36.79745061792678,22.8042998534159
1.0,30.0,30.0,False,2.3302997946739197,35.46648603431576,25.91297705616493
1.0,-31.0,-31.0,False,3.635753959417343,36.845023588601876,35.80014256283809
1.0,-44.0,-44.0,False,2.095856726169586,24.213079367004546,23.780353022939543
1.0,2.0,2.0,False,2.868311434984207,23.2646894913757,26.519827352914067
1.0,-59.0,-59.0,False,3.1307921707630157,7.246785733889225,26.288579075351816
1.0,-49.0,-49.0,False,1.4113804697990417,33.91844718689688,9.572505528390383
1.0,18.0,18.0,False,1.3142233490943909,18.346502302305897,10.960752217799318
1.0,-2.0,-2.0,False,1.4260072708129883,8.407630154784469,29.659680954907856
1.0,-23.0,-23.0,False,2.158135712146759,8.379169394177929,33.5423293922932
1.0,5.0,5.0,False,2.33271324634552,29.45287250440925,26.288579075351816
1.0,4.0,4.0,False,2.5903103351593018,17.320817209615107,31.09525805319479
1.0,-20.0,-20.0,False,2.4322436451911926,30.4703601587767,19.715287450155234
1.0,-5.0,-5.0,False,1.5974728465080261,19.288430631167973,30.839943261496355
1.0,-52.0,-52.0,False,1.2780179679393768,19.431711395959926,23.780353022939543
1.0,2.0,2.0,False,1.2901343703269958,21.074329393607258,9.841094176469857
1.0,-12.0,-12.0,False,2.909634053707123,8.379169394177929,13.19018646646364
1.0,64.0,64.0,False,2.8935325741767883,35.493077489705605,23.320997903486386
1.0,-35.0,-35.0,False,1.2780179679393768,19.431711395959926,27.329281467856347
1.0,4.0,4.0,False,2.909634053707123,32.47479122820109,13.19018646646364
1.0,-7.0,-7.0,False,1.3740882873535156,34.28612958594113,36.89451725294616
1.0,-59.0,-59.0,False,5.34267657995224,27.17113175782298,25.193728015372418
1.0,4.0,4.0,False,1.775077998638153,25.696585132216992,37.31511068236461
1.0,-18.0,-18.0,False,2.4322436451911926,30.4703601587767,7.476600320016837
1.0,-6.0,-6.0,False,1.4113804697990417,12.186175660781055,9.572505528390383
1.0,-27.0,-27.0,False,3.0473307371139526,28.00377936061101,28.386362229209823
1.0,4.0,4.0,False,1.883922040462494,29.319182083696433,25.183477208273317
1.0,6.0,6.0,False,3.0389448404312134,32.131573208673096,21.292215936173864
1.0,-9.0,-9.0,False,2.6945324540138245,34.51446301916373,29.91114562970072
1.0,33.0,33.0,False,2.33271324634552,29.45287250440925,28.386362229209823
1.0,-2.0,-2.0,False,3.2080602645874023,33.12101204816277,12.406733851762487
1.0,-18.0,-18.0,False,2.5459179282188416,5.638406333048595,29.91114562970072
1.0,-23.0,-23.0,False,2.0128690600395203,34.51446301916373,30.701121273128905
1.0,11.0,11.0,False,2.905506134033203,6.467383051383704,14.495441904217172
1.0,25.0,25.0,False,2.162038266658783,22.33916280115197,3.346030910132556
1.0,-59.0,-59.0,False,2.0910578966140747,26.85775544241896,35.74925938085861
1.0,-6.0,-6.0,False,2.231132209300995,34.121244188925836,26.519827352914067
1.0,-54.0,-54.0,False,1.721683144569397,27.36642616164743,37.43050088558007
1.0,33.0,33.0,False,2.18243670463562,28.593752818289865,12.024637996435173
1.0,35.0,35.0,False,3.419660061597824,34.95398658914926,31.001677252402946
1.0,-57.0,-57.0,False,1.7646382451057434,23.2646894913757,27.889977797577707
1.0,-18.0,-18.0,False,1.7247297763824463,29.466256838173774,23.768647753455223
1.0,-13.0,-13.0,False,2.032738983631134,30.851681448001262,32.92694107856823
1.0,16.0,16.0,False,2.6648943424224854,32.494366157502505,13.19018646646364
1.0,1.0,1.0,True,3.568748325109482,12.55077368946483,18.482942088704238
1.0,10.0,10.0,False,2.613470435142517,5.961954052640246,35.80014256283809
1.0,-50.0,-50.0,False,2.1862138509750366,34.121244188925836,23.768647753455223
1.0,-29.0,-29.0,False,4.8133010268211365,27.17113175782298,27.329281467856347
1.0,10.0,10.0,False,2.553533911705017,35.56030159375025,35.415260414179684
1.0,16.0,16.0,False,2.909634053707123,11.118977019987419,13.19018646646364
1.0,-2.0,-2.0,False,1.775077998638153,25.696585132216992,29.010851506935655
1.0,-65.0,-65.0,False,2.3534114956855774,2.2380119547861277,31.09525805319479
1.0,-23.0,-23.0,False,1.721683144569397,27.36642616164743,27.329281467856347
1.0,0.0,0.0,False,1.7596421837806702,15.25246603366263,27.889977797577707
1.0,1.0,1.0,True,2.5903103351593018,10.89993483672656,31.09525805319479
1.0,-54.0,-54.0,False,2.33881676197052,33.91844718689688,16.537292443412486
1.0,46.0,46.0,False,2.9810019731521606,32.7866648810165,22.206532226967887
1.0,-45.0,-45.0,False,2.1862138509750366,26.85775544241896,23.768647753455223
1.0,-3.0,-3.0,False,1.3623385429382324,8.407630154784469,24.80330589471663
1.0,-4.0,-4.0,False,1.5508562326431274,28.593639352719876,24.191583372527443
1.0,58.0,58.0,False,1.5974728465080261,25.696585132216992,30.839943261496355
1.0,-36.0,-36.0,False,4.987585484981537,24.330701433098113,14.759598663787049
1.0,1.0,1.0,True,3.658988654613495,11.118977019987419,20.702305154941865
1.0,-45.0,-45.0,False,1.6819145679473877,18.346502302305897,33.06660190801534
1.0,-32.0,-32.0,False,2.0128690600395203,5.638406333048595,30.701121273128905
1.0,-45.0,-45.0,False,1.883922040462494,30.851681448001262,25.183477208273317
1.0,-16.0,-16.0,False,2.957677662372589,22.16980220253909,28.386362229209823
1.0,-50.0,-50.0,False,2.231132209300995,34.121244188925836,29.91114562970072
1.0,12.0,12.0,False,3.5733753442764282,35.493077489705605,29.91114562970072
1.0,-59.0,-59.0,False,2.18243670463562,24.213079367004546,32.744413758460446
1.0,-15.0,-15.0,False,1.2836204767227173,14.342503512207367,25.032773089415056
1.0,-30.0,-30.0,False,3.0297974348068237,27.675802356009285,28.386362229209823
1.0,-60.0,-60.0,False,2.5903103351593018,5.262459638354721,31.09525805319479
1.0,-4.0,-4.0,False,1.5508562326431274,28.593639352719876,22.8042998534159
1.0,-14.0,-14.0,False,4.301429629325867,29.897545467533206,22.8042998534159
1.0,1.0,1.0,True,2.9810019731521606,32.7866648810165,28.21672875483337
1.0,-3.0,-3.0,False,1.6034958362579346,20.64351983168713,28.899916232294558
1.0,-55.0,-55.0,False,1.1122474372386932,27.36642616164743,27.991191994300273
1.0,8.0,8.0,False,3.3235265910625458,31.226192408227966,26.288579075351816
1.0,-56.0,-56.0,False,1.4983233362436295,29.514885718970795,24.34854572347734
1.0,31.0,31.0,False,1.4657612442970276,34.87528714024185,14.759598663787049
1.0,-8.0,-8.0,False,1.9921206533908844,24.608538629760844,36.05620791121506
1.0,-27.0,-27.0,False,2.1862138509750366,25.893824562077732,23.768647753455223
1.0,-53.0,-53.0,False,2.053957462310791,18.57570407195374,17.699940030486676
1.0,27.0,27.0,False,1.6694261133670807,5.638406333048595,36.83777837269494
1.0,7.0,7.0,False,2.6403841376304626,23.2646894913757,4.996795867426932
1.0,-20.0,-20.0,False,2.9244040846824646,28.00377936061101,26.985342568355403
1.0,-16.0,-16.0,False,2.630225956439972,30.297520111754693,28.386362229209823
1.0,48.0,48.0,False,1.507060468196869,13.7063864085815,4.996795867426932
1.0,-56.0,-56.0,False,1.6034958362579346,24.76400222034472,28.899916232294558
1.0,2.0,2.0,False,2.0128690600395203,21.002386457083876,30.701121273128905
1.0,-14.0,-14.0,False,2.4285972118377686,28.00377936061101,29.036874478812127
1.0,16.0,16.0,False,1.701964020729065,30.028115131727095,25.13876436412265
1.0,25.0,25.0,False,1.775077998638153,25.696585132216992,35.041699228411474
1.0,-12.0,-12.0,False,2.048040747642517,28.992342036459096,23.780353022939543
1.0,32.0,32.0,False,2.5327605307102203,5.638406333048595,14.866671883506601
1.0,-61.0,-61.0,False,1.084891825914383,31.262208369685887,29.659680954907856
1.0,59.0,59.0,False,2.2832520604133606,11.118977019987419,36.05620791121506
1.0,66.0,66.0,False,2.5010971426963806,29.680682843160042,31.67234540683151
1.0,60.0,60.0,False,2.18243670463562,32.4265959977046,12.024637996435173
1.0,67.0,67.0,False,2.7596821188926697,24.67017074989757,31.67234540683151
1.0,60.0,60.0,False,3.0343611538410187,9.334187797761093,26.519827352914067
1.0,28.0,28.0,False,2.8277816772460938,8.379169394177929,33.62412082132528
1.0,-55.0,-55.0,False,2.553533911705017,14.944165518299444,32.744413758460446
1.0,-61.0,-61.0,False,6.149643033742905,24.330701433098113,7.476600320016837
1.0,3.0,3.0,False,2.688127487897873,32.4265959977046,27.877757119987535
1.0,-39.0,-39.0,False,1.2780179679393768,19.431711395959926,25.91297705616493
1.0,22.0,22.0,False,1.1410848200321198,35.98591597881355,32.28783552679982
1.0,-22.0,-22.0,False,3.192965030670166,31.594348452792854,35.041699228411474
1.0,-55.0,-55.0,False,1.920537143945694,21.740271574006897,21.885823389625862
1.0,-26.0,-26.0,False,2.5903103351593018,8.379169394177929,31.09525805319479
1.0,-59.0,-59.0,False,2.18243670463562,24.213079367004546,25.175758616316678
1.0,63.0,63.0,False,1.775077998638153,25.696585132216992,17.398295531702157
1.0,-63.0,-63.0,False,2.657536596059799,23.456698517103074,26.8728910106589
1.0,-14.0,-14.0,False,1.83803790807724,23.340449966793802,37.43050088558007
1.0,-63.0,-63.0,False,1.7646382451057434,36.845023588601876,27.889977797577707
1.0,46.0,46.0,False,1.2079649865627289,30.4703601587767,22.5280892407698
1.0,-9.0,-9.0,False,1.6586309969425201,27.493930493642733,12.45833510246817
1.0,-1.0,-1.0,False,1.7646382451057434,32.7866648810165,27.889977797577707
1.0,-50.0,-50.0,False,2.909634053707123,4.8180534720297965,13.19018646646364
1.0,0.0,0.0,False,2.8788169026374817,35.98591597881355,32.744413758460446
1.0,-2.0,-2.0,False,3.2548075318336487,36.66543773556809,27.849772648593905
1.0,10.0,10.0,False,1.3142233490943909,33.91844718689688,10.960752217799318
1.0,-50.0,-50.0,False,2.1862138509750366,21.740271574006897,23.768647753455223
1.0,3.0,3.0,False,1.8828887343406677,6.86442862892545,24.191583372527443
1.0,-47.0,-47.0,False,2.957677662372589,22.16980220253909,36.51627171359564
1.0,37.0,37.0,False,3.0473307371139526,25.12528469626604,28.386362229209823
1.0,-21.0,-21.0,False,3.4094198346138,18.57570407195374,27.329281467856347
1.0,-20.0,-20.0,False,2.053957462310791,14.662171296242631,17.699940030486676
1.0,-17.0,-17.0,False,1.9601486027240753,32.131573208673096,29.16087613708682
1.0,-56.0,-56.0,False,1.9723273515701294,24.76400222034472,34.46228182463824
1.0,4.0,4.0,False,2.3289527595043182,23.2646894913757,17.932457510869792
1.0,-65.0,-65.0,False,2.5903103351593018,7.246785733889225,31.09525805319479
1.0,46.0,46.0,False,3.2925583124160767,21.42955906544747,22.206532226967887
1.0,13.0,13.0,False,2.123754918575287,20.64351983168713,34.930794074017534
1.0,-65.0,-65.0,False,1.6819145679473877,24.608538629760844,33.06660190801534
1.0,6.0,6.0,False,2.832623600959778,24.67017074989757,33.95051592068253
1.0,-5.0,-5.0,False,1.5974728465080261,21.740271574006897,30.839943261496355
1.0,1.0,1.0,True,2.426770508289337,29.680682843160042,25.175758616316678
1.0,-9.0,-9.0,False,1.2780179679393768,19.431711395959926,36.05620791121506
1.0,-18.0,-18.0,False,2.810258209705353,14.662171296242631,25.193728015372418
1.0,40.0,40.0,False,2.4322436451911926,30.4703601587767,25.13876436412265
1.0,-3.0,-3.0,False,2.728910595178604,18.74414388122562,33.38348560828606
1.0,69.0,69.0,False,1.2079649865627289,35.46648603431576,22.5280892407698
1.0,-16.0,-16.0,False,2.905506134033203,6.467383051383704,18.011527847009702
1.0,-62.0,-62.0,False,3.568748325109482,31.58681026199323,18.482942088704238
1.0,15.0,15.0,False,3.2433905601501465,10.195582688065558,29.91114562970072
1.0,42.0,42.0,False,2.810258209705353,14.662171296242631,13.996703611305309
1.0,-19.0,-19.0,False,2.4322436451911926,30.4703601587767,27.877757119987535
1.0,-39.0,-39.0,False,2.688127487897873,25.893824562077732,27.877757119987535
1.0,16.0,16.0,False,2.909634053707123,10.195582688065558,13.19018646646364
1.0,1.0,1.0,True,2.846465438604355,6.86442862892545,16.151925369619313
1.0,0.0,0.0,False,1.4983233362436295,29.514885718970795,36.83777837269494
1.0,-15.0,-15.0,False,2.73946750164032,32.131573208673096,16.537292443412486
1.0,5.0,5.0,False,3.2080602645874023,31.226192408227966,12.406733851762487
1.0,-19.0,-19.0,False,1.721683144569397,27.36642616164743,31.001677252402946
1.0,-68.0,-68.0,False,1.2780179679393768,19.431711395959926,27.889977797577707
1.0,-1.0,-1.0,False,3.3235265910625458,35.36004577351106,26.288579075351816
1.0,-2.0,-2.0,False,2.846465438604355,34.95398658914926,16.151925369619313
1.0,-16.0,-16.0,False,2.473728120326996,30.309854356597693,28.386362229209823
1.0,-51.0,-51.0,False,2.426770508289337,30.309854356597693,25.175758616316678
1.0,30.0,30.0,False,3.8503703474998474,6.86442862892545,14.759598663787049
1.0,-52.0,-52.0,False,3.4094198346138,18.57570407195374,34.46228182463824
1.0,-63.0,-63.0,False,3.5836053490638733,31.58681026199323,25.193728015372418
1.0,5.0,5.0,False,2.4159345030784607,30.395766204348494,32.627518158409906
1.0,4.0,4.0,False,2.6403841376304626,26.85775544241896,4.996795867426932
1.0,-50.0,-50.0,False,3.273644506931305,21.740271574006897,29.91114562970072
1.0,1.0,1.0,True,2.9810019731521606,32.7866648810165,34.46228182463824
1.0,0.0,0.0,False,1.3142233490943909,34.121244188925836,10.960752217799318
1.0,38.0,38.0,False,2.7596821188926697,8.379169394177929,31.67234540683151
1.0,49.0,49.0,False,2.4285972118377686,10.195582688065558,29.036874478812127
1.0,13.0,13.0,False,1.2079649865627289,33.91844718689688,22.5280892407698
1.0,-16.0,-16.0,False,1.2901343703269958,21.074329393607258,24.80330589471663
1.0,-45.0,-45.0,False,1.4113804697990417,23.4746752699227,9.572505528390383
1.0,-1.0,-1.0,False,1.3740882873535156,15.25246603366263,36.89451725294616
1.0,24.0,24.0,False,1.8218511790037155,30.4703601587767,12.45833510246817
1.0,13.0,13.0,False,1.3142233490943909,30.309854356597693,10.960752217799318
1.0,3.0,3.0,False,2.5010971426963806,29.680682843160042,27.877757119987535
1.0,33.0,33.0,False,3.0473307371139526,35.493077489705605,28.386362229209823
1.0,-62.0,-62.0,False,2.6047878861427307,7.246785733889225,27.82273953999235
1.0,17.0,17.0,False,4.089072227478027,14.342503512207367,27.329281467856347
1.0,0.0,0.0,False,1.2079649865627289,30.851681448001262,22.5280892407698
1.0,23.0,23.0,False,2.5459179282188416,5.638406333048595,33.62412082132528
1.0,49.0,49.0,False,2.4285972118377686,29.680682843160042,29.036874478812127
1.0,-62.0,-62.0,False,3.568748325109482,19.854901594054056,18.482942088704238
1.0,68.0,68.0,False,1.4657612442970276,34.87528714024185,31.67234540683151
1.0,-56.0,-56.0,False,1.721683144569397,27.36642616164743,11.56379395538939
1.0,14.0,14.0,False,4.088109493255615,34.95398658914926,13.438242195391553
1.0,59.0,59.0,False,3.2548075318336487,36.66543773556809,8.045402495828611
1.0,56.0,56.0,False,0.6094369105994701,34.95398658914926,17.99459768394072
1.0,43.0,43.0,False,1.2901343703269958,21.074329393607258,36.05620791121506
1.0,-61.0,-61.0,False,2.158135712146759,4.8180534720297965,33.5423293922932
1.0,-1.0,-1.0,False,1.3142233490943909,4.8180534720297965,10.960752217799318
1.0,-55.0,-55.0,False,2.053957462310791,14.944165518299444,17.699940030486676
1.0,-2.0,-2.0,False,0.5069424510002136,19.288430631167973,23.849937286134555
1.0,-52.0,-52.0,False,1.5388761758804321,27.493930493642733,18.156527676322018
1.0,-14.0,-14.0,False,4.089072227478027,14.342503512207367,20.08673917876098
1.0,-67.0,-67.0,False,1.3623385429382324,2.2380119547861277,24.80330589471663
1.0,65.0,65.0,False,2.5405856370925903,8.407630154784469,23.61156012712762
1.0,-65.0,-65.0,False,1.83803790807724,2.2380119547861277,37.43050088558007
1.0,-66.0,-66.0,False,2.053957462310791,7.246785733889225,17.699940030486676
1.0,-5.0,-5.0,False,2.162038266658783,22.33916280115197,19.715287450155234
1.0,-27.0,-27.0,False,2.0910578966140747,8.379169394177929,35.74925938085861
1.0,-51.0,-51.0,False,2.9658493399620056,4.8180534720297965,29.91114562970072
1.0,-6.0,-6.0,False,2.123754918575287,34.51446301916373,34.930794074017534
1.0,-29.0,-29.0,False,3.0473307371139526,21.740271574006897,28.386362229209823
1.0,6.0,6.0,False,3.5317413210868835,17.320817209615107,24.34854572347734
1.0,50.0,50.0,False,1.507060468196869,13.7063864085815,35.415260414179684
1.0,4.0,4.0,False,2.6047878861427307,10.89993483672656,27.82273953999235
1.0,-23.0,-23.0,False,3.5836053490638733,31.58681026199323,17.663615137143776
1.0,58.0,58.0,False,3.4705621004104614,33.12101204816277,8.045402495828611
1.0,3.0,3.0,False,2.688127487897873,10.195582688065558,27.877757119987535
1.0,-62.0,-62.0,False,1.084891825914383,31.262208369685887,27.889977797577707
1.0,-9.0,-9.0,False,1.9723273515701294,24.76400222034472,29.036874478812127
1.0,43.0,43.0,False,2.351190000772476,32.47479122820109,32.92694107856823
1.0,40.0,40.0,False,2.4563921093940735,29.319182083696433,26.519827352914067
1.0,15.0,15.0,False,3.824810951948166,35.493077489705605,14.530134917103437
1.0,2.0,2.0,False,3.768455922603607,11.118977019987419,28.21672875483337
1.0,0.0,0.0,False,2.0128690600395203,24.61426556145732,30.701121273128905
1.0,8.0,8.0,False,2.162038266658783,22.33916280115197,29.91114562970072
1.0,1.0,1.0,True,2.426770508289337,32.4265959977046,25.175758616316678
1.0,1.0,1.0,True,2.053957462310791,11.118977019987419,17.699940030486676
1.0,-64.0,-64.0,False,1.2836204767227173,24.330701433098113,25.032773089415056
1.0,-5.0,-5.0,False,2.688127487897873,13.599770241086853,27.877757119987535
1.0,-16.0,-16.0,False,2.9226231575012207,18.49996051268616,35.46658365633101
1.0,-29.0,-29.0,False,3.419660061597824,31.58681026199323,31.001677252402946
1.0,-24.0,-24.0,False,2.6945324540138245,34.51446301916373,16.151925369619313
1.0,-58.0,-58.0,False,1.3740882873535156,23.2646894913757,36.89451725294616
1.0,11.0,11.0,False,1.920537143945694,6.86442862892545,21.885823389625862
1.0,11.0,11.0,False,2.810258209705353,14.662171296242631,3.346030910132556
1.0,-13.0,-13.0,False,1.0357469320297241,22.16980220253909,30.81003769636711
1.0,1.0,1.0,True,0.6094369105994701,23.2646894913757,17.99459768394072
1.0,-19.0,-19.0,False,2.5903103351593018,14.662171296242631,31.09525805319479
1.0,25.0,25.0,False,2.4285972118377686,34.51446301916373,29.036874478812127
1.0,-62.0,-62.0,False,2.0128690600395203,18.74414388122562,30.701121273128905
1.0,32.0,32.0,False,1.3142233490943909,35.083606208471,10.960752217799318
1.0,-65.0,-65.0,False,2.0910578966140747,19.854901594054056,35.74925938085861
1.0,-4.0,-4.0,False,2.6937798261642456,33.12101204816277,11.119236213813279
1.0,-60.0,-60.0,False,1.5388761758804321,28.00377936061101,18.156527676322018
1.0,4.0,4.0,False,2.6047878861427307,32.7866648810165,27.82273953999235
1.0,57.0,57.0,False,2.1625527143478394,24.61426556145732,26.734993352823196
1.0,29.0,29.0,False,3.0473307371139526,33.12101204816277,28.386362229209823
1.0,57.0,57.0,False,1.775077998638153,25.696585132216992,26.519827352914067
1.0,60.0,60.0,False,2.5327605307102203,20.64351983168713,14.866671883506601
1.0,59.0,59.0,False,2.18243670463562,21.678075342120096,12.024637996435173
1.0,15.0,15.0,False,1.1410848200321198,13.599770241086853,32.28783552679982
1.0,-29.0,-29.0,False,1.9723273515701294,24.76400222034472,25.91297705616493
1.0,-3.0,-3.0,False,2.4563921093940735,29.319182083696433,13.438242195391553
1.0,40.0,40.0,False,1.0357469320297241,21.002386457083876,30.81003769636711
1.0,0.0,0.0,False,2.728910595178604,18.49996051268616,33.38348560828606
1.0,46.0,46.0,False,1.8218511790037155,29.680682843160042,12.45833510246817
1.0,67.0,67.0,False,2.5405856370925903,35.98591597881355,23.61156012712762
1.0,3.0,3.0,False,3.658176004886627,24.67017074989757,19.715287450155234
1.0,1.0,1.0,True,3.568748325109482,8.407630154784469,18.482942088704238
1.0,-3.0,-3.0,False,2.9275566935539246,35.493077489705605,18.011527847009702
1.0,6.0,6.0,False,2.4159345030784607,30.395766204348494,12.406733851762487
1.0,-63.0,-63.0,False,2.9275566935539246,36.845023588601876,18.011527847009702
1.0,16.0,16.0,False,2.905506134033203,6.467383051383704,35.80014256283809
1.0,12.0,12.0,False,1.7578414678573608,23.4746752699227,13.996703611305309
1.0,-1.0,-1.0,False,1.7646382451057434,35.98591597881355,27.889977797577707
1.0,-52.0,-52.0,False,2.158135712146759,23.2646894913757,33.5423293922932
1.0,44.0,44.0,False,3.1275523900985718,14.342503512207367,25.761032851938076
1.0,-7.0,-7.0,False,2.18243670463562,7.246785733889225,12.024637996435173
1.0,32.0,32.0,False,2.830334186553955,28.593752818289865,26.519827352914067
1.0,-63.0,-63.0,False,1.5388761758804321,31.58681026199323,18.156527676322018
1.0,64.0,64.0,False,2.6403841376304626,35.793245915013486,4.996795867426932
1.0,3.0,3.0,False,2.5903103351593018,9.334187797761093,31.09525805319479
1.0,62.0,62.0,False,0.5069424510002136,21.678075342120096,23.849937286134555
1.0,-60.0,-60.0,False,3.319778800010681,27.17113175782298,24.997126471361792
1.0,-55.0,-55.0,False,2.18243670463562,24.213079367004546,36.51627171359564
1.0,1.0,1.0,True,1.8828887343406677,24.61426556145732,24.191583372527443
1.0,-23.0,-23.0,False,2.048040747642517,28.992342036459096,33.5423293922932
1.0,-35.0,-35.0,False,1.883922040462494,24.76400222034472,25.183477208273317
1.0,32.0,32.0,False,3.0598082542419434,32.47479122820109,35.46658365633101
1.0,4.0,4.0,False,2.2832520604133606,33.91844718689688,36.05620791121506
1.0,36.0,36.0,False,3.0473307371139526,32.4265959977046,28.386362229209823
1.0,2.0,2.0,False,2.688127487897873,32.7866648810165,27.877757119987535
1.0,57.0,57.0,False,0.6094369105994701,21.42955906544747,17.99459768394072
1.0,22.0,22.0,False,1.883922040462494,21.678075342120096,25.183477208273317
1.0,0.0,0.0,False,1.2901343703269958,21.074329393607258,35.179675897490036
1.0,9.0,9.0,False,2.5327605307102203,14.944165518299444,14.866671883506601
1.0,44.0,44.0,False,0.5069424510002136,33.11694312809771,23.849937286134555
1.0,65.0,65.0,False,2.5010971426963806,29.680682843160042,17.398295531702157
1.0,-45.0,-45.0,False,1.701964020729065,30.028115131727095,20.702305154941865
1.0,3.0,3.0,False,3.2925583124160767,21.42955906544747,32.627518158409906
1.0,-64.0,-64.0,False,1.6034958362579346,27.675802356009285,28.899916232294558
1.0,1.0,1.0,True,1.7596421837806702,15.25246603366263,17.699940030486676
1.0,4.0,4.0,False,1.7596421837806702,15.25246603366263,24.34854572347734
1.0,-2.0,-2.0,False,2.1625527143478394,24.213079367004546,26.734993352823196
1.0,-22.0,-22.0,False,2.9244040846824646,24.330701433098113,26.985342568355403
1.0,17.0,17.0,False,3.2925583124160767,21.42955906544747,14.530134917103437
1.0,41.0,41.0,False,3.8306971192359924,31.226192408227966,29.614114169710373
1.0,-42.0,-42.0,False,1.883922040462494,19.288430631167973,25.183477208273317
1.0,-2.0,-2.0,False,0.9210738390684128,10.89993483672656,13.746911412923827
1.0,65.0,65.0,False,2.611833333969116,21.42955906544747,35.415260414179684
1.0,-40.0,-40.0,False,2.1862138509750366,33.91844718689688,23.768647753455223
1.0,60.0,60.0,False,2.728910595178604,10.195582688065558,33.38348560828606
1.0,5.0,5.0,False,2.3757681250572205,34.30466072847716,12.406733851762487
1.0,-23.0,-23.0,False,2.9658493399620056,4.8180534720297965,17.663615137143776
1.0,1.0,1.0,True,1.6034958362579346,36.79745061792678,28.899916232294558
1.0,-60.0,-60.0,False,3.741156756877899,19.854901594054056,37.31511068236461
1.0,9.0,9.0,False,2.095856726169586,22.33916280115197,23.780353022939543
1.0,45.0,45.0,False,4.0771748423576355,17.320817209615107,17.663615137143776
1.0,29.0,29.0,False,2.3302997946739197,11.118977019987419,25.91297705616493
1.0,4.0,4.0,False,0.9571869820356369,17.591147303116458,20.08673917876098
1.0,43.0,43.0,False,1.3142233490943909,5.961954052640246,10.960752217799318
1.0,16.0,16.0,False,1.7247297763824463,29.466256838173774,29.036874478812127
1.0,11.0,11.0,False,2.1625527143478394,18.346502302305897,26.734993352823196
1.0,-17.0,-17.0,False,2.9244040846824646,26.85775544241896,26.985342568355403
1.0,-19.0,-19.0,False,1.1410848200321198,25.893824562077732,32.28783552679982
1.0,-4.0,-4.0,False,4.140538245439529,36.845023588601876,26.519827352914067
1.0,35.0,35.0,False,2.6945324540138245,34.51446301916373,26.519827352914067
1.0,-2.0,-2.0,False,1.3740882873535156,21.42955906544747,36.89451725294616
1.0,10.0,10.0,False,2.909634053707123,36.66543773556809,13.19018646646364
1.0,-58.0,-58.0,False,3.8326407074928284,36.845023588601876,26.8728910106589
1.0,68.0,68.0,False,2.5010971426963806,29.680682843160042,23.61156012712762
1.0,32.0,32.0,False,2.5459179282188416,5.638406333048595,17.398295531702157
1.0,63.0,63.0,False,0.5069424510002136,10.195582688065558,23.849937286134555
1.0,18.0,18.0,False,3.4705621004104614,18.346502302305897,8.045402495828611
1.0,-44.0,-44.0,False,2.263725519180298,18.49996051268616,35.179675897490036
1.0,38.0,38.0,False,3.0598082542419434,36.66543773556809,35.46658365633101
1.0,1.0,1.0,True,1.2079649865627289,24.608538629760844,22.5280892407698
1.0,-66.0,-66.0,False,1.3740882873535156,21.740271574006897,36.89451725294616
1.0,2.0,2.0,False,2.4479500353336334,29.897545467533206,9.841094176469857
1.0,-28.0,-28.0,False,1.7247297763824463,29.466256838173774,36.51627171359564
1.0,49.0,49.0,False,2.5327605307102203,14.342503512207367,14.866671883506601
1.0,10.0,10.0,False,2.854698598384857,31.594348452792854,12.022473589732702
1.0,-38.0,-38.0,False,4.664555132389069,24.330701433098113,35.041699228411474
1.0,-60.0,-60.0,False,2.6937798261642456,36.845023588601876,11.119236213813279
1.0,22.0,22.0,False,2.4563921093940735,29.319182083696433,29.614114169710373
1.0,-65.0,-65.0,False,1.9921206533908844,24.608538629760844,36.61059557857758
1.0,-9.0,-9.0,False,2.032738983631134,30.851681448001262,12.022473589732702
1.0,65.0,65.0,False,2.611833333969116,10.89993483672656,35.415260414179684
1.0,-6.0,-6.0,False,2.688127487897873,35.36004577351106,27.877757119987535
1.0,-23.0,-23.0,False,2.33881676197052,33.91844718689688,3.346030910132556
1.0,2.0,2.0,False,4.164270639419556,31.226192408227966,28.21672875483337
1.0,16.0,16.0,False,3.0343611538410187,9.334187797761093,29.91114562970072
1.0,3.0,3.0,False,3.0343611538410187,9.334187797761093,20.08673917876098
1.0,-64.0,-64.0,False,2.9658493399620056,4.8180534720297965,36.61059557857758
1.0,26.0,26.0,False,1.7247297763824463,29.466256838173774,12.022473589732702
1.0,1.0,1.0,True,1.7646382451057434,26.745732207631306,27.889977797577707
1.0,-27.0,-27.0,False,1.4113804697990417,35.083606208471,9.572505528390383
1.0,-23.0,-23.0,False,1.1122474372386932,34.51446301916373,27.991191994300273
1.0,39.0,39.0,False,2.611833333969116,28.593752818289865,35.415260414179684
1.0,1.0,1.0,True,2.0601401329040527,11.118977019987419,32.09173084359268
1.0,57.0,57.0,False,1.6531291604042053,36.79745061792678,26.734993352823196
1.0,60.0,60.0,False,2.162038266658783,22.33916280115197,23.320997903486386
1.0,3.0,3.0,False,2.963900089263916,10.89993483672656,24.34854572347734
1.0,1.0,1.0,True,2.963900089263916,10.89993483672656,34.46228182463824
1.0,-1.0,-1.0,False,2.1862138509750366,14.342503512207367,23.768647753455223
1.0,50.0,50.0,False,2.7596821188926697,32.131573208673096,31.67234540683151
1.0,-7.0,-7.0,False,2.2832520604133606,27.675802356009285,36.05620791121506
1.0,-14.0,-14.0,False,1.507060468196869,13.7063864085815,22.8042998534159
1.0,0.0,0.0,False,2.053957462310791,12.649449911709507,17.699940030486676
1.0,13.0,13.0,False,1.7578414678573608,23.4746752699227,4.996795867426932
1.0,29.0,29.0,False,2.33271324634552,29.45287250440925,35.80014256283809
1.0,-55.0,-55.0,False,2.9226231575012207,18.49996051268616,36.51627171359564
1.0,-23.0,-23.0,False,1.3740882873535156,30.4703601587767,36.89451725294616
1.0,-3.0,-3.0,False,2.123754918575287,14.662171296242631,34.930794074017534
1.0,2.0,2.0,False,1.8828887343406677,35.793245915013486,24.191583372527443
1.0,-49.0,-49.0,False,2.3816164135932922,33.729833441197826,14.530134917103437
1.0,-60.0,-60.0,False,1.8828887343406677,5.262459638354721,24.191583372527443
1.0,1.0,1.0,True,2.6648943424224854,32.494366157502505,20.702305154941865
1.0,-1.0,-1.0,False,1.3740882873535156,35.793245915013486,36.89451725294616
1.0,-66.0,-66.0,False,2.9376107156276703,7.246785733889225,32.744413758460446
1.0,-4.0,-4.0,False,2.158135712146759,35.36004577351106,33.5423293922932
1.0,-57.0,-57.0,False,3.273644506931305,21.740271574006897,26.288579075351816
1.0,-20.0,-20.0,False,2.048040747642517,28.992342036459096,26.288579075351816
1.0,-11.0,-11.0,False,2.351190000772476,31.58681026199323,32.92694107856823
1.0,42.0,42.0,False,3.4645429253578186,35.46648603431576,29.614114169710373
1.0,23.0,23.0,False,1.1410848200321198,34.30466072847716,32.28783552679982
1.0,-53.0,-53.0,False,2.868311434984207,23.2646894913757,24.34854572347734
1.0,-16.0,-16.0,False,1.8218511790037155,27.17113175782298,12.45833510246817
1.0,62.0,62.0,False,0.5069424510002136,10.89993483672656,23.849937286134555
1.0,-53.0,-53.0,False,1.721683144569397,27.36642616164743,27.877757119987535
1.0,-31.0,-31.0,False,1.83803790807724,35.083606208471,37.43050088558007
1.0,3.0,3.0,False,2.5903103351593018,21.002386457083876,31.09525805319479
1.0,28.0,28.0,False,3.635753959417343,29.485994408735355,35.80014256283809
1.0,64.0,64.0,False,2.450524389743805,21.678075342120096,17.398295531702157
1.0,-10.0,-10.0,False,2.079042136669159,31.58681026199323,35.17018984973592
1.0,40.0,40.0,False,2.5405856370925903,8.379169394177929,23.61156012712762
1.0,7.0,7.0,False,3.4645429253578186,35.46648603431576,37.31511068236461
1.0,-65.0,-65.0,False,1.9921206533908844,24.608538629760844,34.46228182463824
1.0,1.0,1.0,True,3.658988654613495,31.226192408227966,20.702305154941865
1.0,-6.0,-6.0,False,1.83803790807724,13.599770241086853,37.43050088558007
1.0,-1.0,-1.0,False,1.8828887343406677,29.45287250440925,24.191583372527443
1.0,-16.0,-16.0,False,2.810258209705353,14.662171296242631,33.95051592068253
1.0,2.0,2.0,False,2.4479500353336334,32.131573208673096,9.841094176469857
1.0,-42.0,-42.0,False,1.4983233362436295,29.514885718970795,14.530134917103437
1.0,-21.0,-21.0,False,2.053957462310791,30.4703601587767,17.699940030486676
1.0,-19.0,-19.0,False,4.257731080055237,19.854901594054056,22.206532226967887
1.0,59.0,59.0,False,0.6094369105994701,26.745732207631306,17.99459768394072
1.0,37.0,37.0,False,3.2548075318336487,36.66543773556809,17.663615137143776
1.0,-3.0,-3.0,False,1.3623385429382324,35.493077489705605,24.80330589471663
1.0,-45.0,-45.0,False,3.6055045127868652,18.346502302305897,20.08673917876098
1.0,-1.0,-1.0,False,2.3816164135932922,33.729833441197826,31.67234540683151
1.0,2.0,2.0,False,2.9376107156276703,6.86442862892545,32.744413758460446
1.0,20.0,20.0,False,3.0473307371139526,14.342503512207367,28.386362229209823
1.0,19.0,19.0,False,2.7596821188926697,18.346502302305897,31.67234540683151
1.0,4.0,4.0,False,2.7596821188926697,5.262459638354721,31.67234540683151
1.0,31.0,31.0,False,2.2832520604133606,8.379169394177929,36.05620791121506
1.0,-17.0,-17.0,False,2.4285972118377686,31.58681026199323,29.036874478812127
1.0,-6.0,-6.0,False,1.953976422548294,36.66543773556809,11.56379395538939
1.0,17.0,17.0,False,2.095856726169586,24.67017074989757,23.780353022939543
1.0,58.0,58.0,False,2.3289527595043182,12.55077368946483,17.932457510869792
1.0,-60.0,-60.0,False,1.6819145679473877,27.17113175782298,33.06660190801534
1.0,-36.0,-36.0,False,2.630225956439972,30.297520111754693,13.19018646646364
1.0,44.0,44.0,False,2.18243670463562,14.342503512207367,12.024637996435173
1.0,0.0,0.0,False,2.0601401329040527,12.649449911709507,32.09173084359268
1.0,-16.0,-16.0,False,1.0357469320297241,33.91844718689688,30.81003769636711
1.0,48.0,48.0,False,2.6403841376304626,29.897545467533206,4.996795867426932
1.0,31.0,31.0,False,1.775077998638153,25.696585132216992,27.329281467856347
1.0,-50.0,-50.0,False,3.0297974348068237,27.675802356009285,13.438242195391553
1.0,-55.0,-55.0,False,2.158135712146759,24.213079367004546,33.5423293922932
1.0,1.0,1.0,True,1.953976422548294,6.86442862892545,11.56379395538939
1.0,3.0,3.0,False,3.4442898631095886,25.12528469626604,20.08673917876098
1.0,-15.0,-15.0,False,1.2901343703269958,21.074329393607258,29.659680954907856
1.0,-58.0,-58.0,False,2.18243670463562,24.213079367004546,19.715287450155234
1.0,65.0,65.0,False,2.5405856370925903,12.55077368946483,23.61156012712762
1.0,-5.0,-5.0,False,3.5317413210868835,35.36004577351106,24.34854572347734
1.0,-16.0,-16.0,False,2.846465438604355,14.342503512207367,16.151925369619313
1.0,-52.0,-52.0,False,2.868311434984207,23.2646894913757,26.8728910106589
1.0,-44.0,-44.0,False,2.630225956439972,30.297520111754693,26.288579075351816
1.0,-16.0,-16.0,False,2.26850289106369,14.342503512207367,29.010851506935655
1.0,63.0,63.0,False,0.5069424510002136,29.680682843160042,23.849937286134555
1.0,34.0,34.0,False,3.2088470458984375,17.320817209615107,3.346030910132556
1.0,47.0,47.0,False,0.5069424510002136,32.131573208673096,23.849937286134555
1.0,-54.0,-54.0,False,1.9723273515701294,24.76400222034472,27.849772648593905
1.0,22.0,22.0,False,2.4285972118377686,28.593752818289865,29.036874478812127
1.0,1.0,1.0,True,2.0910578966140747,32.494366157502505,35.74925938085861
1.0,-47.0,-47.0,False,2.957677662372589,22.16980220253909,26.8728910106589
1.0,23.0,23.0,False,1.883922040462494,35.793245915013486,25.183477208273317
1.0,-65.0,-65.0,False,1.9921206533908844,24.608538629760844,28.21672875483337
1.0,22.0,22.0,False,3.0389448404312134,32.4265959977046,21.292215936173864
1.0,-6.0,-6.0,False,2.73946750164032,33.12101204816277,16.537292443412486
1.0,-64.0,-64.0,False,1.9921206533908844,24.608538629760844,27.877757119987535
1.0,15.0,15.0,False,3.5733753442764282,35.793245915013486,29.91114562970072
1.0,-15.0,-15.0,False,1.507060468196869,13.7063864085815,32.09173084359268
1.0,40.0,40.0,False,2.8788169026374817,35.98591597881355,29.614114169710373
1.0,-25.0,-25.0,False,2.957677662372589,22.16980220253909,35.041699228411474
1.0,62.0,62.0,False,0.9571869820356369,17.591147303116458,25.761032851938076
1.0,-4.0,-4.0,False,3.2548075318336487,36.66543773556809,1.522437133994482
1.0,-1.0,-1.0,False,1.6531291604042053,36.79745061792678,11.56379395538939
1.0,-54.0,-54.0,False,2.33881676197052,33.91844718689688,32.744413758460446
1.0,42.0,42.0,False,3.8306971192359924,26.745732207631306,29.614114169710373
1.0,-5.0,-5.0,False,2.846465438604355,20.64351983168713,16.151925369619313
1.0,-46.0,-46.0,False,3.3235265910625458,18.57570407195374,26.288579075351816
1.0,46.0,46.0,False,1.3142233490943909,29.319182083696433,10.960752217799318
1.0,18.0,18.0,False,2.4479500353336334,32.494366157502505,9.841094176469857
1.0,-41.0,-41.0,False,1.7578414678573608,23.4746752699227,21.885823389625862
1.0,54.0,54.0,False,0.6094369105994701,29.485994408735355,17.99459768394072
1.0,1.0,1.0,True,1.6586309969425201,27.493930493642733,33.62412082132528
1.0,28.0,28.0,False,2.351190000772476,28.593752818289865,32.92694107856823
1.0,-48.0,-48.0,False,2.553533911705017,14.944165518299444,26.288579075351816
1.0,-18.0,-18.0,False,1.4113804697990417,34.51446301916373,9.572505528390383
1.0,-8.0,-8.0,False,2.351190000772476,28.00377936061101,32.92694107856823
1.0,-21.0,-21.0,False,1.4260072708129883,30.4703601587767,29.659680954907856
1.0,-59.0,-59.0,False,2.0128690600395203,24.213079367004546,30.701121273128905
1.0,4.0,4.0,False,2.263725519180298,32.47479122820109,35.179675897490036
1.0,-56.0,-56.0,False,3.741156756877899,27.17113175782298,37.31511068236461
1.0,1.0,1.0,True,1.1122474372386932,32.494366157502505,27.991191994300273
1.0,49.0,49.0,False,1.3142233490943909,32.131573208673096,10.960752217799318
1.0,4.0,4.0,False,4.0771748423576355,17.320817209615107,34.46228182463824
1.0,65.0,65.0,False,3.4705621004104614,35.793245915013486,8.045402495828611
1.0,59.0,59.0,False,1.5508562326431274,28.593639352719876,14.866671883506601
1.0,0.0,0.0,False,2.9275566935539246,21.177894102664155,18.011527847009702
1.0,-45.0,-45.0,False,1.701964020729065,30.028115131727095,32.09173084359268
1.0,64.0,64.0,False,1.3142233490943909,32.7866648810165,10.960752217799318
1.0,-2.0,-2.0,False,1.3623385429382324,25.696585132216992,24.80330589471663
1.0,27.0,27.0,False,1.6694261133670807,29.466256838173774,36.83777837269494
1.0,61.0,61.0,False,2.3289527595043182,10.195582688065558,17.932457510869792
1.0,-53.0,-53.0,False,1.920537143945694,18.74414388122562,21.885823389625862
1.0,64.0,64.0,False,2.5327605307102203,32.7866648810165,14.866671883506601
1.0,31.0,31.0,False,3.2548075318336487,36.66543773556809,31.001677252402946
1.0,1.0,1.0,True,1.83803790807724,10.89993483672656,37.43050088558007
1.0,65.0,65.0,False,2.5327605307102203,35.793245915013486,14.866671883506601
1.0,-40.0,-40.0,False,3.0389448404312134,5.262459638354721,21.292215936173864
1.0,-8.0,-8.0,False,2.351190000772476,18.74414388122562,32.92694107856823
1.0,-39.0,-39.0,False,1.5388761758804321,25.893824562077732,18.156527676322018
1.0,2.0,2.0,False,1.1122474372386932,30.395766204348494,27.991191994300273
1.0,-19.0,-19.0,False,2.810258209705353,14.662171296242631,20.08673917876098
1.0,-14.0,-14.0,False,4.664263844490051,29.897545467533206,34.46228182463824
1.0,4.0,4.0,False,3.568748325109482,31.226192408227966,18.482942088704238
1.0,54.0,54.0,False,2.611833333969116,12.186175660781055,35.415260414179684
1.0,10.0,10.0,False,2.830334186553955,28.593752818289865,31.001677252402946
1.0,5.0,5.0,False,2.688127487897873,17.320817209615107,27.877757119987535
1.0,4.0,4.0,False,2.354423701763153,24.61426556145732,12.406733851762487
1.0,-9.0,-9.0,False,1.3740882873535156,13.599770241086853,36.89451725294616
1.0,-61.0,-61.0,False,1.6417658776044846,9.789696894347808,32.760040957060795
1.0,0.0,0.0,False,3.284613847732544,25.993542676292854,35.5287454304479
1.0,10.0,10.0,False,2.49209725856781,36.85354419367301,4.115764104046325
1.0,19.0,19.0,False,2.7158480882644653,12.305682003461348,29.526787250117827
1.0,-39.0,-39.0,False,2.5422504544258118,25.615392828570148,23.266555142431393
1.0,-15.0,-15.0,False,1.159635603427887,18.204964553811074,12.843465463127117
1.0,4.0,4.0,False,1.159635603427887,18.204964553811074,36.622257689836395
1.0,6.0,6.0,False,1.4084746837615967,29.75355630343062,21.29744898245798
1.0,40.0,40.0,False,3.284613847732544,22.283141153553498,35.5287454304479
1.0,40.0,40.0,False,2.130289852619171,29.597107919318827,19.48064391166613
1.0,-8.0,-8.0,False,2.3434669971466064,34.17315752355048,8.449449907263286
1.0,33.0,33.0,False,1.0149215757846832,33.01502130103619,21.30815961834341
1.0,-12.0,-12.0,False,1.159635603427887,18.204964553811074,21.11628660819958
1.0,-1.0,-1.0,False,2.6780444383621216,27.869190517313776,11.827234998147961
1.0,-25.0,-25.0,False,3.052940607070923,31.129949214512774,5.768478886442255
1.0,2.0,2.0,False,1.0149215757846832,33.01502130103619,2.379986196846565
1.0,37.0,37.0,False,2.427641987800598,27.566335000422704,26.354111702802637
1.0,9.0,9.0,False,2.010123074054718,36.85354419367301,16.0248213402464
1.0,59.0,59.0,False,2.010123074054718,23.371403157326633,16.0248213402464
1.0,-2.0,-2.0,False,3.7317143082618713,32.387144896409374,18.92867524151983
1.0,-4.0,-4.0,False,1.18485027551651,31.695542197162666,16.426515832684306
1.0,0.0,0.0,False,2.5370041131973267,28.840005799000615,19.76230286434132
1.0,60.0,60.0,False,2.1165265440940857,15.815548719739619,36.622257689836395
1.0,6.0,6.0,False,2.3976646065711975,27.376477415027622,16.74305159652553
1.0,-2.0,-2.0,False,1.9944761991500854,30.728211165405988,21.11628660819958
1.0,1.0,1.0,True,1.1258845329284668,13.44856952448638,30.80751507963731
1.0,-26.0,-26.0,False,1.4084746837615967,29.75355630343062,32.7885154622136
1.0,0.0,0.0,False,2.1774808168411255,29.655596164132287,2.379986196846565
1.0,20.0,20.0,False,2.6605781465768814,31.077896447201955,37.482807032812815
1.0,55.0,55.0,False,2.3434669971466064,32.00798084157967,8.449449907263286
1.0,50.0,50.0,False,1.7287845313549042,14.17359696833563,26.474044630555547
1.0,32.0,32.0,False,3.0843663811683655,23.371403157326633,5.768478886442255
1.0,29.0,29.0,False,1.4084746837615967,29.75355630343062,14.308420990971813
1.0,-17.0,-17.0,False,0.9341734349727631,31.077896447201955,26.02213123058406
1.0,0.0,0.0,False,2.2505542039871216,33.594353092901336,32.760040957060795
1.0,4.0,4.0,False,1.5582393407821655,12.060633381521741,26.74964362646849
1.0,30.0,30.0,False,2.0179417729377747,6.740600045431648,21.30815961834341
1.0,49.0,49.0,False,0.9759779274463654,23.660076764095887,23.696055937995283
1.0,60.0,60.0,False,1.0149215757846832,33.01502130103619,13.600598944770562
1.0,5.0,5.0,False,2.8440957069396973,27.566335000422704,16.426515832684306
1.0,-28.0,-28.0,False,1.1635774672031403,17.125650101176873,21.30815961834341
1.0,55.0,55.0,False,2.727549821138382,13.475644110747506,29.526787250117827
1.0,4.0,4.0,False,3.2925353050231934,15.240735100666615,30.077141636218144
1.0,1.0,1.0,True,3.194689601659775,29.597107919318827,18.008493459408292
1.0,55.0,55.0,False,2.025129720568657,27.816931553656147,30.573656600671615
1.0,1.0,1.0,True,2.1402878910303116,16.87569151980284,35.429818641226426
1.0,-23.0,-23.0,False,2.4470004439353943,30.91733462562359,10.891248819225698
1.0,25.0,25.0,False,3.4127654433250427,25.028463963444615,7.738301215032927
1.0,-43.0,-43.0,False,2.6408737897872925,13.257320612974745,30.089921400754182
1.0,33.0,33.0,False,2.1165265440940857,15.815548719739619,5.768478886442255
1.0,-45.0,-45.0,False,3.9312936663627625,25.615392828570148,32.760040957060795
1.0,8.0,8.0,False,2.3830447793006897,29.597107919318827,21.849526466982297
1.0,-3.0,-3.0,False,0.9409295320510864,8.373094769023421,18.92867524151983
1.0,53.0,53.0,False,1.1674140393733978,28.840005799000615,13.600598944770562
1.0,-58.0,-58.0,False,2.3207571506500244,15.51116089308862,32.760040957060795
1.0,5.0,5.0,False,1.5811561048030853,28.662991761332332,16.426515832684306
1.0,-50.0,-50.0,False,2.9035037457942963,30.641355172210496,13.72455489751889
1.0,1.0,1.0,True,1.6375145763158798,12.060633381521741,23.95956489604161
1.0,-3.0,-3.0,False,1.444856658577919,28.840005799000615,23.430727944163582
1.0,-39.0,-39.0,False,1.5151349902153015,27.869190517313776,8.0142695003974
1.0,23.0,23.0,False,2.1774808168411255,27.099179121021418,10.891248819225698
1.0,-2.0,-2.0,False,2.025129720568657,27.816931553656147,10.175404488586567
1.0,31.0,31.0,False,4.002440392971039,28.840005799000615,9.782763476782815
1.0,-30.0,-30.0,False,3.69521963596344,25.993542676292854,13.807590492417525
1.0,38.0,38.0,False,1.9944761991500854,28.840005799000615,21.11628660819958
1.0,2.0,2.0,False,1.6375145763158798,23.660076764095887,23.95956489604161
1.0,-48.0,-48.0,False,1.444856658577919,15.240735100666615,23.430727944163582
1.0,-4.0,-4.0,False,2.1575633883476257,17.863082327403514,14.308420990971813
1.0,8.0,8.0,False,1.4084746837615967,29.75355630343062,26.354111702802637
1.0,-52.0,-52.0,False,2.49209725856781,36.85354419367301,32.760040957060795
1.0,29.0,29.0,False,2.1774808168411255,27.099179121021418,14.783862151300065
1.0,-4.0,-4.0,False,2.3207571506500244,15.51116089308862,18.959779632510998
1.0,-55.0,-55.0,False,1.68555349111557,35.13182012519189,25.91494698865158
1.0,-1.0,-1.0,False,1.8144021034240723,27.099179121021418,32.03421118469895
1.0,1.0,1.0,True,2.7564797401428223,32.387144896409374,11.888288792253492
1.0,-56.0,-56.0,False,2.45718115568161,33.69562767937453,31.32052992081342
1.0,52.0,52.0,False,1.6603193283081055,28.468254646153962,35.5287454304479
1.0,-49.0,-49.0,False,1.1635774672031403,17.125650101176873,19.93065159767513
1.0,40.0,40.0,False,1.535349726676941,33.40983540891486,12.843465463127117
1.0,-46.0,-46.0,False,1.770970642566681,30.91733462562359,9.132822994490468
1.0,54.0,54.0,False,1.5696721374988556,29.069792015216112,20.088678316168004
1.0,-7.0,-7.0,False,2.6034849286079407,34.17315752355048,34.721389738826815
1.0,12.0,12.0,False,2.4470004439353943,30.91733462562359,31.035086249626058
1.0,17.0,17.0,False,1.9944761991500854,25.028463963444615,21.11628660819958
1.0,39.0,39.0,False,2.6605781465768814,31.068295788173796,37.482807032812815
1.0,50.0,50.0,False,3.3954729437828064,30.24973563401901,20.624818188415038
1.0,2.0,2.0,False,2.7564797401428223,12.060633381521741,11.888288792253492
1.0,48.0,48.0,False,2.7387689650058746,32.387144896409374,26.474044630555547
1.0,32.0,32.0,False,3.7317143082618713,32.387144896409374,5.768478886442255
1.0,49.0,49.0,False,2.7387689650058746,29.597107919318827,26.474044630555547
1.0,49.0,49.0,False,1.5696721374988556,28.840005799000615,20.088678316168004
1.0,-20.0,-20.0,False,2.917548418045044,31.077896447201955,10.47185472596294
1.0,53.0,53.0,False,3.884982943534851,6.740600045431648,34.721389738826815
1.0,32.0,32.0,False,1.6101763024926186,20.32814339029241,14.783862151300065
1.0,-60.0,-60.0,False,1.6417658776044846,9.789696894347808,32.03421118469895
1.0,49.0,49.0,False,2.7387689650058746,13.475644110747506,26.474044630555547
1.0,-31.0,-31.0,False,2.9517956972122192,2.924949945526913,10.891248819225698
1.0,57.0,57.0,False,2.101339727640152,20.512015380341808,35.260649296694226
1.0,8.0,8.0,False,2.755234658718109,31.146831607874493,19.93065159767513
1.0,57.0,57.0,False,2.1575633883476257,13.475644110747506,14.308420990971813
1.0,1.0,1.0,True,2.1402878910303116,16.87569151980284,37.13318809609857
1.0,28.0,28.0,False,3.69521963596344,29.597107919318827,13.807590492417525
1.0,59.0,59.0,False,1.3261238932609558,36.27423334080537,36.622257689836395
1.0,-56.0,-56.0,False,1.444856658577919,33.69562767937453,23.430727944163582
1.0,25.0,25.0,False,1.3883288502693176,29.75355630343062,23.03568319358713
1.0,60.0,60.0,False,3.024970054626465,31.068295788173796,4.115764104046325
1.0,55.0,55.0,False,3.573434352874756,13.475644110747506,30.077141636218144
1.0,50.0,50.0,False,1.6603193283081055,28.468254646153962,18.98149944866264
1.0,-15.0,-15.0,False,2.5422504544258118,31.077896447201955,23.266555142431393
1.0,1.0,1.0,True,1.8144021034240723,27.566335000422704,32.03421118469895
1.0,-15.0,-15.0,False,2.038747787475586,26.923739146797114,7.8266232205451765
1.0,-22.0,-22.0,False,1.727738231420517,7.9112132781405,21.30815961834341
1.0,-47.0,-47.0,False,2.108445703983307,23.502440386736016,16.061362408085735
1.0,61.0,61.0,False,1.0149215757846832,33.01502130103619,36.622257689836395
1.0,3.0,3.0,False,1.6101763024926186,32.778686263179516,36.7887874713694
1.0,-1.0,-1.0,False,2.1774808168411255,29.655596164132287,29.383538811005412
1.0,-18.0,-18.0,False,1.68555349111557,26.923739146797114,25.91494698865158
1.0,-7.0,-7.0,False,3.5842939019203186,27.869190517313776,34.721389738826815
1.0,2.0,2.0,False,2.7564797401428223,29.14989501122859,11.888288792253492
1.0,-50.0,-50.0,False,2.5370041131973267,10.607690691504944,19.76230286434132
1.0,2.0,2.0,False,1.0149215757846832,33.01502130103619,36.7887874713694
1.0,3.0,3.0,False,1.5811561048030853,28.662991761332332,23.61537444600264
1.0,3.0,3.0,False,1.68555349111557,15.815548719739619,25.91494698865158
1.0,-17.0,-17.0,False,0.8084093034267426,34.62247322861006,32.7885154622136
1.0,3.0,3.0,False,1.8354347944259644,17.400883804544534,32.7885154622136
1.0,-58.0,-58.0,False,1.1635774672031403,17.125650101176873,32.7885154622136
1.0,0.0,0.0,False,1.159635603427887,10.607690691504944,11.120151792080279
1.0,-58.0,-58.0,False,2.974302351474762,33.69562767937453,11.64918578089946
1.0,4.0,4.0,False,2.010123074054718,23.502440386736016,16.0248213402464
1.0,3.0,3.0,False,1.6101763024926186,20.32814339029241,36.143931196808396
1.0,39.0,39.0,False,2.1774808168411255,27.099179121021418,37.482807032812815
1.0,-32.0,-32.0,False,1.6772742867469788,22.923617036095724,33.75620875293378
1.0,-5.0,-5.0,False,1.1635774672031403,17.125650101176873,29.526787250117827
1.0,49.0,49.0,False,0.9759779274463654,24.69315941562266,23.696055937995283
1.0,-21.0,-21.0,False,2.038747787475586,25.028463963444615,7.8266232205451765
1.0,-1.0,-1.0,False,3.0843663811683655,34.12929689511895,35.429818641226426
1.0,0.0,0.0,False,3.871099814772606,7.209572775533436,36.7887874713694
1.0,-9.0,-9.0,False,1.18485027551651,31.695542197162666,10.175404488586567
1.0,0.0,0.0,False,3.5740499794483185,30.641355172210496,34.721389738826815
1.0,2.0,2.0,False,2.33285241574049,30.24973563401901,23.61537444600264
1.0,34.0,34.0,False,2.130289852619171,28.840005799000615,19.48064391166613
1.0,1.0,1.0,True,3.573434352874756,13.475644110747506,11.64918578089946
1.0,11.0,11.0,False,2.755234658718109,12.060633381521741,19.93065159767513
1.0,-13.0,-13.0,False,2.874202638864517,30.728211165405988,5.768478886442255
1.0,-54.0,-54.0,False,1.1635774672031403,17.125650101176873,19.76230286434132
1.0,-28.0,-28.0,False,1.4084746837615967,29.75355630343062,29.383538811005412
1.0,17.0,17.0,False,1.0149215757846832,33.01502130103619,7.989093558275153
1.0,-3.0,-3.0,False,2.3207571506500244,15.51116089308862,8.449449907263286
1.0,-1.0,-1.0,False,3.3316627740859985,31.146831607874493,30.089921400754182
1.0,-35.0,-35.0,False,2.7158480882644653,12.305682003461348,11.64918578089946
1.0,-5.0,-5.0,False,2.923757493495941,2.953437748247943,21.29744898245798
1.0,-57.0,-57.0,False,2.909024178981781,27.869190517313776,15.193780173582043
1.0,2.0,2.0,False,1.444856658577919,23.371403157326633,23.430727944163582
1.0,15.0,15.0,False,2.3434669971466064,2.953437748247943,8.449449907263286
1.0,-26.0,-26.0,False,2.3830447793006897,35.66159400043149,21.849526466982297
1.0,-1.0,-1.0,False,1.8354347944259644,12.625923651720774,32.7885154622136
1.0,32.0,32.0,False,2.101339727640152,20.512015380341808,32.482595918863595
1.0,-1.0,-1.0,False,1.8144021034240723,32.387144896409374,32.03421118469895
1.0,1.0,1.0,True,1.6101763024926186,20.32814339029241,10.175404488586567
1.0,1.0,1.0,True,1.727738231420517,7.9112132781405,34.721389738826815
1.0,-5.0,-5.0,False,0.6200553774833679,34.5003765058014,11.64918578089946
1.0,56.0,56.0,False,3.0405543446540833,30.24973563401901,30.573656600671615
1.0,38.0,38.0,False,2.298351153731346,12.625923651720774,12.843465463127117
1.0,3.0,3.0,False,1.6101763024926186,32.778686263179516,23.95956489604161
1.0,54.0,54.0,False,2.1774808168411255,29.655596164132287,29.526787250117827
1.0,5.0,5.0,False,2.4470004439353943,30.91733462562359,16.25444298673695
1.0,-54.0,-54.0,False,2.728910595178604,10.607690691504944,30.089921400754182
1.0,59.0,59.0,False,3.081018388271332,7.209572775533436,36.622257689836395
1.0,54.0,54.0,False,3.4090715050697327,29.069792015216112,34.721389738826815
1.0,2.0,2.0,False,1.5915746092796326,15.51116089308862,37.41958974339137
1.0,-49.0,-49.0,False,2.038747787475586,2.924949945526913,7.8266232205451765
1.0,-57.0,-57.0,False,2.3207571506500244,15.51116089308862,30.80751507963731
1.0,30.0,30.0,False,2.2508835196495056,12.060633381521741,14.783862151300065
1.0,52.0,52.0,False,2.1165265440940857,15.815548719739619,7.738301215032927
1.0,-46.0,-46.0,False,2.673829585313797,30.728211165405988,30.80751507963731
1.0,6.0,6.0,False,3.2925353050231934,15.240735100666615,28.366901939423506
1.0,59.0,59.0,False,2.010123074054718,27.099179121021418,16.0248213402464
1.0,62.0,62.0,False,1.7287845313549042,14.17359696833563,4.115764104046325
1.0,30.0,30.0,False,3.284613847732544,4.393741682541247,35.5287454304479
1.0,3.0,3.0,False,1.8354347944259644,32.00798084157967,32.7885154622136
1.0,-1.0,-1.0,False,2.7574676871299744,31.068295788173796,37.13318809609857
1.0,-54.0,-54.0,False,3.98271381855011,20.201737240408747,16.426515832684306
1.0,51.0,51.0,False,3.0843663811683655,34.12929689511895,16.25444298673695
1.0,54.0,54.0,False,1.3261238932609558,36.27423334080537,34.721389738826815
1.0,1.0,1.0,True,1.770970642566681,29.14989501122859,9.132822994490468
1.0,14.0,14.0,False,1.7079814225435257,30.91733462562359,14.312288507623071
1.0,2.0,2.0,False,2.1402878910303116,16.87569151980284,36.7887874713694
1.0,61.0,61.0,False,2.010123074054718,16.87569151980284,16.0248213402464
1.0,-57.0,-57.0,False,2.108445703983307,23.502440386736016,32.760040957060795
1.0,17.0,17.0,False,2.327458620071411,32.00798084157967,7.989093558275153
1.0,-52.0,-52.0,False,1.444856658577919,30.641355172210496,23.430727944163582
1.0,-32.0,-32.0,False,1.5151349902153015,30.641355172210496,8.0142695003974
1.0,-54.0,-54.0,False,2.9371415972709656,17.24244701499591,36.7887874713694
1.0,1.0,1.0,True,2.108445703983307,23.502440386736016,14.308420990971813
1.0,10.0,10.0,False,2.2505542039871216,33.594353092901336,14.21685124389633
1.0,57.0,57.0,False,1.6101763024926186,32.778686263179516,30.077141636218144
1.0,-2.0,-2.0,False,0.9409295320510864,8.373094769023421,30.80751507963731
1.0,-59.0,-59.0,False,2.917548418045044,33.69562767937453,10.47185472596294
1.0,59.0,59.0,False,2.010123074054718,29.655596164132287,16.0248213402464
1.0,8.0,8.0,False,2.3434669971466064,30.728211165405988,8.449449907263286
1.0,-4.0,-4.0,False,0.6200553774833679,34.5003765058014,32.7885154622136
1.0,-17.0,-17.0,False,1.7191819548606873,22.283141153553498,36.143931196808396
1.0,-18.0,-18.0,False,1.9944761991500854,34.17315752355048,21.11628660819958
1.0,14.0,14.0,False,2.7158480882644653,12.305682003461348,20.624818188415038
1.0,36.0,36.0,False,0.8084093034267426,34.62247322861006,29.526787250117827
1.0,-50.0,-50.0,False,2.909024178981781,2.924949945526913,15.193780173582043
1.0,-2.0,-2.0,False,1.727738231420517,7.9112132781405,16.25444298673695
1.0,-20.0,-20.0,False,1.4084746837615967,29.75355630343062,21.849526466982297
1.0,-5.0,-5.0,False,1.6417658776044846,9.789696894347808,30.077141636218144
1.0,-28.0,-28.0,False,2.5370041131973267,35.66159400043149,19.76230286434132
1.0,-54.0,-54.0,False,2.6114795058965683,30.641355172210496,33.75620875293378
1.0,-50.0,-50.0,False,1.770970642566681,36.85354419367301,9.132822994490468
1.0,52.0,52.0,False,4.097122102975845,29.597107919318827,16.25444298673695
1.0,-31.0,-31.0,False,2.0744563341140747,35.13182012519189,28.578442754798704
1.0,-1.0,-1.0,False,2.7564797401428223,31.146831607874493,11.888288792253492
1.0,-24.0,-24.0,False,2.427641987800598,32.72790492535724,26.354111702802637
1.0,-1.0,-1.0,False,0.9409295320510864,8.373094769023421,36.39972179641885
1.0,12.0,12.0,False,1.159635603427887,25.615392828570148,11.120151792080279
1.0,54.0,54.0,False,3.0843663811683655,34.12929689511895,30.077141636218144
1.0,3.0,3.0,False,1.4446674287319183,19.955064361170255,12.843465463127117
1.0,38.0,38.0,False,2.101339727640152,20.512015380341808,12.843465463127117
1.0,15.0,15.0,False,2.6818199455738068,25.615392828570148,31.035086249626058
1.0,7.0,7.0,False,1.1665575504302979,7.209572775533436,26.794180135653445
1.0,60.0,60.0,False,1.1674140393733978,23.660076764095887,13.600598944770562
1.0,-56.0,-56.0,False,1.770970642566681,15.51116089308862,9.132822994490468
1.0,4.0,4.0,False,1.5696721374988556,36.85354419367301,20.088678316168004
1.0,0.0,0.0,False,1.68555349111557,20.512015380341808,25.91494698865158
1.0,26.0,26.0,False,1.7490146160125732,27.099179121021418,25.141386846802355
1.0,0.0,0.0,False,2.673829585313797,12.060633381521741,29.383538811005412
1.0,-1.0,-1.0,False,2.101339727640152,20.512015380341808,30.089921400754182
1.0,5.0,5.0,False,2.2505542039871216,33.594353092901336,16.426515832684306
1.0,-1.0,-1.0,False,3.871099814772606,6.740600045431648,36.7887874713694
1.0,55.0,55.0,False,3.284613847732544,31.146831607874493,35.5287454304479
1.0,-24.0,-24.0,False,1.68555349111557,25.028463963444615,25.91494698865158
1.0,-35.0,-35.0,False,3.9312936663627625,35.66159400043149,32.760040957060795
1.0,25.0,25.0,False,3.3316627740859985,31.146831607874493,13.807590492417525
1.0,53.0,53.0,False,1.3883288502693176,30.24973563401901,23.03568319358713
1.0,4.0,4.0,False,2.038747787475586,6.740600045431648,7.8266232205451765
1.0,56.0,56.0,False,4.495129972696304,24.69315941562266,30.077141636218144
1.0,35.0,35.0,False,2.1774808168411255,29.655596164132287,26.354111702802637
1.0,51.0,51.0,False,2.3976646065711975,27.376477415027622,20.624818188415038
1.0,-53.0,-53.0,False,2.9035037457942963,25.993542676292854,13.72455489751889
1.0,5.0,5.0,False,1.6101763024926186,32.778686263179516,25.91494698865158
1.0,5.0,5.0,False,5.077093780040741,24.69315941562266,16.426515832684306
1.0,0.0,0.0,False,2.9371415972709656,17.24244701499591,30.077141636218144
1.0,-27.0,-27.0,False,1.4446674287319183,19.955064361170255,19.93065159767513
1.0,13.0,13.0,False,3.8234845995903015,25.615392828570148,28.366901939423506
1.0,0.0,0.0,False,1.770970642566681,7.209572775533436,9.132822994490468
1.0,51.0,51.0,False,0.9409295320510864,8.373094769023421,18.959779632510998
1.0,-20.0,-20.0,False,2.525897443294525,10.356608624139637,16.061362408085735
1.0,42.0,42.0,False,0.8084093034267426,34.62247322861006,14.312288507623071
1.0,50.0,50.0,False,1.159635603427887,28.468254646153962,11.120151792080279
1.0,4.0,4.0,False,1.6772742867469788,22.923617036095724,9.782763476782815
1.0,-22.0,-22.0,False,2.427641987800598,35.13182012519189,26.354111702802637
1.0,60.0,60.0,False,1.7079814225435257,31.068295788173796,14.312288507623071
1.0,-14.0,-14.0,False,1.727738231420517,7.9112132781405,37.482807032812815
1.0,-57.0,-57.0,False,2.6114795058965683,25.993542676292854,33.75620875293378
1.0,-32.0,-32.0,False,1.6375145763158798,22.923617036095724,23.95956489604161
1.0,-58.0,-58.0,False,2.673829585313797,25.993542676292854,29.383538811005412
1.0,-20.0,-20.0,False,0.8084093034267426,34.62247322861006,18.92867524151983
1.0,58.0,58.0,False,1.1258845329284668,13.44856952448638,14.991993229468576
1.0,-2.0,-2.0,False,1.770970642566681,31.146831607874493,9.132822994490468
1.0,1.0,1.0,True,2.2508835196495056,10.356608624139637,14.783862151300065
1.0,12.0,12.0,False,3.3280863165855408,26.923739146797114,5.768478886442255
1.0,-1.0,-1.0,False,1.535349726676941,33.40983540891486,30.80751507963731
1.0,-53.0,-53.0,False,2.6034849286079407,34.17315752355048,14.21685124389633
1.0,4.0,4.0,False,2.1774808168411255,27.099179121021418,15.193780173582043
1.0,-6.0,-6.0,False,1.6772742867469788,22.923617036095724,25.141386846802355
1.0,27.0,27.0,False,1.4084746837615967,29.75355630343062,29.526787250117827
1.0,-1.0,-1.0,False,2.909024178981781,28.840005799000615,15.193780173582043
1.0,39.0,39.0,False,2.6605781465768814,32.387144896409374,37.482807032812815
1.0,-5.0,-5.0,False,2.3627345263957977,35.13182012519189,18.959779632510998
1.0,30.0,30.0,False,0.9409295320510864,8.373094769023421,21.30815961834341
1.0,-49.0,-49.0,False,2.8159603476524353,31.129949214512774,16.061362408085735
1.0,-1.0,-1.0,False,2.673829585313797,31.068295788173796,30.80751507963731
1.0,10.0,10.0,False,2.8159603476524353,17.400883804544534,16.061362408085735
1.0,57.0,57.0,False,2.298351153731346,12.625923651720774,35.260649296694226
1.0,-46.0,-46.0,False,2.9371415972709656,17.24244701499591,14.21685124389633
1.0,-4.0,-4.0,False,2.7431920170783997,32.72790492535724,30.573656600671615
1.0,3.0,3.0,False,3.3280863165855408,26.923739146797114,10.891248819225698
1.0,-53.0,-53.0,False,1.727738231420517,7.9112132781405,36.7887874713694
1.0,-1.0,-1.0,False,2.1575633883476257,20.201737240408747,14.308420990971813
1.0,-8.0,-8.0,False,3.3128766417503357,15.724752383564393,15.15234891100228
1.0,42.0,42.0,False,2.288087248802185,26.19404431056906,30.88610004014261
1.0,26.0,26.0,False,1.861590564250946,20.130586145037746,14.645021085974665
1.0,1.0,1.0,True,1.861590564250946,20.130586145037746,25.210342688646737
1.0,2.0,2.0,False,2.9202587008476257,22.488758924273736,27.57235908208731
1.0,33.0,33.0,False,2.9922721087932587,6.131157174219473,18.18561483884035
1.0,-48.0,-48.0,False,1.491694688796997,19.604824799676873,23.97106295769118
1.0,25.0,25.0,False,1.9042387008666992,21.450745563843487,21.657473222719734
1.0,-11.0,-11.0,False,3.6113787293434143,20.251957645686158,18.18561483884035
1.0,-12.0,-12.0,False,2.2181589007377625,15.724752383564393,30.631329065394794
1.0,-34.0,-34.0,False,1.3638685941696167,21.652481191530285,3.3450828106356
1.0,-9.0,-9.0,False,2.006257116794586,3.142156275096595,32.525989645841776
1.0,0.0,0.0,False,2.973059579730034,36.20569340366779,21.70201106882626
1.0,3.0,3.0,False,2.0359979569911957,18.567606727639543,18.18561483884035
1.0,-1.0,-1.0,False,1.6781917214393616,36.46071759229755,23.534055058846477
1.0,-16.0,-16.0,False,2.963325321674347,10.757055406933258,9.272770511386991
1.0,4.0,4.0,False,0.8962763845920563,34.98938498971242,12.492828486293712
1.0,-3.0,-3.0,False,1.993107259273529,4.130217056297273,13.488747498921486
1.0,13.0,13.0,False,2.6553183794021606,4.385200271643738,18.73004359935242
1.0,-35.0,-35.0,False,2.2181589007377625,30.422309923320363,30.631329065394794
1.0,7.0,7.0,False,2.5457355976104736,21.652481191530285,27.57235908208731
1.0,-45.0,-45.0,False,4.006131261587143,35.40391911294438,36.08639144859696
1.0,10.0,10.0,False,1.2367014288902283,16.375209923483332,25.501551711797315
1.0,-8.0,-8.0,False,3.3128766417503357,15.724752383564393,9.422021766645553
1.0,4.0,4.0,False,0.7881584763526917,3.1922362799518798,21.29247625296105
1.0,-38.0,-38.0,False,4.530219912528992,34.36441000372143,18.93424516662619
1.0,24.0,24.0,False,3.839095413684845,16.095006445569076,20.395428018046267
1.0,44.0,44.0,False,2.541480600833893,12.573954204657353,29.04004384071677
1.0,-38.0,-38.0,False,2.736665517091751,4.130217056297273,0.6813334562646166
1.0,44.0,44.0,False,1.7760980725288391,12.745786269767061,20.395428018046267
1.0,37.0,37.0,False,1.4773563742637634,7.41663594900335,4.1912387839331355
1.0,27.0,27.0,False,0.7881584763526917,3.1922362799518798,14.645021085974665
1.0,-9.0,-9.0,False,1.2876000106334686,8.426147056848272,33.629121960269266
1.0,4.0,4.0,False,2.9202587008476257,32.989467095878034,27.57235908208731
1.0,9.0,9.0,False,1.2367014288902283,26.921517943739364,25.501551711797315
1.0,1.0,1.0,True,3.4520782828330994,29.10831775885106,22.848137430285277
1.0,0.0,0.0,False,2.2181589007377625,34.98938498971242,30.631329065394794
1.0,13.0,13.0,False,2.009117290377617,6.698871748142301,7.993514531584363
1.0,10.0,10.0,False,1.2367014288902283,21.450745563843487,25.501551711797315
1.0,-1.0,-1.0,False,2.481903374195099,21.119487517236838,2.0126630918393773
1.0,9.0,9.0,False,2.9141916632652283,8.426147056848272,29.04004384071677
1.0,41.0,41.0,False,2.1495360732078552,22.613875125131667,6.167305715629724
1.0,-6.0,-6.0,False,3.3128766417503357,15.724752383564393,19.77775200504
1.0,-3.0,-3.0,False,2.2181589007377625,29.00682245769264,30.631329065394794
1.0,-29.0,-29.0,False,2.5457355976104736,21.652481191530285,19.62959469019715
1.0,-3.0,-3.0,False,2.9960975348949432,15.877271714957697,22.848137430285277
1.0,-2.0,-2.0,False,2.009117290377617,6.698871748142301,33.76238652153393
1.0,24.0,24.0,False,3.116398572921753,10.757055406933258,22.848137430285277
1.0,45.0,45.0,False,2.288087248802185,35.945780508323075,30.88610004014261
1.0,40.0,40.0,False,1.9042387008666992,21.450745563843487,29.32237041680552
1.0,15.0,15.0,False,1.4464112520217896,21.450745563843487,19.44862689979304
1.0,-47.0,-47.0,False,2.963325321674347,27.791017203532355,9.272770511386991
1.0,-22.0,-22.0,False,2.963325321674347,35.252668617905194,9.272770511386991
1.0,-45.0,-45.0,False,2.4876020550727844,3.142156275096595,36.55185544513765
1.0,44.0,44.0,False,2.1495360732078552,22.613875125131667,18.73004359935242
1.0,-21.0,-21.0,False,1.266284167766571,17.022954477895254,15.96120676344743
1.0,-44.0,-44.0,False,0.8962763845920563,6.941915670495395,12.492828486293712
1.0,1.0,1.0,True,2.851755917072296,36.20569340366779,14.154972111368952
1.0,-41.0,-41.0,False,0.9069968461990356,9.175896823718718,30.631329065394794
1.0,39.0,39.0,False,1.7760980725288391,12.745786269767061,32.558665981567295
1.0,8.0,8.0,False,2.4810454845428467,30.422309923320363,18.951518897227285
1.0,-7.0,-7.0,False,3.0145174860954285,24.53895344872398,20.288680539007853
1.0,1.0,1.0,True,2.172601580619812,22.88899855319956,18.687753758573464
1.0,41.0,41.0,False,2.1495360732078552,22.613875125131667,32.558665981567295
1.0,37.0,37.0,False,1.993107259273529,22.613875125131667,13.488747498921486
1.0,-3.0,-3.0,False,2.2541982531547546,11.30794015949124,18.93424516662619
1.0,-31.0,-31.0,False,3.1766751408576965,8.426147056848272,29.916955528529442
1.0,-40.0,-40.0,False,3.0742881894111633,32.989467095878034,19.21245463160542
1.0,11.0,11.0,False,1.369529664516449,28.38455066351463,28.569329578410034
1.0,41.0,41.0,False,3.7038462460041046,29.00682245769264,23.060086338513507
1.0,2.0,2.0,False,3.2916480898857117,34.98938498971242,19.21245463160542
1.0,3.0,3.0,False,2.172601580619812,21.119487517236838,18.687753758573464
1.0,43.0,43.0,False,2.6553183794021606,16.375209923483332,18.73004359935242
1.0,-27.0,-27.0,False,1.3638685941696167,28.38455066351463,3.3450828106356
1.0,-38.0,-38.0,False,3.0742881894111633,32.989467095878034,9.422021766645553
1.0,-37.0,-37.0,False,2.5457355976104736,21.652481191530285,9.272770511386991
1.0,-26.0,-26.0,False,2.0359979569911957,18.567606727639543,29.916955528529442
1.0,-2.0,-2.0,False,3.481445848941803,12.136034319744228,18.951518897227285
1.0,19.0,19.0,False,1.951817274093628,35.252668617905194,21.5726892473755
1.0,2.0,2.0,False,1.9042387008666992,21.450745563843487,27.215917796873654
1.0,1.0,1.0,True,2.009117290377617,6.698871748142301,9.422021766645553
1.0,-44.0,-44.0,False,2.0302732586860657,27.41004964485112,28.637377199453333
1.0,0.0,0.0,False,1.9512130618095398,21.724476889402055,21.5726892473755
1.0,0.0,0.0,False,2.541480600833893,12.573954204657353,31.972452540322525
1.0,44.0,44.0,False,2.477186679840088,26.921517943739364,8.828787179604237
1.0,39.0,39.0,False,2.5124224424362183,17.074334927252885,22.848137430285277
1.0,-28.0,-28.0,False,2.017115354537964,22.488758924273736,7.993514531584363
1.0,-41.0,-41.0,False,3.4421280324459076,12.136034319744228,15.15234891100228
1.0,-20.0,-20.0,False,2.93381404876709,20.251957645686158,24.739565663113893
1.0,-2.0,-2.0,False,2.9141916632652283,7.006683700981207,29.04004384071677
1.0,3.0,3.0,False,1.3638685941696167,12.573954204657353,3.3450828106356
1.0,27.0,27.0,False,1.9042387008666992,21.450745563843487,14.645021085974665
1.0,30.0,30.0,False,3.0145174860954285,24.53895344872398,22.848137430285277
1.0,-46.0,-46.0,False,3.404716283082962,3.142156275096595,19.21245463160542
1.0,23.0,23.0,False,2.2045857906341553,21.119487517236838,32.3674463717057
1.0,23.0,23.0,False,2.6436248421669006,21.119487517236838,24.739565663113893
1.0,4.0,4.0,False,2.9922721087932587,6.131157174219473,21.29247625296105
1.0,-18.0,-18.0,False,2.9960975348949432,15.877271714957697,9.827138296306131
1.0,0.0,0.0,False,2.9922721087932587,6.131157174219473,18.93424516662619
1.0,-45.0,-45.0,False,2.0302732586860657,27.41004964485112,9.272770511386991
1.0,-45.0,-45.0,False,2.0302732586860657,27.41004964485112,31.972452540322525
1.0,-29.0,-29.0,False,1.4464112520217896,20.251957645686158,19.44862689979304
1.0,2.0,2.0,False,1.3638685941696167,20.130586145037746,3.3450828106356
1.0,3.0,3.0,False,3.2916480898857117,34.98938498971242,28.637377199453333
1.0,-11.0,-11.0,False,0.8962763845920563,22.098614665666297,12.492828486293712
1.0,-35.0,-35.0,False,2.736665517091751,4.130217056297273,19.77775200504
1.0,-44.0,-44.0,False,1.3638685941696167,27.791017203532355,3.3450828106356
1.0,-1.0,-1.0,False,1.861590564250946,20.130586145037746,10.000713942791261
1.0,-44.0,-44.0,False,2.431754559278488,15.89983689806313,16.330316073505983
1.0,37.0,37.0,False,2.006257116794586,12.573954204657353,32.525989645841776
1.0,34.0,34.0,False,3.0145174860954285,24.53895344872398,19.918366725407296
1.0,7.0,7.0,False,4.047589659690857,29.00682245769264,19.62959469019715
1.0,17.0,17.0,False,1.4773563742637634,31.42438260718477,4.1912387839331355
1.0,39.0,39.0,False,2.2179086208343506,26.921517943739364,32.558665981567295
1.0,-6.0,-6.0,False,1.491694688796997,19.604824799676873,29.32237041680552
1.0,28.0,28.0,False,3.8264164328575134,22.098614665666297,18.951518897227285
1.0,3.0,3.0,False,1.861590564250946,20.130586145037746,29.916955528529442
1.0,40.0,40.0,False,1.6781917214393616,36.46071759229755,28.569329578410034
1.0,-2.0,-2.0,False,1.8924603462219238,7.41663594900335,33.76238652153393
1.0,2.0,2.0,False,1.9042387008666992,21.450745563843487,14.154972111368952
1.0,-41.0,-41.0,False,1.9512130618095398,21.724476889402055,9.272770511386991
1.0,-37.0,-37.0,False,2.0782735347747803,17.022954477895254,16.71957826077927
1.0,-21.0,-21.0,False,2.0302732586860657,27.41004964485112,32.3674463717057
1.0,4.0,4.0,False,2.779337763786316,34.98938498971242,27.215917796873654
1.0,0.0,0.0,False,3.3408607840538025,15.89983689806313,20.395428018046267
1.0,-5.0,-5.0,False,2.177147299051285,20.251957645686158,28.90425721593755
1.0,-10.0,-10.0,False,1.460659682750702,22.098614665666297,28.625774606277247
1.0,34.0,34.0,False,1.7228609472513199,26.469369586056715,19.02087710968473
1.0,44.0,44.0,False,2.973059579730034,36.20569340366779,20.395428018046267
1.0,4.0,4.0,False,2.541480600833893,12.573954204657353,22.78159019101091
1.0,-3.0,-3.0,False,1.861590564250946,20.130586145037746,30.631329065394794
1.0,16.0,16.0,False,1.6216074228286743,14.885793280280764,31.565219875266603
1.0,24.0,24.0,False,1.7760980725288391,12.745786269767061,21.657473222719734
1.0,43.0,43.0,False,1.6457780301570892,20.130586145037746,15.061864942403808
1.0,43.0,43.0,False,2.9202587008476257,29.00682245769264,27.57235908208731
1.0,-8.0,-8.0,False,2.779337763786316,15.724752383564393,27.215917796873654
1.0,43.0,43.0,False,1.7760980725288391,12.745786269767061,29.04004384071677
1.0,-4.0,-4.0,False,2.963325321674347,26.19404431056906,9.272770511386991
1.0,-44.0,-44.0,False,1.491694688796997,19.604824799676873,25.210342688646737
1.0,-15.0,-15.0,False,1.2876000106334686,35.85006346969626,33.629121960269266
1.0,-5.0,-5.0,False,1.491694688796997,19.604824799676873,28.569329578410034
1.0,-44.0,-44.0,False,3.5991769433021545,32.48232698429559,25.210342688646737
1.0,4.0,4.0,False,1.9512130618095398,21.724476889402055,20.395428018046267
1.0,-36.0,-36.0,False,2.1527436673641205,4.130217056297273,33.04702673622449
1.0,-1.0,-1.0,False,1.6781917214393616,36.46071759229755,36.08639144859696
1.0,-41.0,-41.0,False,0.9069968461990356,9.175896823718718,15.44508015096558
1.0,36.0,36.0,False,2.177147299051285,11.30794015949124,28.90425721593755
1.0,-14.0,-14.0,False,2.395034611225128,35.85006346969626,29.5183395179511
1.0,10.0,10.0,False,0.7881584763526917,3.1922362799518798,25.501551711797315
1.0,-38.0,-38.0,False,4.047589659690857,6.941915670495395,19.62959469019715
1.0,39.0,39.0,False,2.477186679840088,26.921517943739364,22.848137430285277
1.0,-43.0,-43.0,False,1.460659682750702,7.006683700981207,28.625774606277247
1.0,-4.0,-4.0,False,1.2876000106334686,4.385200271643738,33.629121960269266
1.0,-10.0,-10.0,False,2.5283559560775757,18.284178722568807,29.5183395179511
1.0,-41.0,-41.0,False,1.9512130618095398,21.724476889402055,23.534055058846477
1.0,0.0,0.0,False,2.6553183794021606,15.877271714957697,18.73004359935242
1.0,-43.0,-43.0,False,2.851755917072296,35.40391911294438,14.154972111368952
1.0,-40.0,-40.0,False,1.460659682750702,15.877271714957697,28.625774606277247
1.0,-39.0,-39.0,False,1.9408459067344666,17.60736337864659,32.42008684121985
1.0,-30.0,-30.0,False,2.0359979569911957,18.567606727639543,9.272770511386991
1.0,-2.0,-2.0,False,2.6553183794021606,15.89983689806313,18.73004359935242
1.0,-38.0,-38.0,False,1.460659682750702,21.724476889402055,28.625774606277247
1.0,-40.0,-40.0,False,1.460659682750702,12.136034319744228,28.625774606277247
1.0,0.0,0.0,False,2.009117290377617,6.698871748142301,21.70201106882626
1.0,44.0,44.0,False,1.6457780301570892,12.573954204657353,15.061864942403808
1.0,23.0,23.0,False,2.93381404876709,35.945780508323075,24.739565663113893
1.0,-1.0,-1.0,False,2.1527436673641205,26.19404431056906,33.04702673622449
1.0,-4.0,-4.0,False,3.4520782828330994,20.251957645686158,22.848137430285277
1.0,-3.0,-3.0,False,2.5457355976104736,21.652481191530285,14.285074669279288
1.0,3.0,3.0,False,1.9512130618095398,21.724476889402055,19.918366725407296
1.0,-44.0,-44.0,False,2.851755917072296,7.006683700981207,14.154972111368952
1.0,40.0,40.0,False,3.01624459028244,16.375209923483332,22.848137430285277
1.0,-2.0,-2.0,False,3.0902611017227173,22.88899855319956,0.6813334562646166
1.0,-1.0,-1.0,False,1.7228609472513199,26.469369586056715,28.637377199453333
1.0,-20.0,-20.0,False,2.495318651199341,31.42438260718477,9.640349645407348
1.0,3.0,3.0,False,1.8924603462219238,7.41663594900335,22.78159019101091
1.0,-3.0,-3.0,False,1.266284167766571,16.095006445569076,15.96120676344743
1.0,-44.0,-44.0,False,2.9536237716674805,14.24992531204728,32.42008684121985
1.0,43.0,43.0,False,2.9202587008476257,36.20569340366779,27.57235908208731
1.0,11.0,11.0,False,1.2367014288902283,22.613875125131667,25.501551711797315
1.0,43.0,43.0,False,2.2360710501670837,14.885793280280764,17.75490641950365
1.0,-36.0,-36.0,False,2.5457355976104736,21.652481191530285,21.70201106882626
1.0,-41.0,-41.0,False,1.9512130618095398,21.724476889402055,31.972452540322525
1.0,-34.0,-34.0,False,2.4810454845428467,30.422309923320363,33.76238652153393
1.0,1.0,1.0,True,1.4773563742637634,21.652481191530285,4.1912387839331355
1.0,22.0,22.0,False,2.1495360732078552,22.613875125131667,23.056443408993484
1.0,-22.0,-22.0,False,1.491694688796997,19.604824799676873,32.3674463717057
1.0,4.0,4.0,False,0.9069968461990356,9.175896823718718,18.73004359935242
1.0,1.0,1.0,True,3.465763047337532,12.136034319744228,19.918366725407296
1.0,-30.0,-30.0,False,1.4464112520217896,27.41004964485112,19.44862689979304
1.0,-14.0,-14.0,False,1.9512130618095398,21.724476889402055,29.5183395179511
1.0,40.0,40.0,False,2.477186679840088,26.921517943739364,18.951518897227285
1.0,0.0,0.0,False,2.006257116794586,18.284178722568807,32.525989645841776
1.0,-1.0,-1.0,False,2.009117290377617,6.698871748142301,18.93424516662619
1.0,-47.0,-47.0,False,2.2181589007377625,15.89983689806313,30.631329065394794
1.0,23.0,23.0,False,2.2360710501670837,16.095006445569076,17.75490641950365
1.0,-1.0,-1.0,False,1.4773563742637634,29.10831775885106,4.1912387839331355
1.0,-12.0,-12.0,False,2.5561206340789795,32.48232698429559,14.285074669279288
1.0,40.0,40.0,False,1.861590564250946,20.130586145037746,20.165211399104372
1.0,-21.0,-21.0,False,0.9069968461990356,9.175896823718718,15.96120676344743
1.0,-4.0,-4.0,False,3.0007787346839905,26.19404431056906,18.93424516662619
1.0,2.0,2.0,False,0.7881584763526917,3.1922362799518798,25.210342688646737
1.0,-2.0,-2.0,False,2.9451987743377686,27.791017203532355,8.828787179604237
1.0,1.0,1.0,True,2.431754559278488,6.131157174219473,16.330316073505983
1.0,-5.0,-5.0,False,1.9512130618095398,21.724476889402055,19.02087710968473
1.0,-35.0,-35.0,False,2.9427309036254883,17.022954477895254,19.77775200504
1.0,-22.0,-22.0,False,3.2863855957984924,35.252668617905194,31.972452540322525
1.0,-10.0,-10.0,False,3.2005345225334167,3.142156275096595,19.02087710968473
1.0,5.0,5.0,False,2.1495360732078552,22.613875125131667,29.916955528529442
1.0,2.0,2.0,False,2.9141916632652283,22.488758924273736,29.04004384071677
1.0,2.0,2.0,False,2.963325321674347,34.98938498971242,9.272770511386991
1.0,-44.0,-44.0,False,2.0782735347747803,32.48232698429559,16.71957826077927
1.0,4.0,4.0,False,2.172601580619812,9.549434587207966,18.687753758573464
1.0,42.0,42.0,False,3.2916480898857117,34.98938498971242,6.167305715629724
1.0,0.0,0.0,False,3.23886901140213,14.885793280280764,9.640349645407348
1.0,43.0,43.0,False,1.6457780301570892,29.00682245769264,15.061864942403808
1.0,6.0,6.0,False,0.9069968461990356,9.175896823718718,8.828787179604237
1.0,17.0,17.0,False,1.266284167766571,35.945780508323075,15.96120676344743
1.0,-23.0,-23.0,False,3.0296817421913147,16.095006445569076,15.44508015096558
1.0,-28.0,-28.0,False,2.0359979569911957,18.567606727639543,25.210342688646737
1.0,-41.0,-41.0,False,2.172601580619812,14.24992531204728,18.687753758573464
1.0,7.0,7.0,False,2.9191404581069946,34.36441000372143,13.417688713871822
1.0,-4.0,-4.0,False,3.157191038131714,14.24992531204728,18.951518897227285
1.0,10.0,10.0,False,2.0359979569911957,18.567606727639543,32.558665981567295
1.0,-3.0,-3.0,False,2.4876020550727844,26.19404431056906,36.55185544513765
1.0,25.0,25.0,False,2.538337618112564,12.573954204657353,21.657473222719734
1.0,45.0,45.0,False,0.7881584763526917,3.1922362799518798,13.417688713871822
1.0,15.0,15.0,False,1.9720481932163239,20.194148619296925,33.731685444634856
1.0,19.0,19.0,False,2.5937542021274567,26.762664666842973,28.402032218004205
1.0,-20.0,-20.0,False,3.390913963317871,17.29678060752248,31.61502533068978
1.0,1.0,1.0,True,2.2551422715187073,34.35130443567158,30.25552015143334
1.0,-1.0,-1.0,False,3.3959426283836365,32.288829286675934,28.355743797850653
1.0,7.0,7.0,False,1.711830735206604,17.415066853958155,29.688609469914216
1.0,-13.0,-13.0,False,3.5402425974607468,27.238125024760826,24.15475771145049
1.0,4.0,4.0,False,3.987745851278305,35.04415048935425,28.013086053930092
1.0,-2.0,-2.0,False,3.6763702034950256,24.99639141741908,32.25596202772797
1.0,-6.0,-6.0,False,2.269886076450348,27.527164498161408,31.61502533068978
1.0,-17.0,-17.0,False,3.6763702034950256,24.99639141741908,24.15475771145049
1.0,17.0,17.0,False,1.9720481932163239,20.194148619296925,30.212877935808475
1.0,-2.0,-2.0,False,0.995826430618763,23.027587682258673,20.624395743101577
1.0,0.0,0.0,False,2.5399489402770996,12.4252871259522,24.1783784132959
1.0,-3.0,-3.0,False,2.555903375148773,35.42150394092221,23.619891951634425
1.0,3.0,3.0,False,1.711830735206604,35.01958402681815,29.688609469914216
1.0,-22.0,-22.0,False,3.7315264344215393,30.887300705122044,35.01929623152106
1.0,-1.0,-1.0,False,2.555903375148773,35.42150394092221,30.77441113402094
1.0,4.0,4.0,False,1.534482717514038,29.968575867911728,28.898010465256906
1.0,19.0,19.0,False,4.100505769252777,23.56490534235063,31.881699101198258
1.0,21.0,21.0,False,2.6410054564476013,29.968575867911728,32.25596202772797
1.0,13.0,13.0,False,1.494906634092331,32.267043541120756,13.809081193880694
1.0,-16.0,-16.0,False,2.5150195360183716,26.497789758601836,30.77441113402094
1.0,11.0,11.0,False,1.711830735206604,29.968575867911728,29.688609469914216
1.0,-18.0,-18.0,False,1.1747624278068542,25.710522732074004,19.71556856392501
1.0,-17.0,-17.0,False,2.5150195360183716,26.497789758601836,27.343786272297372
1.0,-12.0,-12.0,False,2.1433197259902954,27.987823904257937,35.01929623152106
1.0,1.0,1.0,True,3.6324566304683685,10.337535454944112,30.25552015143334
1.0,-2.0,-2.0,False,3.390913963317871,32.267043541120756,31.61502533068978
1.0,-19.0,-19.0,False,1.534482717514038,24.99639141741908,28.898010465256906
1.0,-2.0,-2.0,False,3.079075038433075,20.655961165955294,3.902265179428304
1.0,14.0,14.0,False,2.5937542021274567,26.762664666842973,20.624395743101577
1.0,2.0,2.0,False,2.5937542021274567,26.762664666842973,30.77441113402094
1.0,-2.0,-2.0,False,1.7073389887809753,18.852997745367084,28.013086053930092
1.0,17.0,17.0,False,1.9720481932163239,20.194148619296925,31.881699101198258
1.0,0.0,0.0,False,1.415369987487793,28.30792111723742,19.71556856392501
1.0,1.0,1.0,True,1.534482717514038,20.042252826115813,28.898010465256906
1.0,-18.0,-18.0,False,3.671604573726654,30.887300705122044,29.06351703792102
1.0,0.0,0.0,False,2.037772834300995,20.042252826115813,3.902265179428304
1.0,16.0,16.0,False,3.3959426283836365,31.087487223599165,28.355743797850653
1.0,-19.0,-19.0,False,3.2135209441184998,24.99639141741908,27.343786272297372
1.0,-15.0,-15.0,False,1.554857850074768,12.4252871259522,14.785052788194808
1.0,-2.0,-2.0,False,1.415369987487793,20.655961165955294,19.71556856392501
1.0,18.0,18.0,False,1.840585470199585,22.37464103197668,28.59837342285154
1.0,9.0,9.0,False,2.269886076450348,27.527164498161408,34.66962308992923
1.0,19.0,19.0,False,1.9720481932163239,20.194148619296925,28.355743797850653
1.0,15.0,15.0,False,2.555903375148773,35.42150394092221,32.25596202772797
1.0,-19.0,-19.0,False,3.4875954389572144,34.185664934914406,23.619891951634425
1.0,0.0,0.0,False,1.534482717514038,17.415066853958155,28.898010465256906
1.0,-21.0,-21.0,False,1.3958044946193695,27.249517454022023,8.03644651921793
1.0,-9.0,-9.0,False,1.534482717514038,22.29017304262171,28.898010465256906
1.0,0.0,0.0,False,2.7558482885360718,22.37464103197668,30.77441113402094
1.0,-4.0,-4.0,False,1.1747624278068542,25.710522732074004,33.731685444634856
1.0,-6.0,-6.0,False,1.7073389887809753,18.852997745367084,30.212877935808475
1.0,-2.0,-2.0,False,3.079075038433075,31.087487223599165,3.902265179428304
1.0,-5.0,-5.0,False,1.1747624278068542,25.710522732074004,34.66962308992923
1.0,4.0,4.0,False,2.6410054564476013,29.968575867911728,30.25552015143334
1.0,4.0,4.0,False,2.6405152082443237,27.238125024760826,14.019119966670253
1.0,17.0,17.0,False,1.840585470199585,35.42150394092221,28.59837342285154
1.0,-23.0,-23.0,False,1.3958044946193695,35.04415048935425,8.03644651921793
1.0,7.0,7.0,False,2.3775025010108948,29.968575867911728,32.91950418981907
1.0,17.0,17.0,False,2.2798243165016174,17.415066853958155,28.355743797850653
1.0,30.0,30.0,False,1.0371797382831573,11.843106174332236,22.719107413858364
1.0,-40.0,-40.0,False,2.178764283657074,14.258343980890368,23.690022517942754
1.0,0.0,0.0,False,1.8619826138019562,27.352446301282647,9.751103656611013
1.0,-8.0,-8.0,False,2.707396298646927,18.87649270022591,34.65647476715041
1.0,-26.0,-26.0,False,3.4538780450820923,27.68293006330713,28.081788432777067
1.0,-30.0,-30.0,False,1.8619826138019562,27.68293006330713,9.751103656611013
1.0,0.0,0.0,False,3.312854290008545,8.527327477670715,31.635880479541267
1.0,32.0,32.0,False,1.3852925300598145,21.501019231900592,34.7442427469698
1.0,6.0,6.0,False,2.099949359893799,10.56949659132211,27.256999945344457
1.0,-3.0,-3.0,False,1.916987270116806,37.265727787155974,34.65647476715041
1.0,31.0,31.0,False,1.858035922050476,10.56949659132211,5.149203948189354
1.0,-5.0,-5.0,False,3.747793883085251,25.863824190779393,20.578045496573417
1.0,6.0,6.0,False,1.6944518089294434,16.240829609177855,28.081788432777067
1.0,-31.0,-31.0,False,2.449439227581024,22.756701561801535,4.18081689709834
1.0,-31.0,-31.0,False,0.8261211812496185,30.898047675025907,14.77652802158273
1.0,23.0,23.0,False,2.7249364256858826,30.005535012490665,22.148112321246053
1.0,-3.0,-3.0,False,1.749110221862793,33.4884700718652,30.799348651513444
1.0,3.0,3.0,False,2.5843726992607117,5.6739058628764445,20.4485028714534
1.0,-28.0,-28.0,False,2.387457937002182,27.68293006330713,14.77652802158273
1.0,3.0,3.0,False,1.6944518089294434,16.240829609177855,3.4748812264102913
1.0,-5.0,-5.0,False,3.00857812166214,32.30091849577147,25.823914541825157
1.0,30.0,30.0,False,1.5022268295288086,6.5154593101309946,19.64727804050576
1.0,0.0,0.0,False,2.5483654737472534,25.863824190779393,4.18081689709834
1.0,-5.0,-5.0,False,1.3852925300598145,11.362127377282727,34.7442427469698
1.0,23.0,23.0,False,2.7249364256858826,13.263009791953525,22.148112321246053
1.0,36.0,36.0,False,2.365268588066101,4.048810930302972,4.232620607788117
1.0,1.0,1.0,True,2.652639865875244,28.48130325603717,9.95909698835624
1.0,-33.0,-33.0,False,2.8734290301799774,35.3622795931439,3.4748812264102913
1.0,30.0,30.0,False,2.2051366567611694,23.793827856170438,27.69895308957183
1.0,27.0,27.0,False,2.3663907051086426,28.48130325603717,3.986753464416273
1.0,-35.0,-35.0,False,2.0506393909454346,11.362127377282727,22.066554855897035
1.0,19.0,19.0,False,3.405226916074753,18.87649270022591,15.08282846410245
1.0,-3.0,-3.0,False,2.7845101952552795,29.746093621758043,18.691830034544054
1.0,37.0,37.0,False,2.365268588066101,4.048810930302972,13.686421391041709
1.0,-32.0,-32.0,False,2.0063238739967346,35.3622795931439,34.25394407242627
1.0,-3.0,-3.0,False,2.4536172747612,10.918592928546547,5.439049510945781
1.0,-30.0,-30.0,False,2.467986285686493,9.466014303196994,20.4485028714534
1.0,-35.0,-35.0,False,2.223226308822632,34.3480065912596,4.18081689709834
1.0,-3.0,-3.0,False,1.2572976350784302,34.86415647973513,20.578045496573417
1.0,-37.0,-37.0,False,4.808975696563721,13.122563163153274,18.691830034544054
1.0,14.0,14.0,False,2.0995420664548874,4.048810930302972,16.333174425766405
1.0,0.0,0.0,False,2.5483654737472534,33.4884700718652,4.18081689709834
1.0,11.0,11.0,False,2.0995420664548874,33.425009546157284,16.333174425766405
1.0,-1.0,-1.0,False,3.108560085296631,18.617512983837802,16.32309761588124
1.0,0.0,0.0,False,2.5483654737472534,27.605144994901117,4.18081689709834
1.0,27.0,27.0,False,1.2572976350784302,34.86415647973513,34.53352871794151
1.0,25.0,25.0,False,2.099949359893799,10.56949659132211,27.394753562235156
1.0,3.0,3.0,False,2.652639865875244,28.48130325603717,28.081788432777067
1.0,34.0,34.0,False,1.6252587735652924,17.899566414978835,20.24140578261897
1.0,-22.0,-22.0,False,2.0995420664548874,22.756701561801535,16.333174425766405
1.0,-40.0,-40.0,False,3.1884137392044067,29.92669775918371,31.785610443729368
1.0,-33.0,-33.0,False,2.467986285686493,9.466014303196994,4.18081689709834
1.0,2.0,2.0,False,2.442369222640991,33.425009546157284,5.439049510945781
1.0,6.0,6.0,False,2.365268588066101,4.048810930302972,28.081788432777067
1.0,30.0,30.0,False,1.0371797382831573,11.843106174332236,34.7442427469698
1.0,-32.0,-32.0,False,2.5483654737472534,13.122563163153274,4.18081689709834
1.0,1.0,1.0,True,2.282749831676483,19.10605715428775,3.4748812264102913
1.0,0.0,0.0,False,1.2572976350784302,34.86415647973513,34.07222420013962
1.0,-24.0,-24.0,False,1.749110221862793,30.177258825576423,30.799348651513444
1.0,-40.0,-40.0,False,2.4515066146850586,20.244261976541736,31.635880479541267
1.0,1.0,1.0,True,2.774242341518402,30.005535012490665,12.43029518967681
1.0,-6.0,-6.0,False,3.4290948808193207,18.617512983837802,9.167370393501105
1.0,-15.0,-15.0,False,2.223226308822632,34.3480065912596,27.394753562235156
1.0,-1.0,-1.0,False,3.1435492634773254,13.263009791953525,37.15563965625792
1.0,30.0,30.0,False,1.837521255016327,23.265393893270605,22.719107413858364
1.0,12.0,12.0,False,2.6344958543777466,14.198818716424777,25.56340140919565
1.0,-1.0,-1.0,False,1.2572976350784302,34.86415647973513,30.799348651513444
1.0,-28.0,-28.0,False,1.8333880305290222,15.336840532546198,16.333174425766405
1.0,-2.0,-2.0,False,1.3143932223320007,13.122563163153274,37.07385579129372
1.0,2.0,2.0,False,2.5483654737472534,12.76990854587532,4.18081689709834
1.0,-33.0,-33.0,False,2.467986285686493,9.466014303196994,28.19891574547284
1.0,-6.0,-6.0,False,1.3143932223320007,29.92669775918371,37.07385579129372
1.0,3.0,3.0,False,2.383823335170746,33.425009546157284,27.256999945344457
1.0,13.0,13.0,False,1.509024977684021,6.5154593101309946,16.333174425766405
1.0,-32.0,-32.0,False,2.449439227581024,22.756701561801535,12.43029518967681
1.0,-38.0,-38.0,False,2.467986285686493,9.466014303196994,34.65647476715041
1.0,2.0,2.0,False,1.5022268295288086,14.198818716424777,19.64727804050576
1.0,-39.0,-39.0,False,1.8619826138019562,20.244261976541736,9.751103656611013
1.0,3.0,3.0,False,3.4290948808193207,27.68293006330713,9.167370393501105
1.0,-15.0,-15.0,False,2.2509247064590454,24.801126482205945,20.844948798482978
1.0,-40.0,-40.0,False,3.1884137392044067,9.761278915723935,31.785610443729368
1.0,0.0,0.0,False,0.8261211812496185,30.898047675025907,19.746891018462108
1.0,-7.0,-7.0,False,1.3143932223320007,26.54352680037906,37.07385579129372
1.0,-11.0,-11.0,False,2.355714797973633,16.180608394392817,15.08282846410245
1.0,2.0,2.0,False,2.652639865875244,28.48130325603717,14.410880645801937
1.0,32.0,32.0,False,2.7845101952552795,29.746093621758043,19.746891018462108
1.0,36.0,36.0,False,4.859347999095917,27.605144994901117,25.56340140919565
1.0,-23.0,-23.0,False,1.5075828433036804,14.198818716424777,16.789811292931745
1.0,-32.0,-32.0,False,3.3297743797302246,19.0726256446435,5.439049510945781
1.0,32.0,32.0,False,2.425425499677658,13.263009791953525,12.247694304545158
1.0,27.0,27.0,False,2.3663907051086426,23.793827856170438,3.986753464416273
1.0,-5.0,-5.0,False,3.405226916074753,27.68293006330713,15.08282846410245
1.0,-4.0,-4.0,False,1.7692154049873352,34.80411103838337,31.785610443729368
1.0,-27.0,-27.0,False,3.4538780450820923,27.68293006330713,17.530484487102434
1.0,25.0,25.0,False,3.5062811970710754,5.6739058628764445,34.53352871794151
1.0,-6.0,-6.0,False,2.2509247064590454,24.801126482205945,12.247694304545158
1.0,-41.0,-41.0,False,2.3121227025985718,26.54352680037906,17.802524517285114
1.0,-3.0,-3.0,False,2.4536172747612,10.918592928546547,17.530484487102434
1.0,-8.0,-8.0,False,2.4536172747612,10.918592928546547,18.691830034544054
1.0,-34.0,-34.0,False,2.420028865337372,11.362127377282727,9.95909698835624
1.0,35.0,35.0,False,0.24322769418358803,30.40928749210655,13.686421391041709
1.0,-33.0,-33.0,False,2.4752830266952515,25.61493593159157,34.07222420013962
1.0,-36.0,-36.0,False,2.8734290301799774,35.3622795931439,18.691830034544054
1.0,0.0,0.0,False,2.7578377723693848,18.724539394850716,13.686421391041709
1.0,24.0,24.0,False,1.3028295040130615,23.228580740023716,9.167370393501105
1.0,1.0,1.0,True,2.491735100746155,30.03410359141819,20.4485028714534
1.0,22.0,22.0,False,2.3348840475082397,23.265393893270605,27.394753562235156
1.0,35.0,35.0,False,1.6944518089294434,16.240829609177855,9.167370393501105
1.0,20.0,20.0,False,2.690415620803833,5.6739058628764445,27.394753562235156
1.0,32.0,32.0,False,1.3143932223320007,12.76990854587532,37.07385579129372
1.0,-17.0,-17.0,False,1.5075828433036804,31.403036532000783,16.789811292931745
1.0,-3.0,-3.0,False,2.6344958543777466,14.198818716424777,20.844948798482978
1.0,27.0,27.0,False,0.7612389922142029,17.627362140337713,3.986753464416273
1.0,14.0,14.0,False,2.6039539128541946,26.925150312820556,9.167370393501105
1.0,-4.0,-4.0,False,2.57939949631691,31.544825192080648,9.167370393501105
1.0,1.0,1.0,True,1.8619826138019562,8.527327477670715,9.751103656611013
1.0,-32.0,-32.0,False,2.387457937002182,35.3622795931439,14.77652802158273
1.0,2.0,2.0,False,2.3348840475082397,23.265393893270605,4.18081689709834
1.0,-7.0,-7.0,False,2.3121227025985718,18.87649270022591,17.802524517285114
1.0,-15.0,-15.0,False,2.500266432762146,26.54352680037906,15.08282846410245
1.0,28.0,28.0,False,0.24322769418358803,30.40928749210655,3.986753464416273
1.0,-10.0,-10.0,False,2.223226308822632,34.3480065912596,34.53352871794151
1.0,-2.0,-2.0,False,2.652639865875244,28.48130325603717,31.635880479541267
1.0,28.0,28.0,False,1.7692154049873352,34.80411103838337,22.719107413858364
1.0,-1.0,-1.0,False,2.7845101952552795,29.746093621758043,37.15563965625792
1.0,1.0,1.0,True,1.2562493681907654,14.504315095949478,17.077315748469154
1.0,43.0,43.0,False,1.6398950219154358,10.56949659132211,35.26689803462821
1.0,37.0,37.0,False,1.916987270116806,37.265727787155974,16.32309761588124
1.0,-33.0,-33.0,False,2.178764283657074,19.0726256446435,23.690022517942754
1.0,33.0,33.0,False,2.3348840475082397,23.265393893270605,20.24140578261897
1.0,7.0,7.0,False,2.5843726992607117,8.527327477670715,20.4485028714534
1.0,2.0,2.0,False,1.916987270116806,37.265727787155974,4.18081689709834
1.0,2.0,2.0,False,4.42664110660553,23.793827856170438,28.19891574547284
1.0,-23.0,-23.0,False,1.5846810340881348,31.403036532000783,6.809568631910376
1.0,-1.0,-1.0,False,1.8619826138019562,30.005535012490665,9.751103656611013
1.0,-8.0,-8.0,False,1.3852925300598145,24.801126482205945,34.7442427469698
1.0,0.0,0.0,False,2.4752830266952515,25.61493593159157,20.24140578261897
1.0,34.0,34.0,False,3.048538565635681,30.005535012490665,13.686421391041709
1.0,32.0,32.0,False,1.0371797382831573,11.843106174332236,19.746891018462108
1.0,-1.0,-1.0,False,1.2572976350784302,34.86415647973513,37.15563965625792
1.0,-15.0,-15.0,False,1.8679865300655365,36.12727882035096,17.077315748469154
1.0,33.0,33.0,False,1.5510843396186829,4.634920769500896,20.24140578261897
1.0,4.0,4.0,False,3.3297743797302246,21.501019231900592,5.439049510945781
1.0,-3.0,-3.0,False,2.7845101952552795,29.746093621758043,6.809568631910376
1.0,24.0,24.0,False,0.24322769418358803,30.40928749210655,22.148112321246053
1.0,0.0,0.0,False,1.7692154049873352,34.80411103838337,14.410880645801937
1.0,-3.0,-3.0,False,2.774242341518402,32.30091849577147,12.43029518967681
1.0,32.0,32.0,False,2.2051366567611694,8.527327477670715,27.69895308957183
1.0,7.0,7.0,False,2.0995420664548874,32.30091849577147,16.333174425766405
1.0,-41.0,-41.0,False,2.707396298646927,18.617512983837802,34.65647476715041
1.0,21.0,21.0,False,2.7249364256858826,27.605144994901117,22.148112321246053
1.0,27.0,27.0,False,2.3663907051086426,12.76990854587532,3.986753464416273
1.0,-3.0,-3.0,False,3.3297743797302246,18.87649270022591,5.439049510945781
1.0,-20.0,-20.0,False,3.096113085746765,4.8707076518494885,28.081788432777067
1.0,-24.0,-24.0,False,2.6344958543777466,14.198818716424777,17.530484487102434
1.0,23.0,23.0,False,2.3663907051086426,30.03410359141819,3.986753464416273
1.0,0.0,0.0,False,1.2562493681907654,14.504315095949478,31.785610443729368
1.0,3.0,3.0,False,2.383823335170746,28.48130325603717,27.256999945344457
1.0,-35.0,-35.0,False,4.2425084710121155,9.761278915723935,28.081788432777067
1.0,-39.0,-39.0,False,4.42664110660553,14.258343980890368,28.19891574547284
1.0,1.0,1.0,True,3.00857812166214,21.501019231900592,25.823914541825157
2.0,36.0,36.0,False,2.365268588066101,4.048810930302972,31.46527371340696
2.0,1.0,1.0,False,1.8889251947402954,29.746093621758043,22.547213397853888
2.0,24.0,24.0,False,2.099949359893799,10.56949659132211,17.521553608365615
2.0,-35.0,-35.0,False,1.5039940923452377,34.3480065912596,30.737366740654203
2.0,-9.0,-9.0,False,3.4372442960739136,29.92669775918371,36.44429562571878
2.0,37.0,37.0,False,0.24322769418358803,30.40928749210655,37.01075098710036
2.0,-32.0,-32.0,False,4.808975696563721,13.122563163153274,12.189278027854318
2.0,-2.0,-2.0,False,1.7692154049873352,34.80411103838337,33.10424276686881
2.0,-29.0,-29.0,False,2.4752830266952515,25.61493593159157,36.747926523790596
2.0,-33.0,-33.0,False,2.8734290301799774,35.3622795931439,9.960024132833391
2.0,-22.0,-22.0,False,1.8889251947402954,30.177258825576423,22.547213397853888
2.0,-5.0,-5.0,False,3.9120935201644897,18.617512983837802,31.46527371340696
2.0,1.0,1.0,False,3.4708448946475983,8.527327477670715,36.2216088497233
2.0,22.0,22.0,False,0.7274511456489563,17.899566414978835,7.621418095994033
2.0,-36.0,-36.0,False,2.467986285686493,9.466014303196994,20.398544398903937
2.0,1.0,1.0,False,1.6252587735652924,17.899566414978835,33.10424276686881
2.0,-33.0,-33.0,False,2.467986285686493,9.466014303196994,12.189278027854318
2.0,-2.0,-2.0,False,2.395661950111389,32.30091849577147,25.928765501506795
2.0,27.0,27.0,False,3.465425729751587,18.87649270022591,29.424231128483907
2.0,-5.0,-5.0,False,2.4515066146850586,20.244261976541736,31.46527371340696
2.0,32.0,32.0,False,3.7176375687122345,12.76990854587532,29.424231128483907
2.0,0.0,0.0,False,2.6237756311893463,27.352446301282647,9.926801044390613
2.0,-5.0,-5.0,False,2.4515066146850586,20.244261976541736,13.576984318096127
2.0,34.0,34.0,False,1.2562493681907654,14.504315095949478,29.424231128483907
2.0,1.0,1.0,False,1.8709640800952911,23.793827856170438,3.936826618077151
2.0,-29.0,-29.0,False,2.4752830266952515,25.61493593159157,12.254609038872585
2.0,-3.0,-3.0,False,3.5834232568740845,5.6739058628764445,18.52892972112563
2.0,-26.0,-26.0,False,2.167701482772827,29.92669775918371,25.711874356815642
2.0,-2.0,-2.0,False,3.5612507462501526,32.30091849577147,12.189278027854318
2.0,37.0,37.0,False,2.271180808544159,33.425009546157284,28.820114552828112
2.0,-2.0,-2.0,False,2.8870811834931374,29.92669775918371,22.435081670385888
2.0,-4.0,-4.0,False,3.8453725576400757,9.761278915723935,12.053709790278342
2.0,39.0,39.0,False,2.365268588066101,4.048810930302972,22.435081670385888
2.0,-3.0,-3.0,False,1.7692154049873352,34.80411103838337,22.09940961679218
2.0,-25.0,-25.0,False,1.3801270127296448,4.8707076518494885,5.843127538811253
2.0,2.0,2.0,True,2.9130491614341736,23.97492841644261,19.417583798644788
2.0,1.0,1.0,False,2.573677182197571,8.527327477670715,20.398544398903937
2.0,19.0,19.0,False,0.7274511456489563,33.4884700718652,7.621418095994033
2.0,-5.0,-5.0,False,2.491735100746155,30.03410359141819,35.07114864040088
2.0,12.0,12.0,False,1.509024977684021,6.5154593101309946,35.26096499461379
2.0,-37.0,-37.0,False,2.223226308822632,34.3480065912596,33.10424276686881
2.0,-36.0,-36.0,False,1.4554450511932373,29.92669775918371,28.230513764130823
2.0,36.0,36.0,False,2.8870811834931374,23.21399741737849,22.435081670385888
2.0,10.0,10.0,False,2.2772083282470703,33.425009546157284,35.26096499461379
2.0,-8.0,-8.0,False,2.9130491614341736,27.68293006330713,19.417583798644788
2.0,-18.0,-18.0,False,2.6039539128541946,26.925150312820556,9.960024132833391
2.0,33.0,33.0,False,1.5510843396186829,4.634920769500896,31.46527371340696
2.0,35.0,35.0,False,1.7014203071594238,27.352446301282647,15.645875946813154
2.0,-3.0,-3.0,False,2.6830013394355774,25.863824190779393,35.07114864040088
2.0,31.0,31.0,False,3.5612507462501526,32.30091849577147,27.980900517356602
2.0,1.0,1.0,False,0.8261211812496185,30.898047675025907,31.46527371340696
2.0,-40.0,-40.0,False,2.500266432762146,26.54352680037906,20.398544398903937
2.0,-15.0,-15.0,False,3.3124143183231354,23.97492841644261,12.254609038872585
2.0,-7.0,-7.0,False,2.5839467644691467,27.68293006330713,20.7969565329039
2.0,19.0,19.0,False,0.7274511456489563,27.605144994901117,7.621418095994033
2.0,33.0,33.0,False,3.1435492634773254,13.263009791953525,9.053138053971539
2.0,-5.0,-5.0,False,4.14567768573761,19.0726256446435,36.44429562571878
2.0,35.0,35.0,False,1.916987270116806,37.265727787155974,27.980900517356602
2.0,-42.0,-42.0,False,3.5834232568740845,14.258343980890368,18.52892972112563
2.0,-32.0,-32.0,False,2.57939949631691,31.544825192080648,15.113903798926765
2.0,30.0,30.0,False,1.5438791513442993,33.425009546157284,29.457866855652732
2.0,3.0,3.0,False,1.5039940923452377,27.352446301282647,30.737366740654203
2.0,14.0,14.0,False,2.6039539128541946,26.925150312820556,29.424231128483907
2.0,-19.0,-19.0,False,1.5846810340881348,31.403036532000783,22.547213397853888
2.0,36.0,36.0,False,2.282749831676483,19.10605715428775,27.980900517356602
2.0,-17.0,-17.0,False,1.8709640800952911,26.925150312820556,3.936826618077151
2.0,-35.0,-35.0,False,2.573677182197571,19.0726256446435,20.398544398903937
2.0,33.0,33.0,False,0.7612389922142029,17.627362140337713,13.576984318096127
2.0,27.0,27.0,False,4.950881540775299,25.863824190779393,13.430578960059487
2.0,37.0,37.0,False,1.509024977684021,6.5154593101309946,27.980900517356602
2.0,8.0,8.0,False,2.6344958543777466,14.198818716424777,12.053709790278342
2.0,-5.0,-5.0,False,1.3028295040130615,23.228580740023716,33.94761037829804
2.0,-30.0,-30.0,False,4.038053870201111,13.122563163153274,36.747926523790596
2.0,-1.0,-1.0,False,2.7845101952552795,29.746093621758043,36.2216088497233
2.0,-8.0,-8.0,False,1.5846810340881348,31.403036532000783,25.711874356815642
2.0,-13.0,-13.0,False,2.208362340927124,30.177258825576423,35.26096499461379
2.0,-31.0,-31.0,False,1.4554450511932373,25.61493593159157,28.230513764130823
2.0,-18.0,-18.0,False,1.5846810340881348,31.403036532000783,12.189278027854318
2.0,-32.0,-32.0,False,2.395661950111389,18.724539394850716,25.928765501506795
2.0,-17.0,-17.0,False,0.7274511456489563,20.244261976541736,7.621418095994033
2.0,24.0,24.0,False,3.465425729751587,18.87649270022591,36.44429562571878
2.0,-33.0,-33.0,False,1.5039940923452377,9.466014303196994,30.737366740654203
2.0,-34.0,-34.0,False,0.8261211812496185,30.898047675025907,5.843127538811253
2.0,10.0,10.0,False,1.0371797382831573,11.843106174332236,35.26096499461379
2.0,0.0,0.0,False,1.6252587735652924,17.899566414978835,21.15943589444709
2.0,2.0,2.0,True,2.9015108942985535,23.97492841644261,17.521553608365615
2.0,38.0,38.0,False,1.6252587735652924,17.899566414978835,36.59222992721464
2.0,3.0,3.0,False,1.5039940923452377,19.10605715428775,30.737366740654203
2.0,16.0,16.0,False,2.365268588066101,4.048810930302972,28.871252700271082
2.0,1.0,1.0,False,3.4708448946475983,8.527327477670715,21.15943589444709
2.0,-1.0,-1.0,False,4.018570363521576,23.793827856170438,21.15943589444709
2.0,-38.0,-38.0,False,3.216308355331421,18.617512983837802,27.71515311350088
2.0,7.0,7.0,False,2.5154536962509155,27.68293006330713,37.01075098710036
2.0,-3.0,-3.0,False,3.791217565536499,25.863824190779393,22.09940961679218
2.0,-1.0,-1.0,False,2.6830013394355774,13.263009791953525,35.07114864040088
2.0,-1.0,-1.0,False,4.146126329898834,18.617512983837802,27.31265510148413
2.0,22.0,22.0,False,1.2572976350784302,34.86415647973513,20.7969565329039
2.0,2.0,2.0,True,1.7692154049873352,34.80411103838337,36.747926523790596
2.0,-35.0,-35.0,False,1.8333880305290222,15.336840532546198,36.747926523790596
2.0,13.0,13.0,False,1.3028295040130615,23.228580740023716,19.417583798644788
2.0,22.0,22.0,False,1.5510843396186829,4.634920769500896,20.7969565329039
2.0,12.0,12.0,False,1.5438791513442993,26.925150312820556,29.457866855652732
2.0,-26.0,-26.0,False,2.6344958543777466,14.198818716424777,26.54988448410623
2.0,0.0,0.0,False,2.442369222640991,33.425009546157284,9.960024132833391
2.0,12.0,12.0,False,2.167701482772827,12.76990854587532,25.711874356815642
2.0,-6.0,-6.0,False,2.500266432762146,26.54352680037906,9.053138053971539
2.0,2.0,2.0,True,1.2562493681907654,14.504315095949478,33.10424276686881
2.0,35.0,35.0,False,2.099949359893799,10.56949659132211,29.424231128483907
2.0,-5.0,-5.0,False,2.467986285686493,9.466014303196994,2.118246904356275
2.0,25.0,25.0,False,1.5438791513442993,18.87649270022591,29.457866855652732
2.0,-34.0,-34.0,False,2.4515066146850586,20.244261976541736,15.113903798926765
2.0,-3.0,-3.0,False,2.573677182197571,33.4884700718652,20.398544398903937
2.0,3.0,3.0,False,2.365268588066101,4.048810930302972,33.10424276686881
2.0,-18.0,-18.0,False,2.6039539128541946,26.925150312820556,26.54988448410623
2.0,22.0,22.0,False,2.5839467644691467,23.793827856170438,20.7969565329039
2.0,3.0,3.0,False,3.9864962995052338,19.0726256446435,24.021609591281702
2.0,34.0,34.0,False,2.442369222640991,33.425009546157284,23.847889152220613
2.0,39.0,39.0,False,2.365268588066101,4.048810930302972,37.01075098710036
2.0,-37.0,-37.0,False,2.57939949631691,31.544825192080648,22.09940961679218
2.0,-26.0,-26.0,False,2.6344958543777466,14.198818716424777,9.960024132833391
2.0,3.0,3.0,False,2.365268588066101,4.048810930302972,27.71515311350088
2.0,-7.0,-7.0,False,1.8333880305290222,15.336840532546198,29.424231128483907
2.0,34.0,34.0,False,0.7612389922142029,17.627362140337713,23.847889152220613
2.0,-18.0,-18.0,False,1.4554450511932373,31.403036532000783,28.230513764130823
2.0,4.0,4.0,False,1.916987270116806,37.265727787155974,15.113903798926765
2.0,-2.0,-2.0,False,2.4515066146850586,20.244261976541736,22.435081670385888
2.0,30.0,30.0,False,3.465425729751587,18.87649270022591,27.980900517356602
2.0,-8.0,-8.0,False,2.4515066146850586,20.244261976541736,2.118246904356275
2.0,-34.0,-34.0,False,2.4752830266952515,25.61493593159157,36.2216088497233
2.0,-1.0,-1.0,False,2.652639865875244,28.48130325603717,21.15943589444709
2.0,1.0,1.0,False,1.8709640800952911,33.425009546157284,3.936826618077151
2.0,0.0,0.0,False,2.395661950111389,33.4884700718652,25.928765501506795
2.0,-36.0,-36.0,False,4.146126329898834,18.617512983837802,12.189278027854318
2.0,25.0,25.0,False,2.491735100746155,30.03410359141819,13.430578960059487
2.0,-11.0,-11.0,False,2.4752830266952515,25.61493593159157,20.7969565329039
2.0,22.0,22.0,False,2.5839467644691467,29.746093621758043,20.7969565329039
2.0,2.0,2.0,True,2.395661950111389,12.76990854587532,25.928765501506795
2.0,-34.0,-34.0,False,2.6647695302963257,18.724539394850716,26.54988448410623
2.0,37.0,37.0,False,2.271180808544159,23.21399741737849,28.820114552828112
2.0,4.0,4.0,False,2.449439227581024,22.756701561801535,27.31265510148413
2.0,-20.0,-20.0,False,2.208362340927124,30.177258825576423,33.94761037829804
2.0,-34.0,-34.0,False,2.970879375934601,9.761278915723935,15.113903798926765
2.0,-24.0,-24.0,False,2.208362340927124,30.177258825576423,18.52892972112563
2.0,36.0,36.0,False,1.509024977684021,6.5154593101309946,15.645875946813154
2.0,1.0,1.0,False,1.509024977684021,6.5154593101309946,35.07114864040088
2.0,-2.0,-2.0,False,2.9015108942985535,4.8707076518494885,17.521553608365615
2.0,-6.0,-6.0,False,2.167701482772827,26.925150312820556,25.711874356815642
2.0,3.0,3.0,False,2.271180808544159,19.0726256446435,28.820114552828112
2.0,-32.0,-32.0,False,2.420028865337372,11.362127377282727,33.94761037829804
2.0,33.0,33.0,False,3.7176375687122345,12.76990854587532,9.053138053971539
2.0,4.0,4.0,False,0.7612389922142029,17.627362140337713,12.254609038872585
2.0,-4.0,-4.0,False,2.223226308822632,34.3480065912596,31.887633688484577
2.0,2.0,2.0,True,1.2572976350784302,34.86415647973513,25.928765501506795
2.0,-24.0,-24.0,False,1.4554450511932373,14.198818716424777,28.230513764130823
3.0,29.0,29.0,False,2.22684970498085,18.87649270022591,10.669918299811775
3.0,-2.0,-2.0,False,3.3904177248477936,29.92669775918371,18.898322847419887
3.0,2.0,2.0,False,2.3305991291999817,4.048810930302972,31.48620818222766
3.0,-33.0,-33.0,False,2.4752830266952515,25.61493593159157,34.77469796077666
3.0,36.0,36.0,False,2.442369222640991,33.425009546157284,35.66526580151034
3.0,-36.0,-36.0,False,2.3305991291999817,11.362127377282727,31.48620818222766
3.0,3.0,3.0,True,2.282749831676483,19.10605715428775,21.120398409618556
3.0,-1.0,-1.0,False,4.044235110282898,5.6739058628764445,7.518614303366388
3.0,30.0,30.0,False,1.1229265928268433,27.352446301282647,31.207261057327592
3.0,12.0,12.0,False,1.5846810340881348,31.403036532000783,30.005481727774683
3.0,-1.0,-1.0,False,2.7578377723693848,18.724539394850716,17.669207168348212
3.0,-1.0,-1.0,False,3.8955968618392944,13.122563163153274,17.669207168348212
3.0,32.0,32.0,False,2.341552197933197,12.76990854587532,30.005481727774683
3.0,-34.0,-34.0,False,1.7012319564819336,35.3622795931439,15.011866961622792
3.0,2.0,2.0,False,2.084552079439163,29.746093621758043,9.551735996821652
3.0,-2.0,-2.0,False,2.4536172747612,10.918592928546547,35.74599355642529
3.0,-4.0,-4.0,False,2.22684970498085,9.761278915723935,10.669918299811775
3.0,33.0,33.0,False,2.373960256576538,30.03410359141819,23.513896404619913
3.0,-6.0,-6.0,False,2.2509247064590454,24.801126482205945,7.86545359531221
3.0,2.0,2.0,False,2.449439227581024,22.756701561801535,18.132674913981468
3.0,-1.0,-1.0,False,2.22684970498085,11.362127377282727,10.669918299811775
3.0,-21.0,-21.0,False,2.8734290301799774,35.3622795931439,9.253918822872949
3.0,36.0,36.0,False,2.7845101952552795,29.746093621758043,24.2598527378981
3.0,4.0,4.0,False,1.5510843396186829,4.634920769500896,13.788755418854036
3.0,-1.0,-1.0,False,2.373960256576538,18.617512983837802,23.513896404619913
3.0,31.0,31.0,False,1.1229265928268433,6.5154593101309946,31.207261057327592
3.0,36.0,36.0,False,1.2572976350784302,34.86415647973513,22.4662837557135
3.0,37.0,37.0,False,1.916987270116806,37.265727787155974,23.513896404619913
3.0,37.0,37.0,False,3.4708448946475983,8.527327477670715,29.585186372846536
3.0,-4.0,-4.0,False,2.8734290301799774,35.3622795931439,26.90104522163439
3.0,24.0,24.0,False,1.3028295040130615,23.228580740023716,7.86545359531221
3.0,7.0,7.0,False,3.3904177248477936,27.68293006330713,18.898322847419887
3.0,30.0,30.0,False,1.6944518089294434,16.240829609177855,17.36037801322203
3.0,37.0,37.0,False,0.24322769418358803,30.40928749210655,22.737277151801447
3.0,-4.0,-4.0,False,2.223226308822632,34.3480065912596,17.669207168348212
3.0,35.0,35.0,False,2.099949359893799,10.56949659132211,30.005481727774683
3.0,-2.0,-2.0,False,1.7692154049873352,34.80411103838337,34.77469796077666
3.0,34.0,34.0,False,3.3175649642944336,27.605144994901117,22.4662837557135
3.0,32.0,32.0,False,2.3348840475082397,23.265393893270605,30.005481727774683
3.0,1.0,1.0,False,4.189026474952698,19.0726256446435,29.585186372846536
3.0,5.0,5.0,False,2.22684970498085,27.68293006330713,10.669918299811775
3.0,29.0,29.0,False,1.1229265928268433,4.634920769500896,31.207261057327592
3.0,2.0,2.0,False,3.734430193901062,25.863824190779393,28.405896007317136
3.0,1.0,1.0,False,1.7692154049873352,34.80411103838337,35.74599355642529
3.0,2.0,2.0,False,2.455235004425049,35.3622795931439,18.132674913981468
3.0,11.0,11.0,False,1.0371797382831573,11.843106174332236,2.300025906624223
3.0,33.0,33.0,False,3.8955968618392944,30.005535012490665,17.669207168348212
3.0,-10.0,-10.0,False,1.1229265928268433,15.336840532546198,31.207261057327592
3.0,11.0,11.0,False,1.8084846138954163,13.263009791953525,2.300025906624223
3.0,36.0,36.0,False,2.3348840475082397,23.265393893270605,24.2598527378981
3.0,21.0,21.0,False,1.6035115122795105,17.899566414978835,20.453506967403538
3.0,-33.0,-33.0,False,2.084552079439163,11.362127377282727,9.551735996821652
3.0,-1.0,-1.0,False,2.341552197933197,22.756701561801535,30.005481727774683
3.0,2.0,2.0,False,1.6944518089294434,16.240829609177855,31.48620818222766
3.0,32.0,32.0,False,1.916987270116806,37.265727787155974,7.86545359531221
3.0,-15.0,-15.0,False,2.3305991291999817,36.12727882035096,31.48620818222766
3.0,17.0,17.0,False,1.916987270116806,37.265727787155974,16.72370352402934
3.0,16.0,16.0,False,1.5846810340881348,31.403036532000783,24.2598527378981
3.0,-2.0,-2.0,False,2.420028865337372,11.362127377282727,30.855738821078003
3.0,9.0,9.0,False,2.208362340927124,30.177258825576423,30.005481727774683
3.0,27.0,27.0,False,1.3028295040130615,23.228580740023716,18.132674913981468
3.0,-4.0,-4.0,False,1.1229265928268433,22.756701561801535,31.207261057327592
3.0,1.0,1.0,False,2.7578377723693848,18.724539394850716,29.585186372846536
3.0,19.0,19.0,False,2.373960256576538,26.925150312820556,23.513896404619913
3.0,29.0,29.0,False,1.0371797382831573,11.843106174332236,31.207261057327592
3.0,-4.0,-4.0,False,3.465425729751587,18.87649270022591,28.87571444597735
3.0,35.0,35.0,False,2.3348840475082397,23.265393893270605,16.52915459605107
3.0,8.0,8.0,False,2.365268588066101,4.048810930302972,35.16625861221939
3.0,-12.0,-12.0,False,1.1229265928268433,14.258343980890368,31.207261057327592
3.0,39.0,39.0,False,2.099949359893799,10.56949659132211,24.2598527378981
3.0,-26.0,-26.0,False,3.4538780450820923,27.68293006330713,35.74599355642529
3.0,3.0,3.0,True,2.341552197933197,27.68293006330713,30.005481727774683
3.0,35.0,35.0,False,1.916987270116806,37.265727787155974,16.52915459605107
3.0,-2.0,-2.0,False,2.2509247064590454,24.801126482205945,35.66526580151034
3.0,36.0,36.0,False,2.2696070671081543,29.746093621758043,22.737277151801447
3.0,-2.0,-2.0,False,2.57939949631691,31.544825192080648,12.655523284016555
3.0,2.0,2.0,False,3.3904177248477936,13.122563163153274,18.898322847419887
3.0,-31.0,-31.0,False,2.420028865337372,11.362127377282727,28.405896007317136
3.0,36.0,36.0,False,2.2696070671081543,23.265393893270605,22.737277151801447
3.0,33.0,33.0,False,1.7692154049873352,34.80411103838337,34.49676769428927
3.0,-6.0,-6.0,False,3.096113085746765,4.8707076518494885,16.72370352402934
3.0,-4.0,-4.0,False,3.465425729751587,18.87649270022591,7.518614303366388
3.0,33.0,33.0,False,3.1435492634773254,13.263009791953525,32.49296875234801
3.0,-23.0,-23.0,False,2.208362340927124,30.177258825576423,34.77469796077666
3.0,-26.0,-26.0,False,3.2217567563056946,29.92669775918371,9.253918822872949
3.0,1.0,1.0,False,1.7692154049873352,34.80411103838337,18.415160012504177
3.0,-3.0,-3.0,False,2.4515066146850586,20.244261976541736,16.52915459605107
3.0,29.0,29.0,False,1.1229265928268433,23.793827856170438,31.207261057327592
3.0,36.0,36.0,False,0.7612389922142029,17.627362140337713,22.737277151801447
3.0,-2.0,-2.0,False,2.8581967651844025,32.30091849577147,29.411686701783356
3.0,31.0,31.0,False,3.8955968618392944,27.605144994901117,17.669207168348212
3.0,31.0,31.0,False,2.9116517305374146,18.87649270022591,24.2598527378981
3.0,3.0,3.0,True,1.2572976350784302,34.86415647973513,18.415160012504177
3.0,38.0,38.0,False,3.148002028465271,21.501019231900592,19.27783657630555
3.0,1.0,1.0,False,3.5645443201065063,30.005535012490665,13.764056563465417
3.0,13.0,13.0,False,2.341552197933197,23.97492841644261,30.005481727774683
3.0,-5.0,-5.0,False,2.2696070671081543,14.258343980890368,22.737277151801447
4.0,-29.0,-29.0,False,0.8261211812496185,30.898047675025907,20.637872551386337
4.0,-33.0,-33.0,False,2.467986285686493,9.466014303196994,15.853282370783516
4.0,32.0,32.0,False,0.24322769418358803,30.40928749210655,24.736877738909886
4.0,35.0,35.0,False,1.7072398364543915,29.746093621758043,36.10851299688132
4.0,1.0,1.0,False,2.472829043865204,19.0726256446435,19.358746411430424
4.0,1.0,1.0,False,3.1435492634773254,13.263009791953525,30.487179484917206
4.0,0.0,0.0,False,1.7692154049873352,34.80411103838337,35.41173665159455
4.0,-16.0,-16.0,False,2.6039539128541946,26.925150312820556,35.41173665159455
4.0,-36.0,-36.0,False,1.9486613273620605,18.617512983837802,8.149527340622235
4.0,-27.0,-27.0,False,3.0525527596473694,27.68293006330713,32.88836237357804
4.0,-31.0,-31.0,False,2.449439227581024,22.756701561801535,35.41173665159455
4.0,35.0,35.0,False,1.7072398364543915,37.265727787155974,36.10851299688132
4.0,-4.0,-4.0,False,2.4536172747612,10.918592928546547,11.786489803841393
4.0,-25.0,-25.0,False,3.4538780450820923,27.68293006330713,19.123381028807678
4.0,-21.0,-21.0,False,2.208362340927124,30.177258825576423,28.275316153326326
4.0,0.0,0.0,False,3.0525527596473694,25.863824190779393,32.88836237357804
4.0,-2.0,-2.0,False,1.8711960315704346,22.756701561801535,19.14299251939613
4.0,-7.0,-7.0,False,1.3028295040130615,23.228580740023716,30.487179484917206
4.0,35.0,35.0,False,2.472829043865204,13.263009791953525,19.358746411430424
4.0,6.0,6.0,False,1.509024977684021,6.5154593101309946,19.123381028807678
4.0,20.0,20.0,False,1.916987270116806,37.265727787155974,20.25706914265349
4.0,-26.0,-26.0,False,2.4096118807792664,27.68293006330713,22.166146504123923
4.0,-7.0,-7.0,False,2.004445254802704,24.801126482205945,10.048651222325285
4.0,32.0,32.0,False,1.8711960315704346,27.352446301282647,19.14299251939613
4.0,-18.0,-18.0,False,4.004316926002502,13.122563163153274,12.582187389884167
4.0,16.0,16.0,False,3.7176375687122345,12.76990854587532,12.582187389884167
4.0,-32.0,-32.0,False,2.4671566486358643,18.724539394850716,10.196249966253701
4.0,-4.0,-4.0,False,2.4536172747612,10.918592928546547,30.487179484917206
4.0,0.0,0.0,False,3.289096474647522,25.863824190779393,28.275316153326326
4.0,0.0,0.0,False,3.289096474647522,5.6739058628764445,28.275316153326326
4.0,-37.0,-37.0,False,2.2509247064590454,24.801126482205945,11.786489803841393
4.0,-33.0,-33.0,False,2.8734290301799774,35.3622795931439,15.331645627365884
4.0,3.0,3.0,False,2.4096118807792664,33.425009546157284,22.166146504123923
4.0,9.0,9.0,False,2.472829043865204,14.198818716424777,19.358746411430424
4.0,22.0,22.0,False,1.2562493681907654,14.504315095949478,10.813715166373807
4.0,-32.0,-32.0,False,3.927818477153778,13.122563163153274,35.41173665159455
4.0,2.0,2.0,False,2.9247633814811707,23.21399741737849,11.78669612890189
4.0,33.0,33.0,False,1.7072398364543915,33.4884700718652,36.10851299688132
4.0,6.0,6.0,False,2.3348840475082397,23.265393893270605,34.52278214277409
4.0,-37.0,-37.0,False,1.8333880305290222,15.336840532546198,11.78669612890189
4.0,6.0,6.0,False,4.758716285228729,23.793827856170438,15.072690943161623
4.0,30.0,30.0,False,2.4536172747612,10.918592928546547,19.358746411430424
4.0,2.0,2.0,False,2.442369222640991,33.425009546157284,35.41173665159455
4.0,4.0,4.0,True,2.282749831676483,19.10605715428775,20.637872551386337
4.0,-18.0,-18.0,False,1.9722947478294373,20.244261976541736,21.92983370556557
4.0,-32.0,-32.0,False,2.7578377723693848,18.724539394850716,32.88836237357804
4.0,4.0,4.0,True,2.4671566486358643,8.527327477670715,10.196249966253701
4.0,-24.0,-24.0,False,2.6344958543777466,14.198818716424777,11.78669612890189
4.0,-4.0,-4.0,False,2.004445254802704,11.362127377282727,10.048651222325285
4.0,27.0,27.0,False,2.004445254802704,30.03410359141819,10.048651222325285
4.0,-32.0,-32.0,False,1.9486613273620605,13.122563163153274,8.149527340622235
4.0,-23.0,-23.0,False,3.096113085746765,4.8707076518494885,15.331645627365884
4.0,4.0,4.0,True,1.509024977684021,6.5154593101309946,15.853282370783516
4.0,4.0,4.0,True,2.099949359893799,10.56949659132211,30.487179484917206
4.0,2.0,2.0,False,1.9486613273620605,30.005535012490665,8.149527340622235
4.0,2.0,2.0,False,2.7845101952552795,29.746093621758043,32.88836237357804
4.0,-18.0,-18.0,False,3.22542142868042,29.92669775918371,20.25706914265349
4.0,-34.0,-34.0,False,3.9419828355312347,19.0726256446435,15.331645627365884
4.0,31.0,31.0,False,2.7845101952552795,29.746093621758043,24.736877738909886
4.0,-33.0,-33.0,False,2.7578377723693848,18.724539394850716,11.786489803841393
4.0,5.0,5.0,False,2.099949359893799,10.56949659132211,28.275316153326326
4.0,-35.0,-35.0,False,2.4096118807792664,9.761278915723935,22.166146504123923
4.0,-3.0,-3.0,False,1.9674647152423859,18.617512983837802,28.12699896596327
4.0,-8.0,-8.0,False,3.0088210105895996,36.12727882035096,34.52278214277409
4.0,-28.0,-28.0,False,2.8734290301799774,35.3622795931439,27.846387967249374
4.0,-40.0,-40.0,False,4.478106677532196,14.258343980890368,31.36261801304057
4.0,29.0,29.0,False,2.004445254802704,33.4884700718652,10.048651222325285
4.0,18.0,18.0,False,3.4708448946475983,8.527327477670715,12.582187389884167
4.0,7.0,7.0,False,0.24322769418358803,30.40928749210655,34.52278214277409
4.0,-3.0,-3.0,False,2.004445254802704,13.122563163153274,10.048651222325285
4.0,-2.0,-2.0,False,3.9419828355312347,27.605144994901117,15.331645627365884
4.0,-21.0,-21.0,False,2.4671566486358643,4.8707076518494885,10.196249966253701
4.0,-36.0,-36.0,False,2.4515066146850586,20.244261976541736,11.78669612890189
4.0,21.0,21.0,False,1.7072398364543915,36.12727882035096,36.10851299688132
4.0,35.0,35.0,False,1.7072398364543915,33.425009546157284,36.10851299688132
4.0,-36.0,-36.0,False,2.2509247064590454,24.801126482205945,10.196249966253701
4.0,-12.0,-12.0,False,2.6039539128541946,26.925150312820556,15.072690943161623
4.0,-2.0,-2.0,False,2.4096118807792664,10.918592928546547,22.166146504123923
4.0,-31.0,-31.0,False,2.4096118807792664,13.122563163153274,22.166146504123923
4.0,-31.0,-31.0,False,2.4671566486358643,35.3622795931439,10.196249966253701
4.0,-32.0,-32.0,False,2.57939949631691,31.544825192080648,19.123381028807678
4.0,1.0,1.0,False,0.7612389922142029,17.627362140337713,30.487179484917206
4.0,31.0,31.0,False,1.7427961230278015,28.48130325603717,36.27695341733046
4.0,-2.0,-2.0,False,1.3028295040130615,23.228580740023716,15.072690943161623
4.0,33.0,33.0,False,1.8711960315704346,21.501019231900592,19.14299251939613
4.0,0.0,0.0,False,3.0525527596473694,33.4884700718652,32.88836237357804
4.0,-18.0,-18.0,False,3.176116406917572,23.97492841644261,11.786489803841393
4.0,-36.0,-36.0,False,2.467986285686493,9.466014303196994,33.01674350156386
4.0,1.0,1.0,False,1.2562493681907654,14.504315095949478,33.01674350156386
5.0,-34.0,-34.0,False,2.2509247064590454,24.801126482205945,29.226798106826713
5.0,-24.0,-24.0,False,1.9803079962730408,14.258343980890368,19.749092274340114
5.0,2.0,2.0,False,2.614243507385254,21.501019231900592,16.806371883746216
5.0,2.0,2.0,False,4.957645356655121,25.863824190779393,28.888124744587525
5.0,-28.0,-28.0,False,2.4752830266952515,25.61493593159157,14.04766198521934
5.0,-19.0,-19.0,False,2.208362340927124,30.177258825576423,29.226798106826713
5.0,-33.0,-33.0,False,2.195062220096588,9.466014303196994,17.73005826735026
5.0,29.0,29.0,False,3.925582468509674,5.6739058628764445,22.904853892748246
5.0,-6.0,-6.0,False,1.3028295040130615,23.228580740023716,17.71371051902643
5.0,-39.0,-39.0,False,1.8333880305290222,15.336840532546198,16.806371883746216
5.0,-31.0,-31.0,False,2.4752830266952515,25.61493593159157,17.71371051902643
5.0,-36.0,-36.0,False,1.6680477857589722,14.258343980890368,33.15053373168917
5.0,2.0,2.0,False,3.5612507462501526,32.30091849577147,12.131285149406914
5.0,6.0,6.0,False,2.2084648609161377,4.048810930302972,19.67828686414218
5.0,-33.0,-33.0,False,2.420028865337372,11.362127377282727,15.603744606384454
5.0,-29.0,-29.0,False,2.614243507385254,27.68293006330713,16.806371883746216
5.0,-30.0,-30.0,False,2.7578377723693848,18.724539394850716,29.12443476443621
5.0,-36.0,-36.0,False,2.530616581439972,18.617512983837802,14.221280386323027
5.0,1.0,1.0,False,3.5612507462501526,32.30091849577147,14.04766198521934
5.0,1.0,1.0,False,2.4536172747612,10.918592928546547,10.904011625111597
5.0,-33.0,-33.0,False,2.467986285686493,9.466014303196994,17.71371051902643
5.0,-31.0,-31.0,False,2.467986285686493,9.466014303196994,29.226798106826713
5.0,31.0,31.0,False,2.1053768396377563,13.263009791953525,25.057769633394035
5.0,-29.0,-29.0,False,2.449439227581024,22.756701561801535,29.12443476443621
5.0,25.0,25.0,False,2.491735100746155,30.03410359141819,20.46966476143556
5.0,10.0,10.0,False,3.096113085746765,4.8707076518494885,33.3359490004118
5.0,6.0,6.0,False,1.0371797382831573,11.843106174332236,12.131285149406914
5.0,2.0,2.0,False,2.195062220096588,12.76990854587532,17.73005826735026
5.0,3.0,3.0,False,1.6680477857589722,34.80411103838337,33.15053373168917
5.0,-25.0,-25.0,False,2.57939949631691,31.544825192080648,14.33853925748122
5.0,2.0,2.0,False,1.0371797382831573,11.843106174332236,14.221280386323027
5.0,-15.0,-15.0,False,3.3124143183231354,23.97492841644261,29.12443476443621
5.0,13.0,13.0,False,1.509024977684021,6.5154593101309946,5.852411959709841
5.0,-29.0,-29.0,False,2.8734290301799774,35.3622795931439,29.12443476443621
5.0,-35.0,-35.0,False,2.195062220096588,34.3480065912596,17.73005826735026
5.0,-32.0,-32.0,False,2.57939949631691,31.544825192080648,29.226798106826713
5.0,3.0,3.0,False,1.595455527305603,8.527327477670715,8.636520045292365
5.0,1.0,1.0,False,1.916987270116806,37.265727787155974,25.517060967689282
5.0,-19.0,-19.0,False,2.2927438616752625,23.97492841644261,37.14325725004562
5.0,5.0,5.0,True,2.1053768396377563,14.198818716424777,25.057769633394035
5.0,-30.0,-30.0,False,0.8261211812496185,30.898047675025907,15.603744606384454
5.0,-29.0,-29.0,False,0.8261211812496185,30.898047675025907,19.67828686414218
5.0,-31.0,-31.0,False,2.4752830266952515,25.61493593159157,14.221280386323027
5.0,-30.0,-30.0,False,4.189026474952698,19.0726256446435,28.888124744587525
5.0,17.0,17.0,False,1.9803079962730408,23.21399741737849,19.749092274340114
5.0,2.0,2.0,False,1.2572976350784302,34.86415647973513,14.221280386323027
5.0,27.0,27.0,False,3.408875048160553,23.793827856170438,22.33881004517965
5.0,6.0,6.0,False,1.2562493681907654,14.504315095949478,29.12443476443621
5.0,-2.0,-2.0,False,2.4752830266952515,25.61493593159157,22.904853892748246
5.0,-8.0,-8.0,False,2.1053768396377563,26.54352680037906,25.057769633394035
5.0,16.0,16.0,False,1.2572976350784302,34.86415647973513,26.802857983915764
5.0,19.0,19.0,False,2.099949359893799,10.56949659132211,26.802857983915764
5.0,24.0,24.0,False,1.6956082582473755,23.21399741737849,14.975762717513003
5.0,4.0,4.0,False,2.4334650337696075,21.501019231900592,32.413380573167146
5.0,-32.0,-32.0,False,1.595455527305603,35.3622795931439,8.636520045292365
5.0,34.0,34.0,False,3.4106427431106567,23.793827856170438,11.41396708256019
5.0,-27.0,-27.0,False,2.8734290301799774,35.3622795931439,10.904011625111597
5.0,7.0,7.0,False,1.6944518089294434,16.240829609177855,29.12443476443621
5.0,-6.0,-6.0,False,2.4752830266952515,25.61493593159157,22.33881004517965
5.0,3.0,3.0,False,1.509024977684021,6.5154593101309946,8.636520045292365
5.0,-1.0,-1.0,False,3.223828673362732,25.863824190779393,25.517060967689282
5.0,-4.0,-4.0,False,2.223226308822632,34.3480065912596,33.3359490004118
5.0,3.0,3.0,False,2.2084648609161377,23.265393893270605,19.67828686414218
5.0,11.0,11.0,False,0.7612389922142029,17.627362140337713,5.852411959709841
5.0,-33.0,-33.0,False,2.355714797973633,16.180608394392817,14.221280386323027
5.0,4.0,4.0,False,2.442369222640991,33.425009546157284,29.12443476443621
5.0,4.0,4.0,False,3.403449207544327,27.68293006330713,33.3359490004118
5.0,2.0,2.0,False,2.3348840475082397,23.265393893270605,17.71371051902643
5.0,-17.0,-17.0,False,3.096113085746765,4.8707076518494885,10.904011625111597
5.0,9.0,9.0,False,2.365268588066101,4.048810930302972,12.131285149406914
5.0,-31.0,-31.0,False,2.195062220096588,22.756701561801535,17.73005826735026
5.0,-31.0,-31.0,False,0.8261211812496185,30.898047675025907,8.636520045292365
5.0,20.0,20.0,False,2.6294466853141785,28.48130325603717,20.12425258978239
5.0,12.0,12.0,False,1.5413188338279724,17.899566414978835,5.852411959709841
5.0,-5.0,-5.0,False,3.403449207544327,9.761278915723935,33.3359490004118
5.0,2.0,2.0,False,1.5510843396186829,4.634920769500896,15.603744606384454
5.0,-34.0,-34.0,False,1.8505994081497192,24.801126482205945,35.689739698153936
5.0,-31.0,-31.0,False,2.4334650337696075,22.756701561801535,32.413380573167146
5.0,4.0,4.0,False,2.90323942899704,27.68293006330713,33.89543053767319
1.0,13.0,13.0,False,3.405226916074753,15.08282846410245,27.31265510148413
1.0,36.0,36.0,False,3.00857812166214,25.823914541825157,19.699183118895
1.0,-3.0,-3.0,False,4.222649335861206,28.081788432777067,33.10424276686881
1.0,12.0,12.0,False,2.178764283657074,23.690022517942754,28.871252700271082
1.0,32.0,32.0,False,2.736549973487854,9.95909698835624,31.887633688484577
1.0,10.0,10.0,False,2.0506393909454346,22.066554855897035,35.26096499461379
1.0,-3.0,-3.0,False,1.6398950219154358,35.26689803462821,28.820114552828112
1.0,34.0,34.0,False,2.3121227025985718,17.802524517285114,29.424231128483907
1.0,21.0,21.0,False,2.178764283657074,23.690022517942754,20.7969565329039
1.0,33.0,33.0,False,2.648109197616577,34.07222420013962,13.576984318096127
1.0,32.0,32.0,False,2.178764283657074,23.690022517942754,9.053138053971539
1.0,5.0,5.0,False,1.4554450511932373,34.65647476715041,28.230513764130823
1.0,3.0,3.0,False,1.5039940923452377,30.799348651513444,30.737366740654203
1.0,4.0,4.0,False,2.395661950111389,31.785610443729368,25.928765501506795
1.0,-4.0,-4.0,False,3.3297743797302246,5.439049510945781,18.97057614028204
1.0,-33.0,-33.0,False,3.4290948808193207,9.167370393501105,21.15943589444709
1.0,-39.0,-39.0,False,4.089699149131775,25.56340140919565,36.2216088497233
1.0,32.0,32.0,False,1.5075828433036804,16.789811292931745,27.980900517356602
1.0,21.0,21.0,False,2.387457937002182,14.77652802158273,20.7969565329039
1.0,-41.0,-41.0,False,1.6398950219154358,35.26689803462821,21.15943589444709
1.0,-26.0,-26.0,False,1.5022268295288086,19.64727804050576,25.928765501506795
1.0,34.0,34.0,False,1.5075828433036804,16.789811292931745,28.820114552828112
1.0,27.0,27.0,False,1.749110221862793,30.799348651513444,20.302513789987362
1.0,-3.0,-3.0,False,2.6830013394355774,14.410880645801937,35.07114864040088
1.0,1.0,1.0,True,2.6830013394355774,31.785610443729368,35.07114864040088
1.0,30.0,30.0,False,2.7670029997825623,14.410880645801937,29.424231128483907
1.0,10.0,10.0,False,2.2772083282470703,3.4748812264102913,35.26096499461379
1.0,2.0,2.0,False,2.5483654737472534,4.18081689709834,12.254609038872585
1.0,12.0,12.0,False,2.0506393909454346,22.066554855897035,25.711874356815642
1.0,-30.0,-30.0,False,1.3143932223320007,37.07385579129372,30.737366740654203
1.0,7.0,7.0,False,2.970879375934601,20.578045496573417,15.113903798926765
1.0,-17.0,-17.0,False,2.9015108942985535,25.56340140919565,17.521553608365615
1.0,0.0,0.0,False,1.8889251947402954,9.95909698835624,22.547213397853888
1.0,2.0,2.0,False,2.573677182197571,20.578045496573417,20.398544398903937
1.0,-2.0,-2.0,False,2.736549973487854,9.95909698835624,9.926801044390613
1.0,-29.0,-29.0,False,2.970879375934601,4.232620607788117,15.113903798926765
1.0,20.0,20.0,False,2.5839467644691467,14.410880645801937,20.7969565329039
1.0,12.0,12.0,False,4.039536148309708,20.844948798482978,27.980900517356602
1.0,23.0,23.0,False,1.7014203071594238,16.333174425766405,15.645875946813154
1.0,1.0,1.0,True,3.048538565635681,13.686421391041709,27.980900517356602
1.0,-4.0,-4.0,False,1.7014203071594238,25.56340140919565,15.645875946813154
1.0,-20.0,-20.0,False,2.970879375934601,15.08282846410245,15.113903798926765
1.0,0.0,0.0,False,1.7014203071594238,13.686421391041709,15.645875946813154
1.0,11.0,11.0,False,3.8453725576400757,20.844948798482978,12.053709790278342
1.0,3.0,3.0,False,2.3540602326393127,17.530484487102434,15.73522934777098
1.0,0.0,0.0,False,1.8889251947402954,30.002827383956568,22.547213397853888
1.0,-33.0,-33.0,False,2.970879375934601,16.32309761588124,15.113903798926765
1.0,35.0,35.0,False,1.5075828433036804,16.789811292931745,35.99533882694877
1.0,14.0,14.0,False,2.4045203030109406,22.148112321246053,36.59222992721464
1.0,5.0,5.0,False,1.5022268295288086,19.64727804050576,31.887633688484577
1.0,-18.0,-18.0,False,2.3540602326393127,20.844948798482978,15.73522934777098
1.0,28.0,28.0,False,3.312854290008545,31.635880479541267,20.302513789987362
1.0,32.0,32.0,False,2.387457937002182,14.77652802158273,13.576984318096127
1.0,7.0,7.0,False,1.858035922050476,5.149203948189354,19.699183118895
1.0,3.0,3.0,False,2.3540602326393127,5.439049510945781,15.73522934777098
1.0,32.0,32.0,False,2.178764283657074,23.690022517942754,31.887633688484577
1.0,-1.0,-1.0,False,2.6830013394355774,3.4748812264102913,35.07114864040088
1.0,4.0,4.0,False,1.3143932223320007,37.07385579129372,37.01075098710036
1.0,34.0,34.0,False,2.5154536962509155,17.530484487102434,37.01075098710036
1.0,13.0,13.0,False,3.056999146938324,3.4748812264102913,28.871252700271082
1.0,-28.0,-28.0,False,2.3663907051086426,3.986753464416273,21.15943589444709
1.0,23.0,23.0,False,2.5839467644691467,37.15563965625792,20.7969565329039
1.0,37.0,37.0,False,1.8679865300655365,17.077315748469154,22.435081670385888
1.0,1.0,1.0,True,2.395661950111389,9.95909698835624,25.928765501506795
1.0,19.0,19.0,False,0.7274511456489563,14.410880645801937,7.621418095994033
1.0,23.0,23.0,False,2.383823335170746,27.256999945344457,20.302513789987362
1.0,2.0,2.0,False,3.405226916074753,15.08282846410245,20.302513789987362
1.0,14.0,14.0,False,2.5154536962509155,27.394753562235156,37.01075098710036
1.0,34.0,34.0,False,3.1884137392044067,31.785610443729368,29.424231128483907
1.0,27.0,27.0,False,3.3297743797302246,5.439049510945781,13.430578960059487
1.0,32.0,32.0,False,3.865017354488373,30.002827383956568,31.46527371340696
1.0,-32.0,-32.0,False,2.3540602326393127,16.32309761588124,15.73522934777098
1.0,0.0,0.0,False,4.42664110660553,28.19891574547284,12.189278027854318
1.0,16.0,16.0,False,3.056999146938324,6.809568631910376,28.871252700271082
1.0,31.0,31.0,False,3.3297743797302246,5.439049510945781,31.46527371340696
1.0,20.0,20.0,False,2.0063238739967346,34.25394407242627,17.521553608365615
1.0,-1.0,-1.0,False,1.8889251947402954,28.19891574547284,22.547213397853888
1.0,-1.0,-1.0,False,3.791217565536499,3.4748812264102913,22.09940961679218
1.0,-26.0,-26.0,False,1.8889251947402954,34.53352871794151,22.547213397853888
1.0,33.0,33.0,False,3.00857812166214,25.823914541825157,29.424231128483907
1.0,29.0,29.0,False,2.707396298646927,34.65647476715041,20.302513789987362
1.0,32.0,32.0,False,2.5483654737472534,4.18081689709834,23.847889152220613
1.0,-2.0,-2.0,False,2.0063238739967346,34.25394407242627,9.926801044390613
1.0,-28.0,-28.0,False,2.3663907051086426,3.986753464416273,35.07114864040088
1.0,1.0,1.0,True,3.3297743797302246,5.439049510945781,33.94761037829804
1.0,36.0,36.0,False,2.0063238739967346,34.25394407242627,28.820114552828112
1.0,9.0,9.0,False,2.0063238739967346,34.25394407242627,35.26096499461379
1.0,36.0,36.0,False,1.749110221862793,30.799348651513444,27.980900517356602
1.0,1.0,1.0,True,2.573677182197571,24.622174425237485,20.398544398903937
1.0,-1.0,-1.0,False,4.089699149131775,3.4748812264102913,36.2216088497233
1.0,6.0,6.0,False,3.1884137392044067,31.785610443729368,36.747926523790596
1.0,27.0,27.0,False,1.5438791513442993,28.081788432777067,29.457866855652732
1.0,-7.0,-7.0,False,1.6398950219154358,35.26689803462821,13.576984318096127
1.0,-25.0,-25.0,False,3.5062811970710754,34.53352871794151,12.189278027854318
1.0,-6.0,-6.0,False,2.573677182197571,20.4485028714534,20.398544398903937
1.0,27.0,27.0,False,4.14567768573761,28.19891574547284,36.44429562571878
1.0,-20.0,-20.0,False,1.3143932223320007,37.07385579129372,25.711874356815642
1.0,-5.0,-5.0,False,1.3801270127296448,27.256999945344457,5.843127538811253
1.0,27.0,27.0,False,1.5438791513442993,27.256999945344457,29.457866855652732
1.0,4.0,4.0,False,1.4554450511932373,17.802524517285114,28.230513764130823
1.0,-30.0,-30.0,False,1.3143932223320007,37.07385579129372,28.230513764130823
1.0,0.0,0.0,False,2.5839467644691467,27.394753562235156,20.7969565329039
1.0,1.0,1.0,True,4.038053870201111,28.081788432777067,36.747926523790596
1.0,-38.0,-38.0,False,3.108560085296631,16.32309761588124,21.15943589444709
1.0,-26.0,-26.0,False,1.5022268295288086,19.64727804050576,12.189278027854318
1.0,35.0,35.0,False,2.648109197616577,34.07222420013962,19.699183118895
1.0,-4.0,-4.0,False,2.383823335170746,27.256999945344457,36.2216088497233
1.0,-21.0,-21.0,False,2.7249364256858826,22.148112321246053,12.189278027854318
1.0,-1.0,-1.0,False,2.690415620803833,27.394753562235156,17.521553608365615
1.0,-26.0,-26.0,False,2.395661950111389,14.573930960916634,25.928765501506795
1.0,3.0,3.0,False,4.222649335861206,18.691830034544054,33.10424276686881
1.0,29.0,29.0,False,2.648109197616577,34.07222420013962,36.44429562571878
1.0,36.0,36.0,False,2.178764283657074,23.690022517942754,27.31265510148413
1.0,-24.0,-24.0,False,4.018570363521576,20.844948798482978,21.15943589444709
1.0,36.0,36.0,False,3.6008089371025562,6.809568631910376,31.46527371340696
1.0,29.0,29.0,False,2.178764283657074,23.690022517942754,2.118246904356275
1.0,7.0,7.0,False,1.3852925300598145,34.7442427469698,36.59222992721464
1.0,33.0,33.0,False,2.0063238739967346,34.25394407242627,12.053709790278342
1.0,37.0,37.0,False,2.648109197616577,34.07222420013962,27.31265510148413
1.0,39.0,39.0,False,3.9864962995052338,24.622174425237485,24.021609591281702
1.0,-31.0,-31.0,False,1.3143932223320007,37.07385579129372,22.547213397853888
1.0,-22.0,-22.0,False,1.8709640800952911,20.844948798482978,3.936826618077151
1.0,33.0,33.0,False,2.383823335170746,27.256999945344457,22.435081670385888
1.0,1.0,1.0,True,1.8709640800952911,3.4748812264102913,3.936826618077151
1.0,32.0,32.0,False,3.6008089371025562,6.809568631910376,13.430578960059487
1.0,-16.0,-16.0,False,2.9130491614341736,16.32309761588124,19.417583798644788
1.0,-2.0,-2.0,False,2.6830013394355774,12.43029518967681,35.07114864040088
1.0,7.0,7.0,False,2.2051366567611694,27.69895308957183,36.59222992721464
1.0,-4.0,-4.0,False,1.5075828433036804,16.789811292931745,36.2216088497233
1.0,34.0,34.0,False,1.8619826138019562,9.751103656611013,13.576984318096127
1.0,-31.0,-31.0,False,1.837521255016327,22.719107413858364,20.398544398903937
1.0,4.0,4.0,False,2.0506393909454346,22.066554855897035,15.113903798926765
2.0,2.0,2.0,True,2.8450576663017273,17.530484487102434,13.788755418854036
2.0,30.0,30.0,False,2.7670029997825623,14.410880645801937,7.86545359531221
2.0,6.0,6.0,False,1.3557932376861572,20.578045496573417,28.09628398190077
2.0,14.0,14.0,False,2.373960256576538,22.148112321246053,23.513896404619913
2.0,-28.0,-28.0,False,2.8450576663017273,9.167370393501105,13.788755418854036
2.0,36.0,36.0,False,2.0506393909454346,22.066554855897035,22.4662837557135
2.0,4.0,4.0,False,2.0063238739967346,34.25394407242627,35.16625861221939
2.0,3.0,3.0,False,1.749110221862793,30.799348651513444,21.120398409618556
2.0,3.0,3.0,False,2.178764283657074,23.690022517942754,28.405896007317136
2.0,5.0,5.0,False,1.749110221862793,30.799348651513444,13.788755418854036
2.0,33.0,33.0,False,2.383823335170746,27.256999945344457,22.4662837557135
2.0,-3.0,-3.0,False,1.7012319564819336,4.18081689709834,15.011866961622792
2.0,6.0,6.0,False,3.734430193901062,24.622174425237485,28.405896007317136
2.0,30.0,30.0,False,2.341552197933197,17.530484487102434,30.005481727774683
2.0,28.0,28.0,False,2.5843726992607117,20.4485028714534,17.669207168348212
2.0,12.0,12.0,False,1.8084846138954163,9.751103656611013,2.300025906624223
2.0,2.0,2.0,True,2.0506393909454346,22.066554855897035,9.551735996821652
2.0,4.0,4.0,False,2.373960256576538,20.24140578261897,23.513896404619913
2.0,29.0,29.0,False,4.317057907581329,3.4748812264102913,26.90104522163439
2.0,2.0,2.0,True,2.22684970498085,9.167370393501105,10.669918299811775
2.0,36.0,36.0,False,2.648109197616577,34.07222420013962,24.2598527378981
2.0,-20.0,-20.0,False,3.6754541397094727,20.844948798482978,35.74599355642529
2.0,-26.0,-26.0,False,2.3663907051086426,3.986753464416273,7.518614303366388
2.0,27.0,27.0,False,3.3297743797302246,5.439049510945781,26.90104522163439
2.0,33.0,33.0,False,2.648109197616577,34.07222420013962,17.669207168348212
2.0,31.0,31.0,False,2.5843726992607117,20.4485028714534,35.66526580151034
2.0,37.0,37.0,False,1.8679865300655365,17.077315748469154,18.898322847419887
2.0,33.0,33.0,False,3.00857812166214,25.823914541825157,7.86545359531221
2.0,5.0,5.0,False,2.8581967651844025,20.578045496573417,29.411686701783356
2.0,2.0,2.0,True,3.00857812166214,25.823914541825157,7.518614303366388
2.0,37.0,37.0,False,1.749110221862793,30.799348651513444,22.737277151801447
2.0,36.0,36.0,False,3.00857812166214,25.823914541825157,29.585186372846536
2.0,11.0,11.0,False,3.213452398777008,15.08282846410245,34.49676769428927
2.0,10.0,10.0,False,2.5483654737472534,4.18081689709834,9.253918822872949
2.0,-27.0,-27.0,False,2.425425499677658,12.247694304545158,35.16625861221939
2.0,2.0,2.0,True,2.774242341518402,12.43029518967681,18.415160012504177
2.0,-39.0,-39.0,False,1.6398950219154358,35.26689803462821,7.518614303366388
2.0,17.0,17.0,False,2.0506393909454346,22.066554855897035,16.72370352402934
2.0,33.0,33.0,False,2.455235004425049,28.19891574547284,18.132674913981468
2.0,16.0,16.0,False,2.0995420664548874,16.333174425766405,17.36037801322203
2.0,37.0,37.0,False,1.8619826138019562,9.751103656611013,18.898322847419887
2.0,5.0,5.0,False,2.0926946103572845,18.691830034544054,14.052947194792242
2.0,4.0,4.0,False,2.425425499677658,12.247694304545158,18.898322847419887
2.0,1.0,1.0,False,2.425425499677658,12.247694304545158,17.669207168348212
2.0,32.0,32.0,False,4.317057907581329,18.691830034544054,26.90104522163439
2.0,3.0,3.0,False,3.747793883085251,20.578045496573417,30.93736111388195
2.0,4.0,4.0,False,2.0926946103572845,31.635880479541267,14.052947194792242
2.0,5.0,5.0,False,2.8581967651844025,6.809568631910376,29.411686701783356
2.0,31.0,31.0,False,2.3121227025985718,17.802524517285114,26.90104522163439
2.0,3.0,3.0,False,3.3473904728889465,20.24140578261897,18.898322847419887
2.0,0.0,0.0,False,1.5075828433036804,16.789811292931745,35.74599355642529
2.0,37.0,37.0,False,3.312854290008545,31.635880479541267,16.52915459605107
2.0,7.0,7.0,False,2.929682970046997,14.573930960916634,29.585186372846536
2.0,-5.0,-5.0,False,3.8955968618392944,25.56340140919565,17.669207168348212
2.0,4.0,4.0,False,1.3143932223320007,37.07385579129372,22.4662837557135
2.0,-21.0,-21.0,False,1.8084846138954163,19.746891018462108,2.300025906624223
2.0,-12.0,-12.0,False,1.7012319564819336,16.333174425766405,15.011866961622792
2.0,37.0,37.0,False,2.373960256576538,34.07222420013962,23.513896404619913
2.0,-37.0,-37.0,False,1.6398950219154358,35.26689803462821,35.74599355642529
2.0,10.0,10.0,False,3.2217567563056946,28.19891574547284,9.253918822872949
2.0,36.0,36.0,False,3.91225665807724,37.15563965625792,16.52915459605107
2.0,-9.0,-9.0,False,2.0926946103572845,16.333174425766405,14.052947194792242
2.0,-1.0,-1.0,False,1.1229265928268433,34.7442427469698,31.207261057327592
2.0,3.0,3.0,False,1.3143932223320007,37.07385579129372,29.585186372846536
2.0,37.0,37.0,False,2.22684970498085,6.809568631910376,10.669918299811775
2.0,-1.0,-1.0,False,3.108560085296631,16.32309761588124,22.4662837557135
2.0,0.0,0.0,False,1.3143932223320007,37.07385579129372,30.005481727774683
2.0,4.0,4.0,False,2.707396298646927,34.65647476715041,13.764056563465417
2.0,-1.0,-1.0,False,1.1229265928268433,22.719107413858364,31.207261057327592
2.0,26.0,26.0,False,1.1229265928268433,16.789811292931745,31.207261057327592
2.0,22.0,22.0,False,2.0995420664548874,16.333174425766405,30.855738821078003
2.0,5.0,5.0,False,1.5022268295288086,19.64727804050576,17.669207168348212
2.0,-25.0,-25.0,False,1.858035922050476,5.149203948189354,18.415160012504177
2.0,34.0,34.0,False,3.00857812166214,25.823914541825157,32.49296875234801
2.0,35.0,35.0,False,3.6849807500839233,37.15563965625792,12.655523284016555
2.0,-29.0,-29.0,False,3.234973907470703,19.746891018462108,35.74599355642529
2.0,-10.0,-10.0,False,2.690415620803833,27.394753562235156,9.253918822872949
2.0,33.0,33.0,False,2.774242341518402,12.43029518967681,12.655523284016555
2.0,5.0,5.0,False,2.0926946103572845,20.578045496573417,14.052947194792242
2.0,12.0,12.0,False,2.5843726992607117,20.4485028714534,16.72370352402934
2.0,35.0,35.0,False,2.0063238739967346,34.25394407242627,22.4662837557135
2.0,36.0,36.0,False,1.8619826138019562,9.751103656611013,18.132674913981468
2.0,-38.0,-38.0,False,1.6398950219154358,35.26689803462821,21.120398409618556
2.0,36.0,36.0,False,1.8679865300655365,17.077315748469154,18.132674913981468
2.0,38.0,38.0,False,2.455235004425049,34.65647476715041,18.132674913981468
2.0,26.0,26.0,False,2.387457937002182,14.77652802158273,17.36037801322203
2.0,-1.0,-1.0,False,2.0063238739967346,34.25394407242627,34.77469796077666
2.0,5.0,5.0,False,1.3557932376861572,24.622174425237485,28.09628398190077
2.0,6.0,6.0,False,2.5621561408042908,25.823914541825157,35.16625861221939
2.0,-37.0,-37.0,False,3.5645443201065063,25.56340140919565,13.764056563465417
2.0,1.0,1.0,False,2.0063238739967346,34.25394407242627,21.120398409618556
2.0,4.0,4.0,False,2.0926946103572845,31.785610443729368,14.052947194792242
2.0,13.0,13.0,False,2.373960256576538,15.08282846410245,23.513896404619913
2.0,29.0,29.0,False,3.239229142665863,28.081788432777067,7.86545359531221
2.0,1.0,1.0,False,1.7012319564819336,17.802524517285114,15.011866961622792
2.0,-4.0,-4.0,False,3.3473904728889465,20.24140578261897,26.90104522163439
2.0,-19.0,-19.0,False,2.5621561408042908,15.08282846410245,35.16625861221939
2.0,1.0,1.0,False,3.048538565635681,13.686421391041709,34.49676769428927
3.0,6.0,6.0,False,3.00857812166214,25.823914541825157,27.846387967249374
3.0,-30.0,-30.0,False,1.9486613273620605,9.167370393501105,8.149527340622235
3.0,-10.0,-10.0,False,1.3852925300598145,34.7442427469698,21.92983370556557
3.0,2.0,2.0,False,2.0506393909454346,22.066554855897035,32.88836237357804
3.0,8.0,8.0,False,1.7072398364543915,3.986753464416273,36.10851299688132
3.0,-3.0,-3.0,False,2.5843726992607117,20.4485028714534,28.275316153326326
3.0,-2.0,-2.0,False,2.383823335170746,27.256999945344457,11.786489803841393
3.0,7.0,7.0,False,2.301563858985901,37.15563965625792,27.6320844861204
3.0,-31.0,-31.0,False,2.441510796546936,13.686421391041709,20.637872551386337
3.0,-23.0,-23.0,False,2.690415620803833,27.394753562235156,33.01674350156386
3.0,4.0,4.0,False,2.9247633814811707,31.635880479541267,11.78669612890189
3.0,-10.0,-10.0,False,2.0995420664548874,16.333174425766405,30.487179484917206
3.0,-22.0,-22.0,False,3.0525527596473694,15.08282846410245,32.88836237357804
3.0,-29.0,-29.0,False,1.5022268295288086,19.64727804050576,33.01674350156386
3.0,-6.0,-6.0,False,1.7427961230278015,16.32309761588124,36.27695341733046
3.0,-21.0,-21.0,False,2.4671566486358643,20.844948798482978,10.196249966253701
3.0,-35.0,-35.0,False,3.108560085296631,16.32309761588124,15.853282370783516
3.0,-28.0,-28.0,False,2.2051366567611694,27.69895308957183,15.853282370783516
3.0,-1.0,-1.0,False,2.0506393909454346,22.066554855897035,33.01674350156386
3.0,1.0,1.0,False,5.067705571651459,28.081788432777067,19.123381028807678
3.0,29.0,29.0,False,2.004445254802704,4.18081689709834,10.048651222325285
3.0,6.0,6.0,False,1.8619826138019562,9.751103656611013,27.846387967249374
3.0,-21.0,-21.0,False,2.4096118807792664,15.08282846410245,22.166146504123923
3.0,15.0,15.0,False,2.5843726992607117,20.4485028714534,10.813715166373807
3.0,-30.0,-30.0,False,3.289096474647522,9.167370393501105,28.275316153326326
3.0,-31.0,-31.0,False,3.108560085296631,16.32309761588124,34.52278214277409
3.0,1.0,1.0,False,2.774242341518402,12.43029518967681,32.88836237357804
3.0,-3.0,-3.0,False,2.7249364256858826,22.148112321246053,20.25706914265349
3.0,5.0,5.0,False,2.178764283657074,23.690022517942754,27.6320844861204
3.0,31.0,31.0,False,3.065642148256302,3.4748812264102913,24.736877738909886
3.0,5.0,5.0,False,2.301563858985901,9.95909698835624,27.6320844861204
3.0,-27.0,-27.0,False,1.5022268295288086,19.64727804050576,31.36261801304057
3.0,2.0,2.0,False,1.9486613273620605,3.4748812264102913,8.149527340622235
3.0,7.0,7.0,False,1.5022268295288086,19.64727804050576,28.12699896596327
3.0,36.0,36.0,False,1.749110221862793,30.799348651513444,19.358746411430424
3.0,2.0,2.0,False,1.5075828433036804,16.789811292931745,27.846387967249374
3.0,-4.0,-4.0,False,2.5843726992607117,20.4485028714534,30.487179484917206
3.0,-23.0,-23.0,False,3.9419828355312347,20.844948798482978,15.331645627365884
3.0,2.0,2.0,False,2.0506393909454346,22.066554855897035,35.41173665159455
3.0,19.0,19.0,False,2.736549973487854,9.95909698835624,10.813715166373807
3.0,19.0,19.0,False,1.9722947478294373,9.95909698835624,21.92983370556557
3.0,32.0,32.0,False,2.472829043865204,28.081788432777067,19.358746411430424
3.0,35.0,35.0,False,2.680837869644165,31.635880479541267,26.30817948704097
3.0,23.0,23.0,False,3.22542142868042,18.691830034544054,20.25706914265349
3.0,-2.0,-2.0,False,1.9674647152423859,16.32309761588124,28.12699896596327
3.0,0.0,0.0,False,2.9247633814811707,28.19891574547284,11.78669612890189
3.0,-27.0,-27.0,False,2.2051366567611694,27.69895308957183,22.166146504123923
3.0,11.0,11.0,False,1.7072398364543915,15.08282846410245,36.10851299688132
3.0,-20.0,-20.0,False,2.4671566486358643,27.394753562235156,10.196249966253701
3.0,-30.0,-30.0,False,1.3143932223320007,37.07385579129372,35.41173665159455
3.0,0.0,0.0,False,2.5483654737472534,4.18081689709834,28.275316153326326
3.0,-21.0,-21.0,False,3.927818477153778,20.844948798482978,35.41173665159455
3.0,33.0,33.0,False,1.8711960315704346,31.635880479541267,19.14299251939613
3.0,0.0,0.0,False,3.927818477153778,17.530484487102434,35.41173665159455
3.0,4.0,4.0,False,3.176116406917572,6.809568631910376,11.786489803841393
3.0,-18.0,-18.0,False,3.22542142868042,25.56340140919565,20.25706914265349
3.0,29.0,29.0,False,1.7427961230278015,28.19891574547284,36.27695341733046
3.0,-32.0,-32.0,False,4.478106677532196,4.232620607788117,31.36261801304057
3.0,14.0,14.0,False,3.3297743797302246,5.439049510945781,12.582187389884167
3.0,22.0,22.0,False,2.3121227025985718,17.802524517285114,20.25706914265349
3.0,-2.0,-2.0,False,2.7670029997825623,14.410880645801937,15.331645627365884
3.0,7.0,7.0,False,1.8711960315704346,15.08282846410245,19.14299251939613
3.0,0.0,0.0,False,2.387457937002182,14.77652802158273,30.487179484917206
3.0,0.0,0.0,False,2.7670029997825623,14.410880645801937,35.41173665159455
3.0,5.0,5.0,False,2.0063238739967346,34.25394407242627,34.52278214277409
3.0,2.0,2.0,False,2.5483654737472534,4.18081689709834,19.123381028807678
3.0,15.0,15.0,False,2.178764283657074,23.690022517942754,12.582187389884167
3.0,-37.0,-37.0,False,4.478106677532196,25.56340140919565,31.36261801304057
4.0,3.0,3.0,False,3.865017354488373,30.002827383956568,28.888124744587525
4.0,28.0,28.0,False,2.5843726992607117,20.4485028714534,7.508855296743415
4.0,-26.0,-26.0,False,1.837521255016327,22.719107413858364,28.888124744587525
4.0,9.0,9.0,False,2.707396298646927,34.65647476715041,12.131285149406914
4.0,5.0,5.0,False,3.00857812166214,25.823914541825157,29.226798106826713
4.0,-7.0,-7.0,False,1.9803079962730408,15.08282846410245,19.749092274340114
4.0,-16.0,-16.0,False,2.690415620803833,27.394753562235156,12.131285149406914
4.0,-18.0,-18.0,False,2.4585160613059998,13.686421391041709,35.703247497482
4.0,26.0,26.0,False,3.408875048160553,30.002827383956568,22.33881004517965
4.0,-7.0,-7.0,False,2.3660274296998978,20.844948798482978,26.802857983915764
4.0,31.0,31.0,False,3.403449207544327,17.530484487102434,33.3359490004118
4.0,-21.0,-21.0,False,1.3143932223320007,37.07385579129372,5.852411959709841
4.0,-28.0,-28.0,False,3.048538565635681,13.686421391041709,12.131285149406914
4.0,-33.0,-33.0,False,4.859347999095917,25.56340140919565,14.04766198521934
4.0,11.0,11.0,False,2.5843726992607117,20.4485028714534,36.63147156340367
4.0,-26.0,-26.0,False,3.234973907470703,19.746891018462108,10.904011625111597
4.0,-26.0,-26.0,False,1.858035922050476,5.149203948189354,15.603744606384454
4.0,-32.0,-32.0,False,3.223828673362732,4.232620607788117,25.517060967689282
4.0,-26.0,-26.0,False,1.3852925300598145,34.7442427469698,29.12443476443621
4.0,-21.0,-21.0,False,2.195062220096588,20.844948798482978,17.73005826735026
4.0,4.0,4.0,True,2.648109197616577,34.07222420013962,28.888124744587525
4.0,-23.0,-23.0,False,1.8505994081497192,34.53352871794151,35.689739698153936
4.0,28.0,28.0,False,2.5843726992607117,20.4485028714534,33.89543053767319
4.0,11.0,11.0,False,2.4585160613059998,20.4485028714534,35.703247497482
4.0,17.0,17.0,False,2.6294466853141785,28.081788432777067,20.12425258978239
4.0,10.0,10.0,False,2.178764283657074,23.690022517942754,14.33853925748122
4.0,33.0,33.0,False,2.3121227025985718,17.802524517285114,22.904853892748246
4.0,1.0,1.0,False,1.5075828433036804,16.789811292931745,29.226798106826713
4.0,-12.0,-12.0,False,1.858035922050476,5.149203948189354,36.63147156340367
4.0,31.0,31.0,False,3.628717824816704,24.622174425237485,20.46966476143556
4.0,24.0,24.0,False,2.383823335170746,27.256999945344457,22.33881004517965
4.0,6.0,6.0,False,2.5843726992607117,20.4485028714534,14.33853925748122
4.0,1.0,1.0,False,1.837521255016327,22.719107413858364,25.057769633394035
4.0,-10.0,-10.0,False,1.6956082582473755,13.686421391041709,14.975762717513003
4.0,-30.0,-30.0,False,1.3852925300598145,34.7442427469698,37.14325725004562
4.0,4.0,4.0,True,1.6680477857589722,9.95909698835624,33.15053373168917
4.0,-12.0,-12.0,False,3.0096216797828674,20.844948798482978,14.33853925748122
4.0,34.0,34.0,False,3.00857812166214,25.823914541825157,34.605738601640034
4.0,25.0,25.0,False,3.3297743797302246,5.439049510945781,22.33881004517965
4.0,-22.0,-22.0,False,2.614243507385254,27.394753562235156,16.806371883746216
4.0,-2.0,-2.0,False,2.614243507385254,14.410880645801937,16.806371883746216
4.0,31.0,31.0,False,2.90323942899704,17.530484487102434,33.89543053767319
4.0,-25.0,-25.0,False,3.5062811970710754,34.53352871794151,17.71371051902643
4.0,6.0,6.0,False,1.8505994081497192,17.802524517285114,35.689739698153936
4.0,34.0,34.0,False,1.749110221862793,30.799348651513444,7.508855296743415
4.0,-24.0,-24.0,False,2.929682970046997,14.573930960916634,29.12443476443621
4.0,-22.0,-22.0,False,1.6680477857589722,34.53352871794151,33.15053373168917
4.0,6.0,6.0,False,4.464353382587433,3.4748812264102913,10.904011625111597
4.0,32.0,32.0,False,2.1053768396377563,25.823914541825157,25.057769633394035
4.0,32.0,32.0,False,2.0063238739967346,34.25394407242627,34.605738601640034
4.0,2.0,2.0,False,2.614243507385254,31.635880479541267,16.806371883746216
4.0,-30.0,-30.0,False,3.4290948808193207,9.167370393501105,17.71371051902643
4.0,7.0,7.0,False,4.710169076919556,24.622174425237485,14.04766198521934
4.0,-11.0,-11.0,False,2.3660274296998978,34.53352871794151,26.802857983915764
4.0,34.0,34.0,False,3.925582468509674,18.691830034544054,22.904853892748246
4.0,-24.0,-24.0,False,1.5022268295288086,19.64727804050576,29.12443476443621
4.0,-35.0,-35.0,False,1.6398950219154358,35.26689803462821,14.04766198521934
4.0,-8.0,-8.0,False,1.5022268295288086,19.64727804050576,20.12425258978239
4.0,3.0,3.0,False,1.749110221862793,30.799348651513444,17.71371051902643
4.0,31.0,31.0,False,3.925582468509674,3.4748812264102913,22.904853892748246
4.0,3.0,3.0,False,1.5075828433036804,16.789811292931745,10.904011625111597
4.0,18.0,18.0,False,2.6294466853141785,5.439049510945781,20.12425258978239
4.0,9.0,9.0,False,1.5413188338279724,28.19891574547284,5.852411959709841
4.0,16.0,16.0,False,1.9803079962730408,12.43029518967681,19.749092274340114
4.0,21.0,21.0,False,2.6294466853141785,25.823914541825157,20.12425258978239
4.0,3.0,3.0,False,1.8505994081497192,14.77652802158273,35.689739698153936
1.0,5.0,5.0,False,3.6849807500839233,13.430578960059487,12.655523284016555
1.0,-32.0,-32.0,False,4.025909662246704,9.053138053971539,7.518614303366388
1.0,2.0,2.0,False,3.213452398777008,13.576984318096127,34.49676769428927
1.0,6.0,6.0,False,4.26789528131485,13.430578960059487,29.585186372846536
1.0,2.0,2.0,False,3.539998710155487,18.97057614028204,34.77469796077666
1.0,36.0,36.0,False,2.9116517305374146,33.10424276686881,24.2598527378981
1.0,-1.0,-1.0,False,1.8709640800952911,3.936826618077151,30.93736111388195
1.0,-37.0,-37.0,False,2.4045203030109406,36.59222992721464,30.93736111388195
1.0,3.0,3.0,False,3.676072418689728,9.053138053971539,35.66526580151034
1.0,0.0,0.0,False,3.216308355331421,27.71515311350088,34.77469796077666
1.0,-3.0,-3.0,False,2.5154536962509155,37.01075098710036,30.855738821078003
1.0,-35.0,-35.0,False,2.271180808544159,28.820114552828112,21.120398409618556
1.0,1.0,1.0,True,1.3557932376861572,12.189278027854318,28.09628398190077
1.0,-2.0,-2.0,False,3.457504391670227,36.747926523790596,21.120398409618556
1.0,-31.0,-31.0,False,2.8581967651844025,31.887633688484577,29.411686701783356
1.0,-30.0,-30.0,False,3.6754541397094727,9.053138053971539,35.74599355642529
1.0,36.0,36.0,False,2.6830013394355774,35.07114864040088,34.49676769428927
1.0,-9.0,-9.0,False,0.7274511456489563,7.621418095994033,9.253918822872949
1.0,3.0,3.0,False,3.239229142665863,36.44429562571878,7.86545359531221
1.0,-6.0,-6.0,False,3.5959410071372986,9.053138053971539,17.36037801322203
1.0,-1.0,-1.0,False,0.7274511456489563,7.621418095994033,20.453506967403538
1.0,34.0,34.0,False,3.216308355331421,27.71515311350088,12.655523284016555
1.0,35.0,35.0,False,2.22684970498085,20.398544398903937,10.669918299811775
1.0,34.0,34.0,False,2.395661950111389,25.928765501506795,35.66526580151034
1.0,25.0,25.0,False,2.167701482772827,25.711874356815642,23.513896404619913
1.0,-31.0,-31.0,False,2.084552079439163,31.887633688484577,9.551735996821652
1.0,20.0,20.0,False,1.6035115122795105,9.960024132833391,20.453506967403538
1.0,15.0,15.0,False,2.9015108942985535,17.521553608365615,24.2598527378981
1.0,-18.0,-18.0,False,3.2012898921966553,19.699183118895,16.72370352402934
1.0,31.0,31.0,False,1.5039940923452377,30.737366740654203,17.669207168348212
1.0,-25.0,-25.0,False,3.905224323272705,20.302513789987362,28.87571444597735
1.0,-4.0,-4.0,False,2.5154536962509155,37.01075098710036,7.86545359531221
1.0,-29.0,-29.0,False,1.3557932376861572,29.424231128483907,28.09628398190077
1.0,-2.0,-2.0,False,1.7014203071594238,15.645875946813154,7.86545359531221
1.0,25.0,25.0,False,1.1229265928268433,15.113903798926765,31.207261057327592
1.0,-33.0,-33.0,False,3.539998710155487,31.46527371340696,34.77469796077666
1.0,34.0,34.0,False,3.3175649642944336,12.189278027854318,22.4662837557135
1.0,2.0,2.0,False,2.084552079439163,33.10424276686881,9.551735996821652
1.0,6.0,6.0,False,2.9015108942985535,17.521553608365615,17.36037801322203
1.0,-38.0,-38.0,False,2.3305991291999817,36.59222992721464,31.48620818222766
1.0,5.0,5.0,False,2.8450576663017273,9.926801044390613,13.788755418854036
1.0,30.0,30.0,False,2.22684970498085,15.113903798926765,10.669918299811775
1.0,-9.0,-9.0,False,4.916174530982971,20.302513789987362,16.72370352402934
1.0,36.0,36.0,False,2.2696070671081543,27.71515311350088,22.737277151801447
1.0,37.0,37.0,False,3.148002028465271,21.15943589444709,19.27783657630555
1.0,-30.0,-30.0,False,3.9678358137607574,29.424231128483907,28.918086631789187
1.0,1.0,1.0,True,1.5039940923452377,30.737366740654203,18.415160012504177
1.0,30.0,30.0,False,3.239229142665863,12.189278027854318,7.86545359531221
1.0,1.0,1.0,True,1.8889251947402954,22.547213397853888,9.551735996821652
1.0,-2.0,-2.0,False,1.7012319564819336,22.547213397853888,15.011866961622792
1.0,35.0,35.0,False,2.373960256576538,25.928765501506795,23.513896404619913
1.0,15.0,15.0,False,0.7274511456489563,7.621418095994033,18.898322847419887
1.0,5.0,5.0,False,1.5438791513442993,29.457866855652732,16.52915459605107
1.0,6.0,6.0,False,2.5621561408042908,20.398544398903937,35.16625861221939
1.0,-3.0,-3.0,False,2.5154536962509155,37.01075098710036,32.49296875234801
1.0,-30.0,-30.0,False,3.6754541397094727,31.887633688484577,35.74599355642529
1.0,30.0,30.0,False,1.1229265928268433,18.52892972112563,31.207261057327592
1.0,12.0,12.0,False,1.8084846138954163,9.926801044390613,2.300025906624223
1.0,-23.0,-23.0,False,2.3305991291999817,20.7969565329039,31.48620818222766
1.0,1.0,1.0,True,3.6849807500839233,9.053138053971539,12.655523284016555
1.0,-6.0,-6.0,False,2.3305991291999817,15.73522934777098,31.48620818222766
1.0,19.0,19.0,False,3.056999146938324,28.871252700271082,7.86545359531221
1.0,-24.0,-24.0,False,3.457504391670227,20.302513789987362,21.120398409618556
1.0,10.0,10.0,False,1.6035115122795105,35.26096499461379,20.453506967403538
1.0,31.0,31.0,False,3.8955968618392944,12.189278027854318,17.669207168348212
1.0,6.0,6.0,False,2.9130491614341736,19.417583798644788,17.36037801322203
1.0,2.0,2.0,False,3.2328914403915405,23.847889152220613,18.898322847419887
1.0,32.0,32.0,False,2.970879375934601,15.113903798926765,18.898322847419887
1.0,-28.0,-28.0,False,1.5438791513442993,29.457866855652732,29.411686701783356
1.0,35.0,35.0,False,2.22684970498085,9.926801044390613,10.669918299811775
1.0,-22.0,-22.0,False,1.7012319564819336,19.417583798644788,15.011866961622792
1.0,33.0,33.0,False,1.5039940923452377,30.737366740654203,18.132674913981468
1.0,34.0,34.0,False,3.5834232568740845,18.52892972112563,32.49296875234801
1.0,17.0,17.0,False,1.6035115122795105,33.94761037829804,20.453506967403538
1.0,-10.0,-10.0,False,2.4045203030109406,36.59222992721464,17.36037801322203
1.0,1.0,1.0,True,3.539998710155487,21.15943589444709,34.77469796077666
1.0,30.0,30.0,False,2.341552197933197,25.928765501506795,30.005481727774683
1.0,33.0,33.0,False,3.216308355331421,27.71515311350088,32.49296875234801
1.0,34.0,34.0,False,2.573677182197571,20.398544398903937,32.49296875234801
1.0,-28.0,-28.0,False,3.734430193901062,29.424231128483907,28.405896007317136
1.0,-8.0,-8.0,False,4.317057907581329,27.31265510148413,26.90104522163439
1.0,2.0,2.0,False,2.6830013394355774,35.07114864040088,13.764056563465417
1.0,-19.0,-19.0,False,1.8084846138954163,2.118246904356275,2.300025906624223
1.0,3.0,3.0,False,2.084552079439163,9.926801044390613,9.551735996821652
1.0,-36.0,-36.0,False,2.0926946103572845,35.99533882694877,14.052947194792242
1.0,-3.0,-3.0,False,2.22684970498085,27.31265510148413,10.669918299811775
1.0,-18.0,-18.0,False,4.039536148309708,27.980900517356602,16.72370352402934
1.0,33.0,33.0,False,1.5039940923452377,30.737366740654203,34.49676769428927
1.0,-17.0,-17.0,False,3.2217567563056946,36.44429562571878,9.253918822872949
1.0,2.0,2.0,False,1.8889251947402954,22.547213397853888,18.415160012504177
1.0,30.0,30.0,False,2.22684970498085,12.254609038872585,10.669918299811775
1.0,-26.0,-26.0,False,1.5438791513442993,29.457866855652732,28.405896007317136
1.0,26.0,26.0,False,2.2772083282470703,35.26096499461379,19.27783657630555
1.0,36.0,36.0,False,3.216308355331421,27.71515311350088,22.4662837557135
1.0,4.0,4.0,False,3.6653058528900146,18.97057614028204,28.918086631789187
1.0,1.0,1.0,True,3.6754541397094727,12.189278027854318,35.74599355642529
1.0,1.0,1.0,True,1.4554450511932373,28.230513764130823,35.74599355642529
1.0,3.0,3.0,False,3.6653058528900146,18.97057614028204,7.518614303366388
1.0,1.0,1.0,True,1.8709640800952911,3.936826618077151,9.551735996821652
1.0,3.0,3.0,False,3.791217565536499,22.09940961679218,28.918086631789187
1.0,15.0,15.0,False,2.9015108942985535,17.521553608365615,19.27783657630555
1.0,-1.0,-1.0,False,3.676072418689728,27.31265510148413,35.66526580151034
1.0,-1.0,-1.0,False,2.271180808544159,28.820114552828112,24.2598527378981
1.0,-36.0,-36.0,False,2.4045203030109406,36.59222992721464,13.764056563465417
1.0,29.0,29.0,False,1.1229265928268433,33.10424276686881,31.207261057327592
1.0,0.0,0.0,False,1.4554450511932373,28.230513764130823,28.918086631789187
1.0,-15.0,-15.0,False,1.8084846138954163,20.302513789987362,2.300025906624223
2.0,2.0,2.0,True,2.6830013394355774,35.07114864040088,30.487179484917206
2.0,-31.0,-31.0,False,3.289096474647522,31.887633688484577,28.275316153326326
2.0,-33.0,-33.0,False,3.2328914403915405,23.847889152220613,30.487179484917206
2.0,-28.0,-28.0,False,1.5438791513442993,29.457866855652732,15.853282370783516
2.0,-31.0,-31.0,False,3.0525527596473694,31.887633688484577,32.88836237357804
2.0,-33.0,-33.0,False,2.4096118807792664,37.01075098710036,22.166146504123923
2.0,-35.0,-35.0,False,2.8870811834931374,22.435081670385888,31.36261801304057
2.0,6.0,6.0,False,2.472829043865204,36.44429562571878,19.358746411430424
2.0,-34.0,-34.0,False,2.4096118807792664,24.021609591281702,22.166146504123923
2.0,-25.0,-25.0,False,4.478106677532196,20.302513789987362,31.36261801304057
2.0,4.0,4.0,False,1.5039940923452377,30.737366740654203,27.6320844861204
2.0,-33.0,-33.0,False,3.0525527596473694,27.980900517356602,32.88836237357804
2.0,-34.0,-34.0,False,1.7014203071594238,15.645875946813154,15.331645627365884
2.0,1.0,1.0,False,1.8889251947402954,22.547213397853888,15.853282370783516
2.0,-23.0,-23.0,False,2.441510796546936,20.302513789987362,20.637872551386337
2.0,-2.0,-2.0,False,3.065642148256302,9.053138053971539,24.736877738909886
2.0,2.0,2.0,True,2.6830013394355774,35.07114864040088,11.786489803841393
2.0,-18.0,-18.0,False,2.5839467644691467,20.7969565329039,19.123381028807678
2.0,-1.0,-1.0,False,2.680837869644165,12.053709790278342,26.30817948704097
2.0,36.0,36.0,False,1.9674647152423859,20.398544398903937,28.12699896596327
2.0,21.0,21.0,False,1.9722947478294373,36.2216088497233,21.92983370556557
2.0,2.0,2.0,True,1.7427961230278015,36.44429562571878,36.27695341733046
2.0,36.0,36.0,False,1.7072398364543915,9.926801044390613,36.10851299688132
2.0,0.0,0.0,False,1.5039940923452377,30.737366740654203,28.275316153326326
2.0,-19.0,-19.0,False,0.7274511456489563,7.621418095994033,15.853282370783516
2.0,-33.0,-33.0,False,2.4045203030109406,36.59222992721464,19.123381028807678
2.0,-36.0,-36.0,False,2.271180808544159,28.820114552828112,31.36261801304057
2.0,-4.0,-4.0,False,1.7427961230278015,27.980900517356602,36.27695341733046
2.0,-3.0,-3.0,False,2.3540602326393127,15.73522934777098,10.196249966253701
2.0,-6.0,-6.0,False,1.8711960315704346,36.59222992721464,19.14299251939613
2.0,-35.0,-35.0,False,3.927818477153778,24.021609591281702,35.41173665159455
2.0,1.0,1.0,False,4.0373575091362,33.94761037829804,19.123381028807678
2.0,1.0,1.0,False,1.9674647152423859,23.847889152220613,28.12699896596327
2.0,36.0,36.0,False,1.9674647152423859,36.2216088497233,28.12699896596327
2.0,-20.0,-20.0,False,0.7274511456489563,7.621418095994033,11.786489803841393
2.0,-10.0,-10.0,False,1.9722947478294373,2.118246904356275,21.92983370556557
2.0,1.0,1.0,False,4.222649335861206,33.10424276686881,31.36261801304057
2.0,-28.0,-28.0,False,3.6040279269218445,36.44429562571878,30.487179484917206
2.0,-5.0,-5.0,False,2.9015108942985535,17.521553608365615,12.582187389884167
2.0,1.0,1.0,False,1.7014203071594238,15.645875946813154,28.12699896596327
2.0,10.0,10.0,False,0.7274511456489563,7.621418095994033,10.048651222325285
2.0,3.0,3.0,False,1.9486613273620605,20.398544398903937,8.149527340622235
2.0,10.0,10.0,False,2.004445254802704,19.417583798644788,10.048651222325285
2.0,21.0,21.0,False,3.22542142868042,9.926801044390613,20.25706914265349
2.0,-28.0,-28.0,False,4.338503897190094,13.576984318096127,27.846387967249374
2.0,6.0,6.0,False,4.089699149131775,36.2216088497233,27.846387967249374
2.0,0.0,0.0,False,2.3540602326393127,15.73522934777098,27.846387967249374
2.0,-34.0,-34.0,False,2.441510796546936,27.31265510148413,20.637872551386337
2.0,-33.0,-33.0,False,3.289096474647522,27.980900517356602,28.275316153326326
2.0,-5.0,-5.0,False,1.7427961230278015,22.435081670385888,36.27695341733046
2.0,-28.0,-28.0,False,2.301563858985901,12.053709790278342,27.6320844861204
2.0,5.0,5.0,False,4.222649335861206,33.10424276686881,27.846387967249374
2.0,-27.0,-27.0,False,4.3341662883758545,31.887633688484577,34.52278214277409
2.0,5.0,5.0,False,3.216308355331421,27.71515311350088,27.846387967249374
2.0,-29.0,-29.0,False,4.3341662883758545,31.887633688484577,19.123381028807678
2.0,33.0,33.0,False,3.065642148256302,18.97057614028204,24.736877738909886
2.0,-28.0,-28.0,False,1.7014203071594238,15.645875946813154,15.072690943161623
2.0,-11.0,-11.0,False,1.9486613273620605,28.871252700271082,8.149527340622235
2.0,-16.0,-16.0,False,2.9015108942985535,17.521553608365615,27.846387967249374
2.0,20.0,20.0,False,1.9722947478294373,9.960024132833391,21.92983370556557
2.0,9.0,9.0,False,2.472829043865204,20.302513789987362,19.358746411430424
2.0,-30.0,-30.0,False,2.4096118807792664,9.053138053971539,22.166146504123923
2.0,6.0,6.0,False,2.2772083282470703,35.26096499461379,12.582187389884167
2.0,-11.0,-11.0,False,2.2772083282470703,35.26096499461379,33.01674350156386
2.0,-2.0,-2.0,False,1.9674647152423859,36.59222992721464,28.12699896596327
2.0,0.0,0.0,False,2.6647695302963257,26.54988448410623,15.331645627365884
2.0,-6.0,-6.0,False,2.004445254802704,28.820114552828112,10.048651222325285
2.0,-31.0,-31.0,False,1.9486613273620605,13.576984318096127,8.149527340622235
2.0,33.0,33.0,False,1.5039940923452377,30.737366740654203,19.358746411430424
2.0,-1.0,-1.0,False,1.4554450511932373,28.230513764130823,31.36261801304057
2.0,-3.0,-3.0,False,1.9486613273620605,15.73522934777098,8.149527340622235
2.0,-4.0,-4.0,False,2.2772083282470703,35.26096499461379,15.072690943161623
2.0,3.0,3.0,False,2.4671566486358643,22.09940961679218,10.196249966253701
2.0,17.0,17.0,False,4.004316926002502,36.2216088497233,12.582187389884167
3.0,-34.0,-34.0,False,2.4334650337696075,37.01075098710036,32.413380573167146
3.0,-35.0,-35.0,False,2.8870811834931374,22.435081670385888,25.517060967689282
3.0,2.0,2.0,False,3.4106427431106567,29.424231128483907,11.41396708256019
3.0,-19.0,-19.0,False,2.4585160613059998,19.699183118895,35.703247497482
3.0,-6.0,-6.0,False,1.8505994081497192,35.26096499461379,35.689739698153936
3.0,-24.0,-24.0,False,2.195062220096588,20.302513789987362,17.73005826735026
3.0,-3.0,-3.0,False,1.595455527305603,36.747926523790596,8.636520045292365
3.0,-10.0,-10.0,False,2.167701482772827,25.711874356815642,32.413380573167146
3.0,7.0,7.0,False,2.573677182197571,20.398544398903937,12.131285149406914
3.0,4.0,4.0,False,3.435723662376404,33.10424276686881,29.226798106826713
3.0,33.0,33.0,False,4.040790677070618,33.10424276686881,34.605738601640034
3.0,-28.0,-28.0,False,2.195062220096588,2.118246904356275,17.73005826735026
3.0,-4.0,-4.0,False,2.3540602326393127,15.73522934777098,25.517060967689282
3.0,32.0,32.0,False,2.6830013394355774,35.07114864040088,22.904853892748246
3.0,14.0,14.0,False,2.3660274296998978,25.928765501506795,26.802857983915764
3.0,6.0,6.0,False,3.6653058528900146,18.97057614028204,29.12443476443621
3.0,2.0,2.0,False,1.4554450511932373,28.230513764130823,28.888124744587525
3.0,9.0,9.0,False,1.4554450511932373,28.230513764130823,14.33853925748122
3.0,-17.0,-17.0,False,2.3660274296998978,31.887633688484577,26.802857983915764
3.0,-8.0,-8.0,False,2.2772083282470703,35.26096499461379,17.71371051902643
3.0,-7.0,-7.0,False,3.056999146938324,28.871252700271082,12.131285149406914
3.0,-24.0,-24.0,False,1.5413188338279724,27.980900517356602,5.852411959709841
3.0,3.0,3.0,True,1.8505994081497192,22.547213397853888,35.689739698153936
3.0,-3.0,-3.0,False,1.595455527305603,15.113903798926765,8.636520045292365
3.0,2.0,2.0,False,3.925582468509674,13.430578960059487,22.904853892748246
3.0,3.0,3.0,True,2.530616581439972,18.52892972112563,14.221280386323027
3.0,-9.0,-9.0,False,2.167701482772827,25.711874356815642,19.67828686414218
3.0,-3.0,-3.0,False,3.628717824816704,29.424231128483907,20.46966476143556
3.0,13.0,13.0,False,1.9803079962730408,12.254609038872585,19.749092274340114
3.0,-35.0,-35.0,False,1.595455527305603,22.435081670385888,8.636520045292365
3.0,31.0,31.0,False,2.1053768396377563,9.960024132833391,25.057769633394035
3.0,12.0,12.0,False,2.9015108942985535,17.521553608365615,7.508855296743415
3.0,-28.0,-28.0,False,3.8453725576400757,12.053709790278342,12.131285149406914
3.0,3.0,3.0,True,2.6830013394355774,35.07114864040088,17.71371051902643
3.0,25.0,25.0,False,2.395661950111389,25.928765501506795,22.33881004517965
3.0,-31.0,-31.0,False,3.2012898921966553,19.699183118895,29.12443476443621
3.0,-31.0,-31.0,False,2.271180808544159,28.820114552828112,12.131285149406914
3.0,12.0,12.0,False,0.7274511456489563,7.621418095994033,33.89543053767319
3.0,-12.0,-12.0,False,1.595455527305603,28.871252700271082,8.636520045292365
3.0,-34.0,-34.0,False,2.195062220096588,37.01075098710036,17.73005826735026
3.0,28.0,28.0,False,3.408875048160553,22.09940961679218,22.33881004517965
3.0,16.0,16.0,False,2.3660274296998978,26.54988448410623,26.802857983915764
3.0,15.0,15.0,False,1.9803079962730408,25.928765501506795,19.749092274340114
3.0,-3.0,-3.0,False,2.3540602326393127,15.73522934777098,17.71371051902643
3.0,-1.0,-1.0,False,3.223828673362732,12.189278027854318,25.517060967689282
3.0,0.0,0.0,False,2.614243507385254,9.960024132833391,16.806371883746216
3.0,3.0,3.0,True,2.195062220096588,18.52892972112563,17.73005826735026
3.0,7.0,7.0,False,1.3801270127296448,5.843127538811253,33.15053373168917
3.0,2.0,2.0,False,3.925582468509674,36.44429562571878,22.904853892748246
3.0,-13.0,-13.0,False,2.6294466853141785,13.576984318096127,20.12425258978239
3.0,-1.0,-1.0,False,2.3540602326393127,15.73522934777098,29.226798106826713
3.0,-23.0,-23.0,False,1.5413188338279724,12.053709790278342,5.852411959709841
3.0,-17.0,-17.0,False,2.4585160613059998,31.887633688484577,35.703247497482
3.0,1.0,1.0,False,1.8889251947402954,22.547213397853888,14.221280386323027
3.0,-29.0,-29.0,False,3.8453725576400757,12.053709790278342,14.04766198521934
3.0,20.0,20.0,False,1.6956082582473755,36.747926523790596,14.975762717513003
3.0,-17.0,-17.0,False,0.7274511456489563,7.621418095994033,29.12443476443621
3.0,1.0,1.0,False,2.970879375934601,15.113903798926765,14.04766198521934
3.0,-32.0,-32.0,False,3.223828673362732,9.053138053971539,25.517060967689282
3.0,-35.0,-35.0,False,3.9864962995052338,24.021609591281702,17.71371051902643
3.0,35.0,35.0,False,3.6653058528900146,18.97057614028204,7.508855296743415
3.0,4.0,4.0,False,1.6680477857589722,22.547213397853888,33.15053373168917
3.0,-32.0,-32.0,False,1.7014203071594238,15.645875946813154,17.73005826735026
3.0,-34.0,-34.0,False,2.614243507385254,12.053709790278342,16.806371883746216
3.0,12.0,12.0,False,0.7274511456489563,7.621418095994033,7.508855296743415
3.0,-10.0,-10.0,False,1.6956082582473755,15.645875946813154,14.975762717513003
3.0,2.0,2.0,False,1.5039940923452377,30.737366740654203,29.12443476443621
3.0,4.0,4.0,False,2.2084648609161377,21.15943589444709,19.67828686414218
3.0,32.0,32.0,False,1.8709640800952911,3.936826618077151,7.508855296743415
3.0,3.0,3.0,True,4.0373575091362,33.94761037829804,10.904011625111597
3.0,14.0,14.0,False,1.4554450511932373,28.230513764130823,36.63147156340367
3.0,-17.0,-17.0,False,1.8505994081497192,17.521553608365615,35.689739698153936
3.0,-36.0,-36.0,False,2.2927438616752625,22.435081670385888,37.14325725004562
1.0,0.0,0.0,False,2.8581967651844025,29.411686701783356,15.853282370783516
1.0,29.0,29.0,False,2.0926946103572845,14.052947194792242,24.736877738909886
1.0,36.0,36.0,False,1.7012319564819336,15.011866961622792,28.12699896596327
1.0,1.0,1.0,True,3.734430193901062,28.405896007317136,27.846387967249374
1.0,-25.0,-25.0,False,3.5959410071372986,17.36037801322203,15.853282370783516
1.0,-34.0,-34.0,False,2.4671566486358643,22.4662837557135,10.196249966253701
1.0,-32.0,-32.0,False,3.289096474647522,12.655523284016555,28.275316153326326
1.0,-34.0,-34.0,False,1.9486613273620605,19.27783657630555,8.149527340622235
1.0,15.0,15.0,False,3.905224323272705,28.87571444597735,12.582187389884167
1.0,5.0,5.0,False,2.3305991291999817,31.48620818222766,19.123381028807678
1.0,-9.0,-9.0,False,1.8084846138954163,2.300025906624223,15.853282370783516
1.0,27.0,27.0,False,3.065642148256302,28.405896007317136,24.736877738909886
1.0,17.0,17.0,False,1.3557932376861572,28.09628398190077,10.813715166373807
1.0,-16.0,-16.0,False,3.22542142868042,35.66526580151034,20.25706914265349
1.0,-33.0,-33.0,False,2.441510796546936,22.4662837557135,20.637872551386337
1.0,-34.0,-34.0,False,3.676072418689728,35.66526580151034,35.41173665159455
1.0,-30.0,-30.0,False,3.3175649642944336,22.4662837557135,34.52278214277409
1.0,18.0,18.0,False,2.084552079439163,9.551735996821652,20.25706914265349
1.0,-2.0,-2.0,False,3.0525527596473694,28.405896007317136,32.88836237357804
1.0,-34.0,-34.0,False,3.213452398777008,34.49676769428927,31.36261801304057
1.0,-31.0,-31.0,False,1.9486613273620605,30.855738821078003,8.149527340622235
1.0,-8.0,-8.0,False,1.8084846138954163,2.300025906624223,22.166146504123923
1.0,-8.0,-8.0,False,1.8084846138954163,2.300025906624223,20.637872551386337
1.0,1.0,1.0,True,3.539998710155487,34.77469796077666,30.487179484917206
1.0,-15.0,-15.0,False,1.9722947478294373,18.132674913981468,21.92983370556557
1.0,2.0,2.0,False,2.472829043865204,32.49296875234801,19.358746411430424
1.0,-32.0,-32.0,False,3.239229142665863,7.86545359531221,15.331645627365884
1.0,-2.0,-2.0,False,1.7427961230278015,30.855738821078003,36.27695341733046
1.0,-17.0,-17.0,False,4.004316926002502,30.855738821078003,12.582187389884167
1.0,30.0,30.0,False,1.7427961230278015,7.518614303366388,36.27695341733046
1.0,-5.0,-5.0,False,1.7427961230278015,35.66526580151034,36.27695341733046
1.0,29.0,29.0,False,3.065642148256302,28.918086631789187,24.736877738909886
1.0,-14.0,-14.0,False,2.441510796546936,16.72370352402934,20.637872551386337
1.0,-2.0,-2.0,False,1.8711960315704346,17.669207168348212,19.14299251939613
1.0,-34.0,-34.0,False,2.9116517305374146,24.2598527378981,11.78669612890189
1.0,-25.0,-25.0,False,3.289096474647522,17.36037801322203,28.275316153326326
1.0,34.0,34.0,False,2.472829043865204,13.764056563465417,19.358746411430424
1.0,-5.0,-5.0,False,2.004445254802704,24.2598527378981,10.048651222325285
1.0,-28.0,-28.0,False,2.8930834531784058,17.36037801322203,33.01674350156386
1.0,-33.0,-33.0,False,2.455235004425049,18.132674913981468,15.853282370783516
1.0,-5.0,-5.0,False,1.8711960315704346,35.66526580151034,19.14299251939613
1.0,1.0,1.0,True,2.4671566486358643,13.764056563465417,10.196249966253701
1.0,2.0,2.0,False,2.8581967651844025,29.411686701783356,19.123381028807678
1.0,3.0,3.0,False,4.916174530982971,16.72370352402934,10.813715166373807
1.0,-26.0,-26.0,False,3.5959410071372986,17.36037801322203,31.36261801304057
1.0,4.0,4.0,False,2.301563858985901,21.120398409618556,27.6320844861204
1.0,-27.0,-27.0,False,3.927818477153778,26.90104522163439,35.41173665159455
1.0,4.0,4.0,False,2.8581967651844025,29.411686701783356,34.52278214277409
1.0,33.0,33.0,False,1.9674647152423859,14.052947194792242,28.12699896596327
1.0,-35.0,-35.0,False,2.455235004425049,18.132674913981468,15.331645627365884
1.0,0.0,0.0,False,2.0926946103572845,14.052947194792242,35.41173665159455
1.0,1.0,1.0,True,2.9247633814811707,28.87571444597735,11.78669612890189
1.0,2.0,2.0,False,2.301563858985901,28.405896007317136,27.6320844861204
1.0,-33.0,-33.0,False,4.26789528131485,29.585186372846536,15.853282370783516
1.0,0.0,0.0,False,1.7012319564819336,15.011866961622792,33.01674350156386
1.0,-15.0,-15.0,False,1.9486613273620605,16.72370352402934,8.149527340622235
1.0,0.0,0.0,False,1.9486613273620605,21.120398409618556,8.149527340622235
1.0,-33.0,-33.0,False,2.4096118807792664,22.4662837557135,22.166146504123923
1.0,-30.0,-30.0,False,3.91225665807724,16.52915459605107,27.846387967249374
1.0,0.0,0.0,False,3.289096474647522,28.918086631789187,28.275316153326326
2.0,-2.0,-2.0,False,2.084552079439163,9.551735996821652,16.806371883746216
2.0,-8.0,-8.0,False,2.373960256576538,23.513896404619913,20.46966476143556
2.0,3.0,3.0,False,1.8505994081497192,28.87571444597735,35.689739698153936
2.0,-4.0,-4.0,False,2.1053768396377563,29.585186372846536,25.057769633394035
2.0,1.0,1.0,False,2.4334650337696075,28.87571444597735,32.413380573167146
2.0,-30.0,-30.0,False,2.9116517305374146,24.2598527378981,12.131285149406914
2.0,-7.0,-7.0,False,2.6294466853141785,17.36037801322203,20.12425258978239
2.0,1.0,1.0,False,1.3557932376861572,28.09628398190077,35.689739698153936
2.0,17.0,17.0,False,2.3305991291999817,31.48620818222766,36.63147156340367
2.0,-31.0,-31.0,False,3.421146512031555,30.855738821078003,15.603744606384454
2.0,-33.0,-33.0,False,3.213452398777008,34.49676769428927,17.71371051902643
2.0,-31.0,-31.0,False,1.6680477857589722,19.27783657630555,33.15053373168917
2.0,-35.0,-35.0,False,2.455235004425049,18.132674913981468,16.806371883746216
2.0,-3.0,-3.0,False,2.90323942899704,24.2598527378981,33.89543053767319
2.0,33.0,33.0,False,3.4106427431106567,28.87571444597735,11.41396708256019
2.0,-3.0,-3.0,False,2.8450576663017273,13.788755418854036,25.517060967689282
2.0,13.0,13.0,False,4.127482771873474,18.415160012504177,36.63147156340367
2.0,4.0,4.0,False,2.2084648609161377,31.48620818222766,19.67828686414218
2.0,4.0,4.0,False,1.1229265928268433,31.207261057327592,34.605738601640034
2.0,-20.0,-20.0,False,2.4585160613059998,18.898322847419887,35.703247497482
2.0,5.0,5.0,False,3.7982547879219055,30.93736111388195,14.04766198521934
2.0,25.0,25.0,False,1.6956082582473755,15.011866961622792,14.975762717513003
2.0,-3.0,-3.0,False,2.4334650337696075,35.16625861221939,32.413380573167146
2.0,-18.0,-18.0,False,1.6035115122795105,20.453506967403538,15.603744606384454
2.0,-25.0,-25.0,False,2.9116517305374146,24.2598527378981,14.33853925748122
2.0,-20.0,-20.0,False,2.3660274296998978,24.2598527378981,26.802857983915764
2.0,4.0,4.0,False,1.6680477857589722,13.764056563465417,33.15053373168917
2.0,24.0,24.0,False,3.408875048160553,18.415160012504177,22.33881004517965
2.0,5.0,5.0,False,3.5645443201065063,13.764056563465417,10.904011625111597
2.0,3.0,3.0,False,3.6754541397094727,35.74599355642529,12.131285149406914
2.0,-6.0,-6.0,False,3.408875048160553,17.669207168348212,22.33881004517965
2.0,-10.0,-10.0,False,1.595455527305603,2.300025906624223,8.636520045292365
2.0,-11.0,-11.0,False,4.916174530982971,16.72370352402934,10.904011625111597
2.0,12.0,12.0,False,2.4585160613059998,28.405896007317136,35.703247497482
2.0,11.0,11.0,False,3.0096216797828674,30.93736111388195,14.33853925748122
2.0,-5.0,-5.0,False,2.5621561408042908,35.16625861221939,16.806371883746216
2.0,30.0,30.0,False,2.1053768396377563,28.87571444597735,25.057769633394035
2.0,-12.0,-12.0,False,1.6956082582473755,35.66526580151034,14.975762717513003
2.0,-1.0,-1.0,False,1.595455527305603,21.120398409618556,8.636520045292365
2.0,-28.0,-28.0,False,3.239229142665863,7.86545359531221,29.226798106826713
2.0,-35.0,-35.0,False,2.9116517305374146,24.2598527378981,25.517060967689282
2.0,-1.0,-1.0,False,2.4334650337696075,18.415160012504177,32.413380573167146
2.0,-1.0,-1.0,False,2.22684970498085,10.669918299811775,7.508855296743415
2.0,-2.0,-2.0,False,2.455235004425049,18.132674913981468,34.605738601640034
2.0,-32.0,-32.0,False,2.373960256576538,23.513896404619913,14.04766198521934
2.0,32.0,32.0,False,4.040790677070618,7.518614303366388,34.605738601640034
2.0,-30.0,-30.0,False,3.676072418689728,35.66526580151034,12.131285149406914
2.0,14.0,14.0,False,3.9678358137607574,28.918086631789187,36.63147156340367
2.0,-24.0,-24.0,False,4.317057907581329,26.90104522163439,14.04766198521934
2.0,-18.0,-18.0,False,1.9803079962730408,29.585186372846536,19.749092274340114
2.0,-9.0,-9.0,False,1.8084846138954163,2.300025906624223,14.221280386323027
2.0,0.0,0.0,False,2.614243507385254,34.77469796077666,16.806371883746216
1.0,-2.0,-2.0,False,2.4334650337696075,19.123381028807678,32.413380573167146
1.0,-16.0,-16.0,False,1.8505994081497192,20.25706914265349,35.689739698153936
1.0,3.0,3.0,False,3.176116406917572,11.786489803841393,29.12443476443621
1.0,33.0,33.0,False,3.176116406917572,11.786489803841393,11.41396708256019
1.0,-9.0,-9.0,False,3.0096216797828674,10.813715166373807,14.33853925748122
1.0,14.0,14.0,False,3.927818477153778,35.41173665159455,36.63147156340367
1.0,-1.0,-1.0,False,1.595455527305603,11.78669612890189,8.636520045292365
1.0,31.0,31.0,False,2.90323942899704,35.41173665159455,33.89543053767319
1.0,0.0,0.0,False,2.680837869644165,26.30817948704097,7.508855296743415
1.0,11.0,11.0,False,4.170204043388367,27.846387967249374,36.63147156340367
1.0,31.0,31.0,False,3.289096474647522,28.275316153326326,33.3359490004118
1.0,-3.0,-3.0,False,3.421146512031555,27.846387967249374,15.603744606384454
1.0,30.0,30.0,False,2.8930834531784058,33.01674350156386,20.46966476143556
1.0,-6.0,-6.0,False,2.2927438616752625,27.6320844861204,37.14325725004562
1.0,-2.0,-2.0,False,2.4096118807792664,22.166146504123923,25.517060967689282
1.0,-5.0,-5.0,False,3.223828673362732,15.072690943161623,25.517060967689282
1.0,0.0,0.0,False,5.089802861213684,15.072690943161623,10.904011625111597
1.0,-20.0,-20.0,False,1.5413188338279724,10.048651222325285,5.852411959709841
1.0,27.0,27.0,False,3.0525527596473694,32.88836237357804,20.46966476143556
1.0,-2.0,-2.0,False,1.9674647152423859,28.12699896596327,7.508855296743415
1.0,0.0,0.0,False,4.150481402873993,15.853282370783516,17.71371051902643
1.0,31.0,31.0,False,2.4671566486358643,10.196249966253701,34.605738601640034
1.0,-1.0,-1.0,False,1.6680477857589722,34.52278214277409,33.15053373168917
1.0,30.0,30.0,False,2.1053768396377563,11.786489803841393,25.057769633394035
1.0,-30.0,-30.0,False,1.595455527305603,19.14299251939613,8.636520045292365
1.0,-17.0,-17.0,False,2.3660274296998978,26.30817948704097,26.802857983915764
1.0,32.0,32.0,False,4.040790677070618,31.36261801304057,34.605738601640034
1.0,29.0,29.0,False,1.9486613273620605,8.149527340622235,22.904853892748246
1.0,-27.0,-27.0,False,1.7427961230278015,36.27695341733046,28.888124744587525
1.0,-20.0,-20.0,False,1.5413188338279724,19.14299251939613,5.852411959709841
1.0,-33.0,-33.0,False,1.7072398364543915,36.10851299688132,15.603744606384454
1.0,15.0,15.0,False,1.9803079962730408,35.41173665159455,19.749092274340114
1.0,2.0,2.0,False,3.927818477153778,35.41173665159455,28.888124744587525
1.0,0.0,0.0,False,5.153426796197891,19.123381028807678,28.888124744587525
1.0,6.0,6.0,False,1.6680477857589722,33.01674350156386,33.15053373168917
1.0,3.0,3.0,False,2.4096118807792664,22.166146504123923,10.904011625111597
1.0,29.0,29.0,False,4.040790677070618,19.123381028807678,34.605738601640034
1.0,-14.0,-14.0,False,1.9722947478294373,21.92983370556557,12.131285149406914
1.0,-29.0,-29.0,False,1.8711960315704346,19.14299251939613,15.603744606384454
1.0,4.0,4.0,False,3.6040279269218445,30.487179484917206,14.04766198521934
1.0,0.0,0.0,False,2.6294466853141785,10.813715166373807,20.12425258978239
1.0,1.0,1.0,True,2.2084648609161377,35.41173665159455,19.67828686414218
1.0,-4.0,-4.0,False,1.7427961230278015,36.27695341733046,22.33881004517965
1.0,-31.0,-31.0,False,1.7072398364543915,36.10851299688132,28.888124744587525
1.0,-33.0,-33.0,False,1.9674647152423859,28.12699896596327,14.221280386323027
1.0,4.0,4.0,False,1.6956082582473755,21.92983370556557,14.975762717513003
1.0,-29.0,-29.0,False,1.7427961230278015,36.27695341733046,15.603744606384454
1.0,15.0,15.0,False,3.925582468509674,12.582187389884167,22.904853892748246
1.0,-5.0,-5.0,False,1.5413188338279724,12.582187389884167,5.852411959709841
1.0,23.0,23.0,False,1.6956082582473755,31.36261801304057,14.975762717513003
1.0,-14.0,-14.0,False,1.9803079962730408,24.736877738909886,19.749092274340114
1.0,1.0,1.0,True,2.6194798052310944,13.573676536214418,24.947238177561626
1.0,17.0,17.0,False,2.532814681529999,30.508809052625608,30.70271399613584
1.0,13.0,13.0,False,2.266767203807831,21.428811762234037,25.932529515538583
1.0,32.0,32.0,False,3.403449207544327,34.34845177327781,34.59975248259284
1.0,-15.0,-15.0,False,1.7202155888080597,22.465584607578187,36.508938739954985
1.0,-24.0,-24.0,False,1.9133579730987549,30.251419664598103,34.210919937927244
1.0,0.0,0.0,False,3.6687272787094116,20.329813178274055,15.594970074398955
1.0,-16.0,-16.0,False,1.2046001851558685,27.34363685802485,34.88439268012463
1.0,2.0,2.0,False,1.8505994081497192,19.829623358877285,37.44095331991629
1.0,14.0,14.0,False,1.9803079962730408,30.58157701845657,7.91643847755702
1.0,33.0,33.0,False,2.532814681529999,30.508809052625608,34.59975248259284
1.0,8.0,8.0,False,1.0411842465400696,19.829623358877285,11.52696665370364
1.0,-20.0,-20.0,False,1.6956082582473755,20.406338257766706,37.44095331991629
1.0,-19.0,-19.0,False,2.472829043865204,28.174065545468434,19.011322362218916
1.0,-8.0,-8.0,False,1.6956082582473755,20.406338257766706,19.011322362218916
1.0,0.0,0.0,False,5.900250732898712,29.72086850546663,31.2523988337108
1.0,-29.0,-29.0,False,0.4077359139919281,28.385828581921412,31.822352609250363
1.0,4.0,4.0,False,2.532814681529999,30.508809052625608,16.86638079326853
1.0,9.0,9.0,False,2.281710147857666,23.69354205210083,19.849640508130165
1.0,-1.0,-1.0,False,1.8711960315704346,27.34363685802485,16.80781075694887
1.0,6.0,6.0,False,1.9133579730987549,14.00246094463768,34.210919937927244
1.0,0.0,0.0,False,2.195062220096588,30.073504125188617,31.756063903491555
1.0,3.0,3.0,False,4.7795074582099915,33.78774311290103,29.82321398328466
1.0,31.0,31.0,False,2.8930834531784058,34.27879778177155,16.80781075694887
1.0,0.0,0.0,False,2.4671566486358643,13.788705517521867,23.56122656500112
1.0,-27.0,-27.0,False,1.7621028125286102,27.34363685802485,31.691063434143608
1.0,4.0,4.0,False,1.8937760591506958,35.01777050657596,33.577672047353566
1.0,-1.0,-1.0,False,2.195062220096588,30.58157701845657,31.756063903491555
1.0,2.0,2.0,False,3.227500230073929,32.917653367589246,16.86638079326853
1.0,5.0,5.0,False,1.5413188338279724,31.0232520730734,15.610184657087864
1.0,2.0,2.0,False,2.8789738416671753,30.073504125188617,29.82321398328466
1.0,-16.0,-16.0,False,2.266767203807831,28.174065545468434,25.932529515538583
1.0,-2.0,-2.0,False,2.2927438616752625,20.69939449456702,17.916241665907876
1.0,6.0,6.0,False,1.8611104786396027,32.78955538753937,28.403501740680014
1.0,34.0,34.0,False,2.8930834531784058,34.27879778177155,17.852616493946527
1.0,-16.0,-16.0,False,1.2046001851558685,35.01777050657596,34.88439268012463
1.0,-27.0,-27.0,False,3.065642148256302,30.251419664598103,30.42222509589258
1.0,3.0,3.0,False,3.227500230073929,35.228721432360416,16.86638079326853
1.0,12.0,12.0,False,4.114211559295654,21.308964880797863,30.70271399613584
1.0,-30.0,-30.0,False,2.989529550075531,29.456980291549378,29.82321398328466
1.0,11.0,11.0,False,1.9803079962730408,17.745551827998355,7.91643847755702
1.0,0.0,0.0,False,2.492651402950287,28.37529522578383,10.621614881822532
1.0,15.0,15.0,False,2.266767203807831,20.329813178274055,25.932529515538583
1.0,2.0,2.0,False,2.875828340649605,35.01777050657596,23.454129923741284
1.0,1.0,1.0,True,2.195062220096588,33.78774311290103,31.756063903491555
1.0,-20.0,-20.0,False,1.2046001851558685,29.83224000117237,34.88439268012463
1.0,11.0,11.0,False,3.0096216797828674,28.723121883125632,31.688787610981684
1.0,-4.0,-4.0,False,2.301563858985901,17.745551827998355,23.56122656500112
1.0,2.0,2.0,False,3.6687272787094116,32.917653367589246,15.594970074398955
1.0,-2.0,-2.0,False,3.541382133960724,32.78955538753937,10.621614881822532
1.0,10.0,10.0,False,1.8611104786396027,12.175803807726938,28.403501740680014
1.0,3.0,3.0,False,2.1643794775009155,12.175803807726938,37.35377170051113
1.0,-2.0,-2.0,False,2.4671566486358643,13.788705517521867,36.508938739954985
1.0,1.0,1.0,True,2.989529550075531,29.456980291549378,26.15395732571203
1.0,8.0,8.0,False,1.5413188338279724,30.58157701845657,15.610184657087864
1.0,4.0,4.0,False,2.2084648609161377,34.27879778177155,14.19446265154569
1.0,10.0,10.0,False,3.0096216797828674,17.667533496367735,31.688787610981684
1.0,-2.0,-2.0,False,2.492651402950287,28.37529522578383,23.56122656500112
1.0,1.0,1.0,True,3.023967683315277,13.573676536214418,23.56122656500112
1.0,-2.0,-2.0,False,2.5821783542633057,29.72086850546663,28.9492996084978
1.0,15.0,15.0,False,1.9803079962730408,26.884295342014866,7.91643847755702
1.0,23.0,23.0,False,3.0096216797828674,33.230189165190524,28.4549238881682
1.0,-29.0,-29.0,False,1.595455527305603,36.6383774318157,17.64097242123046
1.0,-15.0,-15.0,False,1.8611104786396027,23.052778143624256,28.403501740680014
1.0,3.0,3.0,False,3.0096216797828674,12.00530713662004,31.688787610981684
1.0,-3.0,-3.0,False,4.114211559295654,13.03777810199706,30.70271399613584
1.0,0.0,0.0,False,1.5132516026496887,28.174065545468434,32.81410576660536
1.0,-26.0,-26.0,False,1.8711960315704346,27.34363685802485,37.35377170051113
1.0,-1.0,-1.0,False,2.530616581439972,30.58157701845657,19.060821084052346
1.0,34.0,34.0,False,1.8937760591506958,14.00246094463768,33.577672047353566
1.0,1.0,1.0,True,2.290325343608856,32.917653367589246,35.861232122730414
1.0,-11.0,-11.0,False,1.7202155888080597,22.465584607578187,15.594970074398955
1.0,-6.0,-6.0,False,2.530616581439972,12.00530713662004,19.060821084052346
1.0,-18.0,-18.0,False,2.4585160613059998,29.456980291549378,29.362162995140086
1.0,3.0,3.0,False,1.9486613273620605,23.367986942799547,35.01505447596989
1.0,-20.0,-20.0,False,1.5413188338279724,30.251419664598103,15.610184657087864
1.0,-27.0,-27.0,False,3.065642148256302,30.251419664598103,29.82321398328466
1.0,3.0,3.0,False,3.3783082962036133,14.00246094463768,12.068560762665161
1.0,-24.0,-24.0,False,1.9674647152423859,32.298791275792304,31.688787610981684
1.0,0.0,0.0,False,1.9486613273620605,23.367986942799547,31.756063903491555
1.0,-2.0,-2.0,False,1.79310804605484,28.24868502974482,36.508938739954985
1.0,28.0,28.0,False,2.8789738416671753,30.073504125188617,16.80781075694887
1.0,25.0,25.0,False,4.00378692150116,23.005726391658694,16.80781075694887
1.0,-12.0,-12.0,False,1.8711960315704346,27.34363685802485,25.932529515538583
1.0,2.0,2.0,False,1.595455527305603,34.27879778177155,17.64097242123046
1.0,-22.0,-22.0,False,1.6956082582473755,20.406338257766706,19.060821084052346
1.0,6.0,6.0,False,1.0411842465400696,28.37529522578383,11.52696665370364
1.0,9.0,9.0,False,1.5413188338279724,23.367986942799547,15.610184657087864
1.0,14.0,14.0,False,2.4585160613059998,12.175803807726938,29.362162995140086
1.0,3.0,3.0,False,2.1746902465820312,36.6383774318157,17.852616493946527
1.0,14.0,14.0,False,1.2046001851558685,13.573676536214418,34.88439268012463
1.0,-2.0,-2.0,False,3.227500230073929,32.78955538753937,16.86638079326853
1.0,-8.0,-8.0,False,2.2084648609161377,33.230189165190524,14.19446265154569
1.0,-1.0,-1.0,False,3.4106427431106567,29.83224000117237,28.4549238881682
1.0,-4.0,-4.0,False,3.108457326889038,12.00530713662004,10.621614881822532
1.0,0.0,0.0,False,2.195062220096588,26.884295342014866,31.756063903491555
1.0,-33.0,-33.0,False,1.7072398364543915,24.355564056674993,15.304864497814012
2.0,1.0,1.0,False,3.4651559591293335,23.005726391658694,9.52031468175866
2.0,-8.0,-8.0,False,2.1742154359817505,36.382258946109005,18.520016332170112
2.0,25.0,25.0,False,3.648914337158203,29.72086850546663,37.08974012829456
2.0,3.0,3.0,False,2.8930834531784058,34.27879778177155,13.64223265377721
2.0,30.0,30.0,False,1.7495656609535217,20.69939449456702,5.266211049777703
2.0,-1.0,-1.0,False,2.301563858985901,17.745551827998355,33.843680581596665
2.0,-5.0,-5.0,False,1.5479832887649536,12.00530713662004,31.42515008931519
2.0,-9.0,-9.0,False,1.7202155888080597,22.465584607578187,25.14688123549096
2.0,11.0,11.0,False,2.029147744178772,17.745551827998355,33.906501340154264
2.0,29.0,29.0,False,2.1742154359817505,34.27879778177155,18.520016332170112
2.0,-13.0,-13.0,False,1.7202155888080597,22.465584607578187,33.35585554438989
2.0,26.0,26.0,False,2.526029109954834,32.78955538753937,22.007742646376983
2.0,30.0,30.0,False,2.1243231743574142,30.508809052625608,18.604403481110044
2.0,6.0,6.0,False,1.6555860042572021,13.573676536214418,28.94357868721317
2.0,-11.0,-11.0,False,1.5684914886951447,22.465584607578187,17.314888469216775
2.0,3.0,3.0,False,2.138644278049469,19.829623358877285,16.316997857997666
2.0,3.0,3.0,False,1.5996065139770508,30.073504125188617,35.3155082028973
2.0,32.0,32.0,False,2.532814681529999,30.508809052625608,32.92005310666145
2.0,19.0,19.0,False,3.2985291182994843,34.34845177327781,1.8776937843412878
2.0,0.0,0.0,False,2.52588352560997,30.58157701845657,9.875785699805183
2.0,-32.0,-32.0,False,1.5479832887649536,29.83224000117237,31.42515008931519
2.0,28.0,28.0,False,1.9486613273620605,23.367986942799547,18.604403481110044
2.0,17.0,17.0,False,1.7202155888080597,22.465584607578187,5.266211049777703
2.0,22.0,22.0,False,2.563764274120331,30.58157701845657,34.53494925038348
2.0,-4.0,-4.0,False,2.989529550075531,29.456980291549378,35.35401461195219
2.0,-8.0,-8.0,False,1.7202155888080597,22.465584607578187,29.713917448635886
2.0,1.0,1.0,False,1.5479832887649536,26.32173493035665,31.42515008931519
2.0,13.0,13.0,False,3.411366820335388,13.03777810199706,35.792648432229946
2.0,1.0,1.0,False,4.0251458287239075,21.308964880797863,13.690739357197934
2.0,-25.0,-25.0,False,1.8711960315704346,27.34363685802485,13.690739357197934
2.0,-1.0,-1.0,False,1.8316381871700287,36.6383774318157,36.937876949549214
2.0,32.0,32.0,False,2.532814681529999,30.508809052625608,21.758538422725294
2.0,-28.0,-28.0,False,2.841024696826935,35.01777050657596,18.959817986117677
2.0,28.0,28.0,False,2.492651402950287,28.37529522578383,32.92005310666145
2.0,2.0,2.0,True,2.52588352560997,33.78774311290103,9.875785699805183
2.0,-4.0,-4.0,False,2.1749690175056458,28.174065545468434,33.31216653796515
2.0,-7.0,-7.0,False,3.2007980346679688,36.382258946109005,26.375923393682065
2.0,28.0,28.0,False,2.1742154359817505,33.03356711814624,18.520016332170112
2.0,7.0,7.0,False,1.6555860042572021,33.03356711814624,28.94357868721317
2.0,14.0,14.0,False,3.2985291182994843,32.78955538753937,1.8776937843412878
2.0,15.0,15.0,False,1.9486613273620605,23.367986942799547,33.906501340154264
2.0,21.0,21.0,False,2.637467384338379,20.329813178274055,31.33058536600012
2.0,13.0,13.0,False,2.9720335602760315,32.78955538753937,25.160630578051997
2.0,31.0,31.0,False,2.526029109954834,13.573676536214418,22.007742646376983
2.0,26.0,26.0,False,4.271274030208588,21.428811762234037,32.92005310666145
2.0,29.0,29.0,False,1.4123525619506836,34.27879778177155,32.53292751476055
2.0,22.0,22.0,False,1.4123525619506836,32.78955538753937,32.53292751476055
2.0,28.0,28.0,False,1.8316381871700287,34.34845177327781,36.937876949549214
2.0,-2.0,-2.0,False,1.4123525619506836,36.6383774318157,32.53292751476055
2.0,-26.0,-26.0,False,2.3553882241249084,22.95463774119177,29.713917448635886
2.0,-17.0,-17.0,False,1.3866535425186157,20.406338257766706,30.030140756054244
2.0,27.0,27.0,False,2.492651402950287,28.37529522578383,37.08974012829456
2.0,2.0,2.0,True,2.1746902465820312,36.6383774318157,21.758538422725294
2.0,-13.0,-13.0,False,6.10398542881012,13.03777810199706,14.954922527187811
2.0,3.0,3.0,False,1.173612117767334,30.58157701845657,32.836039965712715
2.0,26.0,26.0,False,3.541382133960724,32.78955538753937,21.758538422725294
2.0,8.0,8.0,False,1.6956082582473755,20.406338257766706,5.266211049777703
2.0,2.0,2.0,True,4.338503897190094,21.308964880797863,14.954922527187811
2.0,4.0,4.0,False,1.5684914886951447,28.723121883125632,17.314888469216775
2.0,30.0,30.0,False,1.7495656609535217,30.073504125188617,5.266211049777703
2.0,3.0,3.0,False,1.5684914886951447,33.78774311290103,17.314888469216775
2.0,27.0,27.0,False,2.1243231743574142,30.58157701845657,18.604403481110044
2.0,30.0,30.0,False,1.7495656609535217,32.917653367589246,5.266211049777703
2.0,14.0,14.0,False,1.7202155888080597,22.465584607578187,36.937876949549214
2.0,1.0,1.0,False,3.065642148256302,30.251419664598103,21.758538422725294
2.0,27.0,27.0,False,4.027940452098846,21.308964880797863,21.758538422725294
2.0,4.0,4.0,False,1.3866535425186157,23.69354205210083,30.030140756054244
2.0,30.0,30.0,False,2.441510796546936,23.69354205210083,35.792648432229946
2.0,-30.0,-30.0,False,1.5996065139770508,24.355564056674993,35.3155082028973
2.0,3.0,3.0,False,1.5684914886951447,35.228721432360416,17.314888469216775
2.0,27.0,27.0,False,2.138644278049469,19.829623358877285,26.375923393682065
2.0,12.0,12.0,False,1.7495656609535217,13.03777810199706,5.266211049777703
2.0,31.0,31.0,False,2.526029109954834,33.78774311290103,22.007742646376983
2.0,5.0,5.0,False,3.0214295983314514,34.34845177327781,25.14688123549096
2.0,3.0,3.0,False,3.0525527596473694,26.884295342014866,33.843680581596665
2.0,-2.0,-2.0,False,1.636728674173355,34.989729382519705,26.375923393682065
2.0,-10.0,-10.0,False,1.7202155888080597,22.465584607578187,33.843680581596665
2.0,27.0,27.0,False,1.79310804605484,28.24868502974482,26.375923393682065
2.0,23.0,23.0,False,1.9486613273620605,23.367986942799547,31.33058536600012
2.0,-30.0,-30.0,False,1.5996065139770508,32.298791275792304,35.3155082028973
2.0,1.0,1.0,False,3.023967683315277,13.573676536214418,33.35585554438989
2.0,29.0,29.0,False,4.574485719203949,28.723121883125632,26.375923393682065
2.0,16.0,16.0,False,1.7202155888080597,22.465584607578187,37.08974012829456
2.0,2.0,2.0,True,2.52588352560997,14.00246094463768,9.875785699805183
2.0,24.0,24.0,False,1.8316381871700287,23.005726391658694,36.937876949549214
2.0,19.0,19.0,False,2.301563858985901,17.745551827998355,31.33058536600012
2.0,-18.0,-18.0,False,1.6956082582473755,20.406338257766706,25.14688123549096
1.0,7.0,7.0,False,2.530616581439972,19.060821084052346,29.639146477357443
1.0,-3.0,-3.0,False,2.1243231743574142,17.852616493946527,18.604403481110044
1.0,3.0,3.0,False,1.5413188338279724,15.610184657087864,22.06354604516042
1.0,2.0,2.0,False,2.1643794775009155,37.35377170051113,35.365946888467896
1.0,13.0,13.0,False,3.6516260504722595,12.068560762665161,14.84318833744125
1.0,1.0,1.0,True,3.64499568939209,10.621614881822532,33.843680581596665
1.0,-1.0,-1.0,False,2.290325343608856,35.861232122730414,13.64223265377721
1.0,-10.0,-10.0,False,2.8409918546676636,19.011322362218916,25.14688123549096
1.0,0.0,0.0,False,3.3168320655822754,30.42222509589258,31.937272416291204
1.0,-13.0,-13.0,False,2.266767203807831,25.932529515538583,9.52031468175866
1.0,-31.0,-31.0,False,1.5684914886951447,26.15395732571203,17.314888469216775
1.0,23.0,23.0,False,2.637467384338379,15.304864497814012,31.33058536600012
1.0,-10.0,-10.0,False,1.2046001851558685,34.88439268012463,22.93636375336253
1.0,0.0,0.0,False,2.1643794775009155,37.35377170051113,16.316997857997666
1.0,22.0,22.0,False,1.70427767932415,34.47411222414412,34.53494925038348
1.0,2.0,2.0,False,1.7621028125286102,31.691063434143608,13.690739357197934
1.0,1.0,1.0,True,1.8505994081497192,37.44095331991629,22.93636375336253
1.0,-19.0,-19.0,False,2.439798653125763,17.852616493946527,22.06354604516042
1.0,-3.0,-3.0,False,1.8611104786396027,28.403501740680014,29.639146477357443
1.0,-16.0,-16.0,False,3.403449207544327,34.59975248259284,14.84318833744125
1.0,-10.0,-10.0,False,1.9803079962730408,7.91643847755702,14.954922527187811
1.0,24.0,24.0,False,1.595455527305603,17.64097242123046,31.33058536600012
1.0,7.0,7.0,False,1.3866535425186157,17.916241665907876,30.030140756054244
1.0,17.0,17.0,False,2.2084648609161377,14.19446265154569,1.8776937843412878
1.0,0.0,0.0,False,1.5479832887649536,28.44230240734343,31.42515008931519
1.0,2.0,2.0,False,1.7621028125286102,31.691063434143608,9.52031468175866
1.0,21.0,21.0,False,1.0411842465400696,11.52696665370364,33.31216653796515
1.0,-1.0,-1.0,False,4.00378692150116,16.80781075694887,26.375923393682065
1.0,-10.0,-10.0,False,1.5132516026496887,32.81410576660536,34.53494925038348
1.0,-30.0,-30.0,False,3.64499568939209,26.15395732571203,33.843680581596665
1.0,12.0,12.0,False,2.439798653125763,23.56122656500112,22.06354604516042
1.0,3.0,3.0,False,2.3063919842243195,24.947238177561626,16.316997857997666
1.0,-13.0,-13.0,False,1.2046001851558685,34.88439268012463,33.35585554438989
1.0,16.0,16.0,False,3.2985291182994843,29.82321398328466,1.8776937843412878
1.0,27.0,27.0,False,2.1749690175056458,26.555981004393583,33.31216653796515
1.0,-11.0,-11.0,False,2.8409918546676636,19.011322362218916,33.843680581596665
1.0,-30.0,-30.0,False,1.8937760591506958,33.577672047353566,16.316997857997666
1.0,15.0,15.0,False,2.530616581439972,19.060821084052346,14.84318833744125
1.0,1.0,1.0,True,3.0214295983314514,35.01505447596989,25.14688123549096
1.0,-26.0,-26.0,False,1.5684914886951447,8.696513597694356,17.314888469216775
1.0,20.0,20.0,False,1.0411842465400696,11.52696665370364,35.35401461195219
1.0,28.0,28.0,False,1.9133579730987549,34.210919937927244,2.630806450145088
1.0,33.0,33.0,False,1.595455527305603,17.64097242123046,34.34787304108202
1.0,26.0,26.0,False,2.1243231743574142,16.86638079326853,18.604403481110044
1.0,1.0,1.0,True,2.3063919842243195,10.621614881822532,16.316997857997666
1.0,21.0,21.0,False,2.637467384338379,26.555981004393583,31.33058536600012
1.0,-16.0,-16.0,False,1.8937760591506958,33.577672047353566,25.160630578051997
1.0,22.0,22.0,False,2.290325343608856,35.861232122730414,31.33058536600012
1.0,32.0,32.0,False,2.2927438616752625,17.916241665907876,21.758538422725294
1.0,27.0,27.0,False,1.8316381871700287,24.947238177561626,36.937876949549214
1.0,-24.0,-24.0,False,3.4651559591293335,16.80781075694887,9.52031468175866
1.0,-28.0,-28.0,False,1.5996065139770508,23.454129923741284,35.3155082028973
1.0,1.0,1.0,True,1.173612117767334,35.01505447596989,32.836039965712715
1.0,5.0,5.0,False,2.2927438616752625,17.916241665907876,22.93636375336253
1.0,-4.0,-4.0,False,1.5413188338279724,15.610184657087864,14.954922527187811
1.0,5.0,5.0,False,1.595455527305603,17.64097242123046,8.341019658755991
1.0,-4.0,-4.0,False,4.574485719203949,23.454129923741284,26.375923393682065
1.0,-7.0,-7.0,False,2.281710147857666,19.849640508130165,16.316997857997666
1.0,5.0,5.0,False,2.5569244027137756,10.621614881822532,29.639146477357443
1.0,2.0,2.0,False,1.8505994081497192,37.44095331991629,8.341019658755991
1.0,1.0,1.0,True,1.9935515522956848,35.861232122730414,33.64781613171432
1.0,4.0,4.0,False,2.195062220096588,31.756063903491555,8.341019658755991
1.0,-1.0,-1.0,False,1.9935515522956848,35.01505447596989,33.64781613171432
1.0,3.0,3.0,False,5.027255654335022,29.82321398328466,14.954922527187811
1.0,1.0,1.0,True,2.3553882241249084,31.2523988337108,29.713917448635886
1.0,2.0,2.0,False,1.9133579730987549,34.210919937927244,29.639146477357443
1.0,0.0,0.0,False,1.5996065139770508,37.35377170051113,35.3155082028973
1.0,26.0,26.0,False,2.1243231743574142,12.068560762665161,18.604403481110044
1.0,14.0,14.0,False,1.9803079962730408,7.91643847755702,33.31216653796515
1.0,3.0,3.0,False,2.2084648609161377,14.19446265154569,9.52031468175866
1.0,-28.0,-28.0,False,2.936727821826935,28.4549238881682,8.341019658755991
1.0,1.0,1.0,True,1.5996065139770508,15.594970074398955,35.3155082028973
1.0,-6.0,-6.0,False,1.8937760591506958,33.577672047353566,26.375923393682065
1.0,-10.0,-10.0,False,1.9803079962730408,7.91643847755702,35.365946888467896
1.0,-7.0,-7.0,False,2.281710147857666,19.849640508130165,33.843680581596665
1.0,-8.0,-8.0,False,1.0411842465400696,11.52696665370364,33.35585554438989
1.0,0.0,0.0,False,3.4651559591293335,31.2523988337108,9.52031468175866
1.0,3.0,3.0,False,2.5821783542633057,28.9492996084978,35.365946888467896
1.0,0.0,0.0,False,3.3168320655822754,26.555981004393583,31.937272416291204
1.0,-5.0,-5.0,False,2.637467384338379,16.80781075694887,31.33058536600012
1.0,-23.0,-23.0,False,2.3553882241249084,16.80781075694887,29.713917448635886
1.0,6.0,6.0,False,1.595455527305603,17.64097242123046,29.713917448635886
1.0,16.0,16.0,False,2.1742154359817505,19.849640508130165,18.520016332170112
1.0,13.0,13.0,False,2.281710147857666,19.849640508130165,31.33058536600012
1.0,6.0,6.0,False,3.0096216797828674,31.688787610981684,14.84318833744125
1.0,4.0,4.0,False,3.2175111174583435,16.80781075694887,34.34787304108202
1.0,1.0,1.0,True,2.1749690175056458,8.696513597694356,33.31216653796515
1.0,3.0,3.0,False,1.7621028125286102,31.691063434143608,29.713917448635886
1.0,4.0,4.0,False,1.173612117767334,15.304864497814012,32.836039965712715
1.0,17.0,17.0,False,2.8409918546676636,19.011322362218916,35.792648432229946
1.0,4.0,4.0,False,3.117071747779846,8.696513597694356,34.34787304108202
1.0,30.0,30.0,False,2.1243231743574142,17.916241665907876,18.604403481110044
1.0,3.0,3.0,False,3.411366820335388,16.80781075694887,35.792648432229946
1.0,2.0,2.0,False,5.025876581668854,6.285781971455563,24.083683666950257
1.0,19.0,19.0,False,0.7274511456489563,9.763888908182443,3.5996983931613653
1.0,35.0,35.0,False,2.8870811834931374,24.364945299042926,21.981470194026357
1.0,-33.0,-33.0,False,2.8734290301799774,6.510227080572919,30.83193073862865
1.0,28.0,28.0,False,1.8619826138019562,11.495731556741319,33.05459986372826
1.0,-4.0,-4.0,False,2.383823335170746,18.081106034097022,14.424610444730865
1.0,-32.0,-32.0,False,2.9217599034309387,16.85793860453112,13.596139702173753
1.0,-23.0,-23.0,False,2.690415620803833,24.995431177365827,31.379762219731013
1.0,4.0,4.0,False,4.642876088619232,14.062946227729235,29.150325193603283
1.0,13.0,13.0,False,2.2772083282470703,4.834388990326496,29.924657324770553
1.0,-18.0,-18.0,False,1.6605515480041504,4.604069129060294,15.06432841113455
1.0,-1.0,-1.0,False,2.9803953170776367,23.479194765206703,9.600123372874645
1.0,34.0,34.0,False,4.541835784912109,5.286718753607812,18.009547456587143
1.0,-4.0,-4.0,False,1.6398950219154358,30.330762572570485,30.59119433443037
1.0,28.0,28.0,False,3.1570836007595062,30.862511661321847,16.683474537381755
1.0,1.0,1.0,True,2.5141602158546448,23.479194765206703,22.437379055706693
1.0,36.0,36.0,False,2.5154536962509155,23.479194765206703,30.59119433443037
1.0,3.0,3.0,False,1.3331829607486725,33.427525952575664,24.9618043943018
1.0,-4.0,-4.0,False,4.025909662246704,18.313921564017317,30.600931480043037
1.0,-29.0,-29.0,False,1.858035922050476,4.374648597773758,20.179734404624217
1.0,5.0,5.0,False,1.8619826138019562,11.495731556741319,13.596139702173753
1.0,0.0,0.0,False,2.383823335170746,18.081106034097022,34.69268353196988
1.0,30.0,30.0,False,2.75141042470932,4.834388990326496,33.05459986372826
1.0,-35.0,-35.0,False,1.3801270127296448,14.062946227729235,30.247745666363862
1.0,15.0,15.0,False,3.3297743797302246,9.763888908182443,27.62558065641343
1.0,-14.0,-14.0,False,2.480682611465454,28.56307962776888,10.769189429989794
1.0,-26.0,-26.0,False,1.3801270127296448,10.223587057893246,30.247745666363862
1.0,11.0,11.0,False,1.6605515480041504,5.286718753607812,15.06432841113455
1.0,10.0,10.0,False,1.6605515480041504,8.482247382645733,15.06432841113455
1.0,13.0,13.0,False,2.2772083282470703,6.285781971455563,29.924657324770553
1.0,9.0,9.0,False,3.405226916074753,10.223587057893246,28.28699447712804
1.0,36.0,36.0,False,3.1570836007595062,30.862511661321847,29.150325193603283
1.0,8.0,8.0,False,2.5154536962509155,14.863353112506958,30.59119433443037
1.0,-1.0,-1.0,False,1.3801270127296448,8.482247382645733,30.247745666363862
1.0,24.0,24.0,False,2.2884899377822876,34.57204472399203,16.683474537381755
1.0,30.0,30.0,False,1.8619826138019562,11.495731556741319,22.92385508300153
1.0,-34.0,-34.0,False,4.018570363521576,14.062946227729235,24.245077754435094
1.0,35.0,35.0,False,3.1884137392044067,36.46079568158955,20.730278478611456
1.0,33.0,33.0,False,3.747793883085251,4.834388990326496,28.326033096799428
1.0,29.0,29.0,False,1.1229265928268433,8.700424843861596,20.185709611137973
1.0,16.0,16.0,False,1.6481552124023438,5.286718753607812,11.7508570581708
1.0,21.0,21.0,False,2.387457937002182,34.25650832717895,10.769189429989794
1.0,11.0,11.0,False,2.334719657897949,8.700424843861596,32.43827674832433
1.0,1.0,1.0,True,3.234973907470703,8.76376246827827,24.188339731390858
1.0,-38.0,-38.0,False,2.6830013394355774,18.313921564017317,14.424610444730865
1.0,28.0,28.0,False,4.42664110660553,23.732384021218063,28.326033096799428
1.0,-27.0,-27.0,False,1.6605515480041504,28.56307962776888,15.06432841113455
1.0,-1.0,-1.0,False,2.3788015842437744,8.700424843861596,31.379762219731013
1.0,0.0,0.0,False,2.480682611465454,28.56307962776888,21.981470194026357
1.0,36.0,36.0,False,3.6008089371025562,23.21375651207,20.730278478611456
1.0,-2.0,-2.0,False,2.2884899377822876,34.57204472399203,34.69268353196988
1.0,-15.0,-15.0,False,0.7274511456489563,28.56307962776888,3.5996983931613653
1.0,26.0,26.0,False,2.383823335170746,18.081106034097022,16.683474537381755
1.0,-36.0,-36.0,False,2.480682611465454,28.56307962776888,30.83193073862865
1.0,7.0,7.0,False,3.6008089371025562,23.21375651207,13.596139702173753
1.0,-1.0,-1.0,False,2.271180808544159,32.915488544740086,23.84708366237766
1.0,31.0,31.0,False,4.42664110660553,23.732384021218063,20.730278478611456
1.0,-18.0,-18.0,False,1.6481552124023438,8.76376246827827,11.7508570581708
1.0,-30.0,-30.0,False,1.6398950219154358,30.330762572570485,29.924657324770553
1.0,5.0,5.0,False,3.4290948808193207,33.427525952575664,29.150325193603283
1.0,-2.0,-2.0,False,4.077518820762634,23.263420518047727,30.83193073862865
1.0,1.0,1.0,True,2.383823335170746,18.081106034097022,15.03727366720265
1.0,12.0,12.0,False,2.736549973487854,16.220471829138116,29.18808296487295
1.0,28.0,28.0,False,2.2884899377822876,34.57204472399203,30.600931480043037
1.0,-11.0,-11.0,False,2.9130491614341736,8.76376246827827,31.184738617927472
1.0,2.0,2.0,False,1.3331829607486725,6.467856230242591,24.9618043943018
1.0,22.0,22.0,False,0.7274511456489563,8.482247382645733,3.5996983931613653
1.0,35.0,35.0,False,2.774242341518402,30.421048537648137,21.981470194026357
1.0,0.0,0.0,False,1.837521255016327,8.120211143661177,28.326033096799428
1.0,30.0,30.0,False,3.00857812166214,8.482247382645733,23.680942885984045
1.0,-2.0,-2.0,False,3.1570836007595062,30.862511661321847,9.600123372874645
1.0,-37.0,-37.0,False,2.480682611465454,28.56307962776888,14.424610444730865
1.0,-7.0,-7.0,False,0.7274511456489563,12.234196998986977,3.5996983931613653
1.0,22.0,22.0,False,0.7274511456489563,11.495731556741319,3.5996983931613653
1.0,32.0,32.0,False,4.317057907581329,6.285781971455563,16.683474537381755
1.0,10.0,10.0,False,2.690415620803833,24.995431177365827,18.009547456587143
1.0,-25.0,-25.0,False,3.405226916074753,10.223587057893246,24.083683666950257
1.0,36.0,36.0,False,3.6008089371025562,23.88321264928162,28.28699447712804
1.0,8.0,8.0,False,2.3663907051086426,4.604069129060294,28.00687439862439
1.0,-4.0,-4.0,False,2.480682611465454,28.56307962776888,18.009547456587143
1.0,-24.0,-24.0,False,3.791217565536499,25.076528756271497,31.379762219731013
1.0,14.0,14.0,False,4.110624551773071,25.076528756271497,29.150325193603283
2.0,-5.0,-5.0,False,2.123594343662262,6.467856230242591,29.339071451301468
2.0,-3.0,-3.0,False,2.383823335170746,18.081106034097022,30.016216552242973
2.0,13.0,13.0,False,2.383823335170746,18.081106034097022,11.968742510043755
2.0,3.0,3.0,False,2.2696070671081543,6.510227080572919,28.803672116672644
2.0,-37.0,-37.0,False,1.6398950219154358,30.330762572570485,32.18312531899056
2.0,-39.0,-39.0,False,1.6398950219154358,30.330762572570485,22.80535300140734
2.0,36.0,36.0,False,2.9803953170776367,23.479194765206703,24.916742543729075
2.0,22.0,22.0,False,1.9722947478294373,5.286718753607812,10.585946508875319
2.0,33.0,33.0,False,2.5483654737472534,5.795052624941579,21.49025461094885
2.0,0.0,0.0,False,2.350163519382477,28.281124017761524,30.016216552242973
2.0,35.0,35.0,False,2.350163519382477,28.281124017761524,27.047555651548862
2.0,19.0,19.0,False,1.6035115122795105,30.421048537648137,25.065093251147516
2.0,-13.0,-13.0,False,1.9722947478294373,6.510227080572919,10.585946508875319
2.0,-11.0,-11.0,False,1.8084846138954163,24.995431177365827,21.38566002302387
2.0,27.0,27.0,False,1.6036208868026733,16.722535148739926,29.339071451301468
2.0,35.0,35.0,False,2.2696070671081543,16.220471829138116,28.803672116672644
2.0,-29.0,-29.0,False,3.234973907470703,8.76376246827827,23.562392014476114
2.0,2.0,2.0,True,3.1570836007595062,30.862511661321847,32.18312531899056
2.0,-10.0,-10.0,False,2.3775089979171753,6.467856230242591,34.308800614289396
2.0,-3.0,-3.0,False,2.480682611465454,28.56307962776888,8.135459388558868
2.0,32.0,32.0,False,2.341552197933197,23.479194765206703,23.72594719655119
2.0,-13.0,-13.0,False,2.449439227581024,6.467856230242591,30.00626524035133
2.0,23.0,23.0,False,2.123594343662262,34.57204472399203,29.339071451301468
2.0,-21.0,-21.0,False,3.405226916074753,10.223587057893246,23.562392014476114
2.0,31.0,31.0,False,1.6036208868026733,16.722535148739926,23.72594719655119
2.0,1.0,1.0,False,1.7012319564819336,5.286718753607812,15.808329277192223
2.0,21.0,21.0,False,2.3775089979171753,9.763888908182443,34.308800614289396
2.0,28.0,28.0,False,2.123594343662262,23.479194765206703,29.339071451301468
2.0,34.0,34.0,False,3.3297743797302246,9.763888908182443,24.916742543729075
2.0,40.0,40.0,False,2.373960256576538,36.675753712986584,31.280981346600168
2.0,-27.0,-27.0,False,2.368444859981537,12.234196998986977,26.248985198250775
2.0,-30.0,-30.0,False,2.449439227581024,6.467856230242591,23.562392014476114
2.0,31.0,31.0,False,2.123594343662262,36.675753712986584,29.339071451301468
2.0,2.0,2.0,True,2.3121227025985718,25.648831724959436,30.016216552242973
2.0,-17.0,-17.0,False,2.6248839497566223,6.510227080572919,15.528684715091387
2.0,18.0,18.0,False,3.1884137392044067,36.46079568158955,11.968742510043755
2.0,-22.0,-22.0,False,1.8084846138954163,13.75998741171505,21.38566002302387
2.0,13.0,13.0,False,1.5495885610580444,5.286718753607812,31.696538715746833
2.0,-2.0,-2.0,False,2.0063238739967346,19.988258348384377,14.692542586213765
2.0,-14.0,-14.0,False,1.6035115122795105,23.6592402917778,25.065093251147516
2.0,33.0,33.0,False,3.91225665807724,23.263420518047727,27.047555651548862
2.0,33.0,33.0,False,2.387457937002182,34.25650832717895,24.16772575250091
2.0,0.0,0.0,False,3.1570836007595062,30.862511661321847,23.906388665090084
2.0,4.0,4.0,False,2.568509414792061,30.421048537648137,13.535399366785288
2.0,2.0,2.0,True,3.411329686641693,24.364945299042926,23.562392014476114
2.0,-36.0,-36.0,False,2.480682611465454,28.56307962776888,22.474107318500746
2.0,-12.0,-12.0,False,3.4290948808193207,33.427525952575664,30.00626524035133
2.0,1.0,1.0,False,3.00857812166214,8.482247382645733,30.016216552242973
2.0,2.0,2.0,True,2.350163519382477,28.281124017761524,23.42864692822031
2.0,14.0,14.0,False,2.6248839497566223,23.732384021218063,15.528684715091387
2.0,-2.0,-2.0,False,4.51180499792099,23.263420518047727,30.016216552242973
2.0,4.0,4.0,False,2.3121227025985718,25.648831724959436,23.42864692822031
2.0,-25.0,-25.0,False,3.405226916074753,10.223587057893246,36.612985834223934
2.0,-29.0,-29.0,False,2.568509414792061,23.6592402917778,13.535399366785288
2.0,21.0,21.0,False,1.6035115122795105,8.482247382645733,25.065093251147516
2.0,-37.0,-37.0,False,4.278972864151001,18.313921564017317,30.016216552242973
2.0,-13.0,-13.0,False,1.6035115122795105,6.467856230242591,25.065093251147516
2.0,4.0,4.0,False,2.9803953170776367,23.479194765206703,34.00196486293255
2.0,-35.0,-35.0,False,1.7012319564819336,23.6592402917778,15.808329277192223
2.0,1.0,1.0,False,1.8619826138019562,11.495731556741319,22.474107318500746
2.0,0.0,0.0,False,2.890467405319214,33.427525952575664,36.44841779459026
2.0,31.0,31.0,False,2.3788015842437744,8.700424843861596,29.1146966612401
2.0,-26.0,-26.0,False,2.084552079439163,14.863353112506958,14.76575950278728
2.0,-2.0,-2.0,False,3.7982547879219055,23.263420518047727,27.045413589883662
2.0,14.0,14.0,False,3.3669249415397644,24.364945299042926,36.50276534173807
2.0,34.0,34.0,False,3.676072418689728,23.263420518047727,24.916742543729075
2.0,-17.0,-17.0,False,2.6248839497566223,14.062946227729235,15.528684715091387
2.0,-7.0,-7.0,False,1.837521255016327,8.120211143661177,34.308800614289396
2.0,-34.0,-34.0,False,2.3305991291999817,6.467856230242591,14.692542586213765
2.0,2.0,2.0,True,2.736549973487854,16.220471829138116,23.562392014476114
2.0,3.0,3.0,False,2.568509414792061,4.6943383753504175,13.535399366785288
2.0,-1.0,-1.0,False,2.5483654737472534,5.795052624941579,23.906388665090084
2.0,5.0,5.0,False,2.6888810992240906,23.21375651207,23.42864692822031
2.0,-2.0,-2.0,False,2.3305991291999817,24.364945299042926,14.692542586213765
2.0,-18.0,-18.0,False,2.568509414792061,25.076528756271497,13.535399366785288
2.0,33.0,33.0,False,2.2696070671081543,18.081106034097022,28.803672116672644
2.0,9.0,9.0,False,3.2865447402000427,10.223587057893246,31.87349155821069
2.0,-33.0,-33.0,False,1.7012319564819336,8.76376246827827,15.808329277192223
2.0,35.0,35.0,False,2.0063238739967346,19.988258348384377,28.803672116672644
2.0,-17.0,-17.0,False,1.5495885610580444,14.863353112506958,31.696538715746833
2.0,-30.0,-30.0,False,2.084552079439163,8.76376246827827,14.76575950278728
2.0,-22.0,-22.0,False,1.8084846138954163,6.467856230242591,21.38566002302387
2.0,3.0,3.0,False,2.5483654737472534,5.795052624941579,13.535399366785288
2.0,17.0,17.0,False,1.8619826138019562,11.495731556741319,11.968742510043755
2.0,0.0,0.0,False,3.00857812166214,8.482247382645733,36.612985834223934
2.0,35.0,35.0,False,2.890467405319214,4.834388990326496,36.44841779459026
2.0,-2.0,-2.0,False,2.890467405319214,23.6592402917778,36.44841779459026
2.0,-5.0,-5.0,False,2.4381159245967865,28.56307962776888,29.1146966612401
1.0,6.0,6.0,False,1.3801270127296448,30.247745666363862,31.29596351214195
1.0,-34.0,-34.0,False,1.7012319564819336,24.188339731390858,15.808329277192223
1.0,-24.0,-24.0,False,2.722721219062805,23.680942885984045,26.072068321904023
1.0,23.0,23.0,False,2.3775089979171753,30.83193073862865,34.308800614289396
1.0,-8.0,-8.0,False,2.123594343662262,21.981470194026357,29.339071451301468
1.0,35.0,35.0,False,3.435179114341736,24.245077754435094,24.16772575250091
1.0,-1.0,-1.0,False,1.9722947478294373,31.184738617927472,10.585946508875319
1.0,0.0,0.0,False,3.8955968618392944,28.28699447712804,8.135459388558868
1.0,24.0,24.0,False,1.6605515480041504,15.06432841113455,8.135459388558868
1.0,1.0,1.0,True,4.018570363521576,24.245077754435094,30.016216552242973
1.0,33.0,33.0,False,2.341552197933197,20.179734404624217,23.72594719655119
1.0,1.0,1.0,True,2.573677182197571,20.179734404624217,30.016216552242973
1.0,-37.0,-37.0,False,3.7982547879219055,29.150325193603283,27.045413589883662
1.0,32.0,32.0,False,2.970879375934601,15.03727366720265,24.916742543729075
1.0,-24.0,-24.0,False,2.568509414792061,16.683474537381755,13.535399366785288
1.0,25.0,25.0,False,1.3801270127296448,30.247745666363862,34.308800614289396
1.0,-21.0,-21.0,False,2.9015108942985535,29.693978335611277,27.045413589883662
1.0,-8.0,-8.0,False,2.2772083282470703,29.924657324770553,9.51950500259256
1.0,-29.0,-29.0,False,2.8774240016937256,37.11462956219639,31.29596351214195
1.0,23.0,23.0,False,3.056999146938324,29.18808296487295,24.916742543729075
1.0,1.0,1.0,True,3.539998710155487,9.600123372874645,19.46785541763056
1.0,3.0,3.0,False,2.6830013394355774,14.424610444730865,36.902011934857875
1.0,6.0,6.0,False,4.26789528131485,16.683474537381755,21.49025461094885
1.0,3.0,3.0,False,2.5141602158546448,22.437379055706693,34.00196486293255
1.0,-34.0,-34.0,False,2.5154536962509155,30.59119433443037,23.42864692822031
1.0,-2.0,-2.0,False,1.3331829607486725,24.9618043943018,8.135459388558868
1.0,13.0,13.0,False,0.7274511456489563,3.5996983931613653,26.727471392759572
1.0,-9.0,-9.0,False,4.317057907581329,16.683474537381755,30.00626524035133
1.0,-17.0,-17.0,False,1.9722947478294373,23.84708366237766,10.585946508875319
1.0,38.0,38.0,False,1.3801270127296448,30.247745666363862,24.916742543729075
1.0,12.0,12.0,False,1.8084846138954163,9.600123372874645,21.38566002302387
1.0,-34.0,-34.0,False,4.127482771873474,29.150325193603283,32.18312531899056
1.0,-19.0,-19.0,False,1.5495885610580444,28.326033096799428,31.696538715746833
1.0,15.0,15.0,False,0.7274511456489563,3.5996983931613653,28.803672116672644
1.0,34.0,34.0,False,3.2865447402000427,24.245077754435094,31.87349155821069
1.0,-10.0,-10.0,False,2.3775089979171753,37.11462956219639,34.308800614289396
1.0,25.0,25.0,False,2.123594343662262,34.69268353196988,29.339071451301468
1.0,-12.0,-12.0,False,3.056999146938324,29.18808296487295,23.906388665090084
1.0,1.0,1.0,True,4.0842107236385345,24.188339731390858,26.727471392759572
1.0,-35.0,-35.0,False,2.2784780263900757,25.48482121510219,27.045413589883662
1.0,-10.0,-10.0,False,2.334719657897949,32.43827674832433,22.80535300140734
1.0,-16.0,-16.0,False,1.9722947478294373,21.981470194026357,10.585946508875319
1.0,-1.0,-1.0,False,2.341552197933197,28.28699447712804,23.72594719655119
1.0,-10.0,-10.0,False,2.3775089979171753,24.188339731390858,34.308800614289396
1.0,-23.0,-23.0,False,2.703454911708832,10.769189429989794,36.612985834223934
1.0,-2.0,-2.0,False,1.3331829607486725,24.9618043943018,31.87349155821069
1.0,4.0,4.0,False,3.930945575237274,30.83193073862865,34.00196486293255
1.0,-1.0,-1.0,False,1.3331829607486725,24.9618043943018,26.727471392759572
1.0,-5.0,-5.0,False,2.9130491614341736,31.184738617927472,11.968742510043755
1.0,4.0,4.0,False,2.573677182197571,20.179734404624217,32.18312531899056
1.0,12.0,12.0,False,2.9130491614341736,31.184738617927472,8.135459388558868
1.0,-9.0,-9.0,False,1.9722947478294373,23.680942885984045,10.585946508875319
1.0,-27.0,-27.0,False,1.1229265928268433,20.185709611137973,36.3014220182513
1.0,-6.0,-6.0,False,1.9722947478294373,15.230308952579248,10.585946508875319
1.0,5.0,5.0,False,2.568509414792061,26.447334228048025,13.535399366785288
1.0,-11.0,-11.0,False,2.084552079439163,29.18808296487295,14.76575950278728
1.0,35.0,35.0,False,2.573677182197571,20.179734404624217,26.727471392759572
1.0,3.0,3.0,False,1.3801270127296448,30.247745666363862,22.80535300140734
1.0,-3.0,-3.0,False,2.8870811834931374,21.981470194026357,8.135459388558868
1.0,13.0,13.0,False,2.9130491614341736,31.184738617927472,24.16772575250091
1.0,16.0,16.0,False,4.038053870201111,13.596139702173753,30.00626524035133
1.0,-9.0,-9.0,False,2.2772083282470703,29.924657324770553,23.906388665090084
1.0,-26.0,-26.0,False,4.127482771873474,16.683474537381755,32.18312531899056
1.0,19.0,19.0,False,2.5141602158546448,22.437379055706693,30.00626524035133
1.0,1.0,1.0,True,2.5141602158546448,22.437379055706693,23.42864692822031
1.0,-2.0,-2.0,False,2.123594343662262,28.326033096799428,29.339071451301468
1.0,-37.0,-37.0,False,5.125153660774231,29.150325193603283,30.016216552242973
1.0,11.0,11.0,False,1.6605515480041504,15.06432841113455,10.585946508875319
1.0,1.0,1.0,True,4.077518820762634,30.83193073862865,23.906388665090084
1.0,-5.0,-5.0,False,2.3305991291999817,13.596139702173753,14.692542586213765
1.0,-27.0,-27.0,False,3.1660008430480957,23.680942885984045,36.3014220182513
1.0,-12.0,-12.0,False,2.84987473487854,29.18808296487295,22.80535300140734
1.0,-35.0,-35.0,False,2.2784780263900757,25.48482121510219,22.474107318500746
1.0,4.0,4.0,False,1.3557932376861572,14.424610444730865,29.57227402584853
1.0,30.0,30.0,False,1.3801270127296448,30.247745666363862,29.339071451301468
1.0,36.0,36.0,False,4.26789528131485,24.083683666950257,21.49025461094885
1.0,7.0,7.0,False,2.5699331164360046,31.379762219731013,31.178371523061916
1.0,-33.0,-33.0,False,2.3305991291999817,18.009547456587143,14.692542586213765
1.0,19.0,19.0,False,2.341552197933197,29.18808296487295,23.72594719655119
1.0,-30.0,-30.0,False,1.7012319564819336,16.683474537381755,15.808329277192223
1.0,13.0,13.0,False,1.3801270127296448,30.247745666363862,21.38566002302387
1.0,-34.0,-34.0,False,4.039536148309708,28.00687439862439,23.906388665090084
1.0,-36.0,-36.0,False,1.7012319564819336,28.00687439862439,15.808329277192223
